task_id,family,model,dataset,seq_len,pred_len,seed,source_status,completion_status,mse,mae,mape,rmse,param_count,forward_active_param_count,inactive_registered_param_count,t_train,t_inf,forward_ms_per_sample,test_peak_gpu_mem_mb,train_peak_gpu_mem_mb,n_test_samples,result_dir,checkpoint_path,metrics_path,audit_error
0,asy2echo,Asy2+Echo,ETTh1,96,96,2026,not_available,ok,0.3754960936562684,0.3942345315568325,9.382319215466193,0.612777360593771,2114,,,21.832114219665527,1.740544080734253,0.16514623581132512,37.9404296875,71.63037109375,2785,results/complete_completion_0716v2_r2_20260717T001808_full_asy2echo_ETTh1_l96_h96_s2026_AsyCycleV2_ETTh1_ftM_sl96_pl96_cycle24_seed2026,checkpoints/completion_0716v2/complete_completion_0716v2_r2_20260717T001808_full_asy2echo_ETTh1_l96_h96_s2026_AsyCycleV2_ETTh1_ftM_sl96_pl96_cycle24_seed2026/checkpoint.pth,results/complete_completion_0716v2_r2_20260717T001808_full_asy2echo_ETTh1_l96_h96_s2026_AsyCycleV2_ETTh1_ftM_sl96_pl96_cycle24_seed2026/metrics_summary.csv,
1,asy2echo,Asy2+Echo,ETTh1,96,192,2026,not_available,ok,0.4219389771733062,0.4201308585679385,9.38695907981597,0.6495683006222719,2178,,,25.353785753250122,1.6920630931854248,0.15594977843923258,42.53662109375,77.32275390625,2689,results/complete_completion_0716v2_r2_20260717T001808_full_asy2echo_ETTh1_l96_h192_s2026_AsyCycleV2_ETTh1_ftM_sl96_pl192_cycle24_seed2026,checkpoints/completion_0716v2/complete_completion_0716v2_r2_20260717T001808_full_asy2echo_ETTh1_l96_h192_s2026_AsyCycleV2_ETTh1_ftM_sl96_pl192_cycle24_seed2026/checkpoint.pth,results/complete_completion_0716v2_r2_20260717T001808_full_asy2echo_ETTh1_l96_h192_s2026_AsyCycleV2_ETTh1_ftM_sl96_pl192_cycle24_seed2026/metrics_summary.csv,
2,asy2echo,Asy2+Echo,ETTh1,96,336,2026,not_available,ok,0.4620713046961234,0.4388333503851341,9.054232288397449,0.6797582693105861,2274,,,25.079246282577515,1.6757049560546875,0.15792597143788234,50.40283203125,87.4775390625,2545,results/complete_completion_0716v2_r2_20260717T001808_full_asy2echo_ETTh1_l96_h336_s2026_AsyCycleV2_ETTh1_ftM_sl96_pl336_cycle24_seed2026,checkpoints/completion_0716v2/complete_completion_0716v2_r2_20260717T001808_full_asy2echo_ETTh1_l96_h336_s2026_AsyCycleV2_ETTh1_ftM_sl96_pl336_cycle24_seed2026/checkpoint.pth,results/complete_completion_0716v2_r2_20260717T001808_full_asy2echo_ETTh1_l96_h336_s2026_AsyCycleV2_ETTh1_ftM_sl96_pl336_cycle24_seed2026/metrics_summary.csv,
3,asy2echo,Asy2+Echo,ETTh1,96,720,2026,not_available,ok,0.4683797315967553,0.45951685558614097,9.338590528362928,0.684382737652518,2530,,,24.34902286529541,1.6795189380645752,0.1860215516078076,68.48779296875,110.67236328125,2161,results/complete_completion_0716v2_r2_20260717T001808_full_asy2echo_ETTh1_l96_h720_s2026_AsyCycleV2_ETTh1_ftM_sl96_pl720_cycle24_seed2026,checkpoints/completion_0716v2/complete_completion_0716v2_r2_20260717T001808_full_asy2echo_ETTh1_l96_h720_s2026_AsyCycleV2_ETTh1_ftM_sl96_pl720_cycle24_seed2026/checkpoint.pth,results/complete_completion_0716v2_r2_20260717T001808_full_asy2echo_ETTh1_l96_h720_s2026_AsyCycleV2_ETTh1_ftM_sl96_pl720_cycle24_seed2026/metrics_summary.csv,
4,asy2echo,Asy2+Echo,ETTh1,720,96,2026,not_available,ok,0.3681607343397875,0.4029642581236906,9.520952314818786,0.6067625024173688,12098,,,20.2379367351532,1.7172229290008545,0.1511058918931112,46.205078125,83.861328125,2785,results/complete_completion_0716v2_r2_20260717T001808_full_asy2echo_ETTh1_l720_h96_s2026_AsyCycleV2_ETTh1_ftM_sl720_pl96_cycle24_seed2026,checkpoints/completion_0716v2/complete_completion_0716v2_r2_20260717T001808_full_asy2echo_ETTh1_l720_h96_s2026_AsyCycleV2_ETTh1_ftM_sl720_pl96_cycle24_seed2026/checkpoint.pth,results/complete_completion_0716v2_r2_20260717T001808_full_asy2echo_ETTh1_l720_h96_s2026_AsyCycleV2_ETTh1_ftM_sl720_pl96_cycle24_seed2026/metrics_summary.csv,
5,asy2echo,Asy2+Echo,ETTh1,720,192,2026,not_available,ok,0.4064376322023685,0.4260781246180621,9.574464093308892,0.637524613016916,12162,,,18.533289670944214,1.602837324142456,0.15694859401970912,51.76220703125,90.35595703125,2689,results/complete_completion_0716v2_r2_20260717T001808_full_asy2echo_ETTh1_l720_h192_s2026_AsyCycleV2_ETTh1_ftM_sl720_pl192_cycle24_seed2026,checkpoints/completion_0716v2/complete_completion_0716v2_r2_20260717T001808_full_asy2echo_ETTh1_l720_h192_s2026_AsyCycleV2_ETTh1_ftM_sl720_pl192_cycle24_seed2026/checkpoint.pth,results/complete_completion_0716v2_r2_20260717T001808_full_asy2echo_ETTh1_l720_h192_s2026_AsyCycleV2_ETTh1_ftM_sl720_pl192_cycle24_seed2026/metrics_summary.csv,
6,asy2echo,Asy2+Echo,ETTh1,720,336,2026,not_available,ok,0.4369542121070452,0.4444607024877635,9.458282142878561,0.6610251221451763,12258,,,19.417227506637573,1.6156485080718994,0.14607497584257706,58.40966796875,98.9248046875,2545,results/complete_completion_0716v2_r2_20260717T001808_full_asy2echo_ETTh1_l720_h336_s2026_AsyCycleV2_ETTh1_ftM_sl720_pl336_cycle24_seed2026,checkpoints/completion_0716v2/complete_completion_0716v2_r2_20260717T001808_full_asy2echo_ETTh1_l720_h336_s2026_AsyCycleV2_ETTh1_ftM_sl720_pl336_cycle24_seed2026/checkpoint.pth,results/complete_completion_0716v2_r2_20260717T001808_full_asy2echo_ETTh1_l720_h336_s2026_AsyCycleV2_ETTh1_ftM_sl720_pl336_cycle24_seed2026/metrics_summary.csv,
7,asy2echo,Asy2+Echo,ETTh1,720,720,2026,not_available,ok,0.49447243730637125,0.5018207590838114,10.683788975418915,0.7031873415430423,12514,,,19.283876180648804,1.6208724975585938,0.17212116715878814,77.76806640625,122.5380859375,2161,results/complete_completion_0716v2_r2_20260717T001808_full_asy2echo_ETTh1_l720_h720_s2026_AsyCycleV2_ETTh1_ftM_sl720_pl720_cycle24_seed2026,checkpoints/completion_0716v2/complete_completion_0716v2_r2_20260717T001808_full_asy2echo_ETTh1_l720_h720_s2026_AsyCycleV2_ETTh1_ftM_sl720_pl720_cycle24_seed2026/checkpoint.pth,results/complete_completion_0716v2_r2_20260717T001808_full_asy2echo_ETTh1_l720_h720_s2026_AsyCycleV2_ETTh1_ftM_sl720_pl720_cycle24_seed2026/metrics_summary.csv,
8,asy2echo,Asy2+Echo,ETTh2,96,96,2026,not_available,ok,0.28480138841702946,0.33617280534625665,1.4545143263308677,0.5336678633916694,2114,,,19.372002601623535,1.5730688571929932,0.15461704922803216,37.9404296875,71.63037109375,2785,results/complete_completion_0716v2_r2_20260717T001808_full_asy2echo_ETTh2_l96_h96_s2026_AsyCycleV2_ETTh2_ftM_sl96_pl96_cycle24_seed2026,checkpoints/completion_0716v2/complete_completion_0716v2_r2_20260717T001808_full_asy2echo_ETTh2_l96_h96_s2026_AsyCycleV2_ETTh2_ftM_sl96_pl96_cycle24_seed2026/checkpoint.pth,results/complete_completion_0716v2_r2_20260717T001808_full_asy2echo_ETTh2_l96_h96_s2026_AsyCycleV2_ETTh2_ftM_sl96_pl96_cycle24_seed2026/metrics_summary.csv,
9,asy2echo,Asy2+Echo,ETTh2,96,192,2026,not_available,ok,0.3734630003225675,0.39279665643892064,1.60661301341688,0.6111161921619878,2178,,,17.356018543243408,1.6838490962982178,0.1602504168962315,42.53662109375,77.32275390625,2689,results/complete_completion_0716v2_r2_20260717T001808_full_asy2echo_ETTh2_l96_h192_s2026_AsyCycleV2_ETTh2_ftM_sl96_pl192_cycle24_seed2026,checkpoints/completion_0716v2/complete_completion_0716v2_r2_20260717T001808_full_asy2echo_ETTh2_l96_h192_s2026_AsyCycleV2_ETTh2_ftM_sl96_pl192_cycle24_seed2026/checkpoint.pth,results/complete_completion_0716v2_r2_20260717T001808_full_asy2echo_ETTh2_l96_h192_s2026_AsyCycleV2_ETTh2_ftM_sl96_pl192_cycle24_seed2026/metrics_summary.csv,
10,asy2echo,Asy2+Echo,ETTh2,96,336,2026,not_available,ok,0.42461444181179797,0.43637680510759275,1.8405976365597048,0.6516244637916827,2274,,,17.803494691848755,1.6648108959197998,0.16173290505946736,50.40283203125,87.4775390625,2545,results/complete_completion_0716v2_r2_20260717T001808_full_asy2echo_ETTh2_l96_h336_s2026_AsyCycleV2_ETTh2_ftM_sl96_pl336_cycle24_seed2026,checkpoints/completion_0716v2/complete_completion_0716v2_r2_20260717T001808_full_asy2echo_ETTh2_l96_h336_s2026_AsyCycleV2_ETTh2_ftM_sl96_pl336_cycle24_seed2026/checkpoint.pth,results/complete_completion_0716v2_r2_20260717T001808_full_asy2echo_ETTh2_l96_h336_s2026_AsyCycleV2_ETTh2_ftM_sl96_pl336_cycle24_seed2026/metrics_summary.csv,
11,asy2echo,Asy2+Echo,ETTh2,96,720,2026,not_available,ok,0.4499074260096965,0.4568775615460436,2.1479059753278844,0.6707513891224501,2530,,,26.681714296340942,1.5853753089904785,0.18301360310847867,68.48779296875,110.67236328125,2161,results/complete_completion_0716v2_r2_20260717T001808_full_asy2echo_ETTh2_l96_h720_s2026_AsyCycleV2_ETTh2_ftM_sl96_pl720_cycle24_seed2026,checkpoints/completion_0716v2/complete_completion_0716v2_r2_20260717T001808_full_asy2echo_ETTh2_l96_h720_s2026_AsyCycleV2_ETTh2_ftM_sl96_pl720_cycle24_seed2026/checkpoint.pth,results/complete_completion_0716v2_r2_20260717T001808_full_asy2echo_ETTh2_l96_h720_s2026_AsyCycleV2_ETTh2_ftM_sl96_pl720_cycle24_seed2026/metrics_summary.csv,
12,asy2echo,Asy2+Echo,ETTh2,720,96,2026,not_available,ok,0.2701970989629821,0.3358945576414043,1.4934536424642908,0.5198048662363427,12098,,,35.4302339553833,1.0450122356414795,0.06382348788383833,46.205078125,83.861328125,2785,results/complete_completion_0716v2_r2_20260717T001808_full_asy2echo_ETTh2_l720_h96_s2026_AsyCycleV2_ETTh2_ftM_sl720_pl96_cycle24_seed2026,checkpoints/completion_0716v2/complete_completion_0716v2_r2_20260717T001808_full_asy2echo_ETTh2_l720_h96_s2026_AsyCycleV2_ETTh2_ftM_sl720_pl96_cycle24_seed2026/checkpoint.pth,results/complete_completion_0716v2_r2_20260717T001808_full_asy2echo_ETTh2_l720_h96_s2026_AsyCycleV2_ETTh2_ftM_sl720_pl96_cycle24_seed2026/metrics_summary.csv,
13,asy2echo,Asy2+Echo,ETTh2,720,192,2026,not_available,ok,0.34385461500183256,0.38911411616371966,1.6807822478237144,0.5863911791644146,12162,,,17.188644886016846,1.6326303482055664,0.15664944932967503,51.76220703125,90.35595703125,2689,results/complete_completion_0716v2_r2_20260717T001808_full_asy2echo_ETTh2_l720_h192_s2026_AsyCycleV2_ETTh2_ftM_sl720_pl192_cycle24_seed2026,checkpoints/completion_0716v2/complete_completion_0716v2_r2_20260717T001808_full_asy2echo_ETTh2_l720_h192_s2026_AsyCycleV2_ETTh2_ftM_sl720_pl192_cycle24_seed2026/checkpoint.pth,results/complete_completion_0716v2_r2_20260717T001808_full_asy2echo_ETTh2_l720_h192_s2026_AsyCycleV2_ETTh2_ftM_sl720_pl192_cycle24_seed2026/metrics_summary.csv,
14,asy2echo,Asy2+Echo,ETTh2,720,336,2026,not_available,ok,0.37455703150482106,0.41521372550351726,1.8698483321258719,0.6120106465616599,12258,,,16.998162746429443,1.702589750289917,0.16229196885245722,58.40966796875,98.9248046875,2545,results/complete_completion_0716v2_r2_20260717T001808_full_asy2echo_ETTh2_l720_h336_s2026_AsyCycleV2_ETTh2_ftM_sl720_pl336_cycle24_seed2026,checkpoints/completion_0716v2/complete_completion_0716v2_r2_20260717T001808_full_asy2echo_ETTh2_l720_h336_s2026_AsyCycleV2_ETTh2_ftM_sl720_pl336_cycle24_seed2026/checkpoint.pth,results/complete_completion_0716v2_r2_20260717T001808_full_asy2echo_ETTh2_l720_h336_s2026_AsyCycleV2_ETTh2_ftM_sl720_pl336_cycle24_seed2026/metrics_summary.csv,
15,asy2echo,Asy2+Echo,ETTh2,720,720,2026,not_available,ok,0.4401197019642287,0.4651919309935799,2.379295502676821,0.6634151806856915,12514,,,17.82520866394043,1.7825658321380615,0.18078036096045288,77.76806640625,122.5380859375,2161,results/complete_completion_0716v2_r2_20260717T001808_full_asy2echo_ETTh2_l720_h720_s2026_AsyCycleV2_ETTh2_ftM_sl720_pl720_cycle24_seed2026,checkpoints/completion_0716v2/complete_completion_0716v2_r2_20260717T001808_full_asy2echo_ETTh2_l720_h720_s2026_AsyCycleV2_ETTh2_ftM_sl720_pl720_cycle24_seed2026/checkpoint.pth,results/complete_completion_0716v2_r2_20260717T001808_full_asy2echo_ETTh2_l720_h720_s2026_AsyCycleV2_ETTh2_ftM_sl720_pl720_cycle24_seed2026/metrics_summary.csv,
16,asy2echo,Asy2+Echo,ETTm1,96,96,2026,not_available,ok,0.3281918514114976,0.3628392379266891,2.247570911980808,0.5728803115935279,3346,,,44.28592658042908,1.8928520679473877,0.040245070417678594,37.94287109375,71.6240234375,11425,results/complete_completion_0716v2_r2_20260717T001808_full_asy2echo_ETTm1_l96_h96_s2026_AsyCycleV2_ETTm1_ftM_sl96_pl96_cycle96_seed2026,checkpoints/completion_0716v2/complete_completion_0716v2_r2_20260717T001808_full_asy2echo_ETTm1_l96_h96_s2026_AsyCycleV2_ETTm1_ftM_sl96_pl96_cycle96_seed2026/checkpoint.pth,results/complete_completion_0716v2_r2_20260717T001808_full_asy2echo_ETTm1_l96_h96_s2026_AsyCycleV2_ETTm1_ftM_sl96_pl96_cycle96_seed2026/metrics_summary.csv,
17,asy2echo,Asy2+Echo,ETTm1,96,192,2026,not_available,ok,0.3659421406816873,0.3801210035143369,2.2834045578724274,0.6049315173486064,3378,,,76.25977349281311,1.9636270999908447,0.0442428397134266,42.54150390625,77.33740234375,11329,results/complete_completion_0716v2_r2_20260717T001808_full_asy2echo_ETTm1_l96_h192_s2026_AsyCycleV2_ETTm1_ftM_sl96_pl192_cycle96_seed2026,checkpoints/completion_0716v2/complete_completion_0716v2_r2_20260717T001808_full_asy2echo_ETTm1_l96_h192_s2026_AsyCycleV2_ETTm1_ftM_sl96_pl192_cycle96_seed2026/checkpoint.pth,results/complete_completion_0716v2_r2_20260717T001808_full_asy2echo_ETTm1_l96_h192_s2026_AsyCycleV2_ETTm1_ftM_sl96_pl192_cycle96_seed2026/metrics_summary.csv,
18,asy2echo,Asy2+Echo,ETTm1,96,336,2026,not_available,ok,0.39413771197368225,0.4010766196952487,2.3402767914389435,0.6278038801836783,3410,,,72.824227809906,1.8363566398620605,0.04317334432206518,50.4072265625,87.4951171875,11185,results/complete_completion_0716v2_r2_20260717T001808_full_asy2echo_ETTm1_l96_h336_s2026_AsyCycleV2_ETTm1_ftM_sl96_pl336_cycle96_seed2026,checkpoints/completion_0716v2/complete_completion_0716v2_r2_20260717T001808_full_asy2echo_ETTm1_l96_h336_s2026_AsyCycleV2_ETTm1_ftM_sl96_pl336_cycle96_seed2026/checkpoint.pth,results/complete_completion_0716v2_r2_20260717T001808_full_asy2echo_ETTm1_l96_h336_s2026_AsyCycleV2_ETTm1_ftM_sl96_pl336_cycle96_seed2026/metrics_summary.csv,
19,asy2echo,Asy2+Echo,ETTm1,96,720,2026,not_available,ok,0.4580643758183169,0.43454527714280505,2.4724065699258406,0.6768045329475246,3474,,,96.05733895301819,1.9650347232818604,0.04325984676172199,68.4912109375,110.6826171875,10801,results/complete_completion_0716v2_r2_20260717T001808_full_asy2echo_ETTm1_l96_h720_s2026_AsyCycleV2_ETTm1_ftM_sl96_pl720_cycle96_seed2026,checkpoints/completion_0716v2/complete_completion_0716v2_r2_20260717T001808_full_asy2echo_ETTm1_l96_h720_s2026_AsyCycleV2_ETTm1_ftM_sl96_pl720_cycle96_seed2026/checkpoint.pth,results/complete_completion_0716v2_r2_20260717T001808_full_asy2echo_ETTm1_l96_h720_s2026_AsyCycleV2_ETTm1_ftM_sl96_pl720_cycle96_seed2026/metrics_summary.csv,
20,asy2echo,Asy2+Echo,ETTm1,720,96,2026,not_available,ok,0.2941391493222654,0.34469071328589107,2.1801867090168563,0.5423459682917035,13330,,,59.49881339073181,2.0716018676757812,0.04079992094492903,46.20751953125,83.876953125,11425,results/complete_completion_0716v2_r2_20260717T001808_full_asy2echo_ETTm1_l720_h96_s2026_AsyCycleV2_ETTm1_ftM_sl720_pl96_cycle96_seed2026,checkpoints/completion_0716v2/complete_completion_0716v2_r2_20260717T001808_full_asy2echo_ETTm1_l720_h96_s2026_AsyCycleV2_ETTm1_ftM_sl720_pl96_cycle96_seed2026/checkpoint.pth,results/complete_completion_0716v2_r2_20260717T001808_full_asy2echo_ETTm1_l720_h96_s2026_AsyCycleV2_ETTm1_ftM_sl720_pl96_cycle96_seed2026/metrics_summary.csv,
21,asy2echo,Asy2+Echo,ETTm1,720,192,2026,not_available,ok,0.3312302549809938,0.3666700068211001,2.263103080376311,0.5755260680290631,13362,,,73.07324481010437,1.3905625343322754,0.020446355191314828,51.76708984375,90.37548828125,11329,results/complete_completion_0716v2_r2_20260717T001808_full_asy2echo_ETTm1_l720_h192_s2026_AsyCycleV2_ETTm1_ftM_sl720_pl192_cycle96_seed2026,checkpoints/completion_0716v2/complete_completion_0716v2_r2_20260717T001808_full_asy2echo_ETTm1_l720_h192_s2026_AsyCycleV2_ETTm1_ftM_sl720_pl192_cycle96_seed2026/checkpoint.pth,results/complete_completion_0716v2_r2_20260717T001808_full_asy2echo_ETTm1_l720_h192_s2026_AsyCycleV2_ETTm1_ftM_sl720_pl192_cycle96_seed2026/metrics_summary.csv,
22,asy2echo,Asy2+Echo,ETTm1,720,336,2026,not_available,ok,0.3577602227544807,0.3839557374748984,2.355597619961468,0.5981306067695255,13394,,,79.77809834480286,2.0872302055358887,0.038672203783430475,58.4140625,98.93798828125,11185,results/complete_completion_0716v2_r2_20260717T001808_full_asy2echo_ETTm1_l720_h336_s2026_AsyCycleV2_ETTm1_ftM_sl720_pl336_cycle96_seed2026,checkpoints/completion_0716v2/complete_completion_0716v2_r2_20260717T001808_full_asy2echo_ETTm1_l720_h336_s2026_AsyCycleV2_ETTm1_ftM_sl720_pl336_cycle96_seed2026/checkpoint.pth,results/complete_completion_0716v2_r2_20260717T001808_full_asy2echo_ETTm1_l720_h336_s2026_AsyCycleV2_ETTm1_ftM_sl720_pl336_cycle96_seed2026/metrics_summary.csv,
23,asy2echo,Asy2+Echo,ETTm1,720,720,2026,not_available,ok,0.4123546672987043,0.41167089842651516,2.4632051530523027,0.6421484776114511,13458,,,80.63255834579468,2.180511236190796,0.03921973459790254,77.771484375,122.5517578125,10801,results/complete_completion_0716v2_r2_20260717T001808_full_asy2echo_ETTm1_l720_h720_s2026_AsyCycleV2_ETTm1_ftM_sl720_pl720_cycle96_seed2026,checkpoints/completion_0716v2/complete_completion_0716v2_r2_20260717T001808_full_asy2echo_ETTm1_l720_h720_s2026_AsyCycleV2_ETTm1_ftM_sl720_pl720_cycle96_seed2026/checkpoint.pth,results/complete_completion_0716v2_r2_20260717T001808_full_asy2echo_ETTm1_l720_h720_s2026_AsyCycleV2_ETTm1_ftM_sl720_pl720_cycle96_seed2026/metrics_summary.csv,
24,asy2echo,Asy2+Echo,ETTm2,96,96,2026,not_available,ok,0.1693668992234771,0.2514329964917421,1.0767119379324688,0.41154209896859534,3346,,,42.106088399887085,2.018383502960205,0.04118026615297768,37.94287109375,71.6240234375,11425,results/complete_completion_0716v2_r2_20260717T001808_full_asy2echo_ETTm2_l96_h96_s2026_AsyCycleV2_ETTm2_ftM_sl96_pl96_cycle96_seed2026,checkpoints/completion_0716v2/complete_completion_0716v2_r2_20260717T001808_full_asy2echo_ETTm2_l96_h96_s2026_AsyCycleV2_ETTm2_ftM_sl96_pl96_cycle96_seed2026/checkpoint.pth,results/complete_completion_0716v2_r2_20260717T001808_full_asy2echo_ETTm2_l96_h96_s2026_AsyCycleV2_ETTm2_ftM_sl96_pl96_cycle96_seed2026/metrics_summary.csv,
25,asy2echo,Asy2+Echo,ETTm2,96,192,2026,not_available,ok,0.2360157250208354,0.2949376514721814,1.204965401650431,0.48581449651161646,3378,,,55.19367980957031,1.2233121395111084,0.022645461028501797,42.54150390625,77.33740234375,11329,results/complete_completion_0716v2_r2_20260717T001808_full_asy2echo_ETTm2_l96_h192_s2026_AsyCycleV2_ETTm2_ftM_sl96_pl192_cycle96_seed2026,checkpoints/completion_0716v2/complete_completion_0716v2_r2_20260717T001808_full_asy2echo_ETTm2_l96_h192_s2026_AsyCycleV2_ETTm2_ftM_sl96_pl192_cycle96_seed2026/checkpoint.pth,results/complete_completion_0716v2_r2_20260717T001808_full_asy2echo_ETTm2_l96_h192_s2026_AsyCycleV2_ETTm2_ftM_sl96_pl192_cycle96_seed2026/metrics_summary.csv,
26,asy2echo,Asy2+Echo,ETTm2,96,336,2026,not_available,ok,0.2965760949381847,0.33343179058085454,1.3114918778175226,0.5445880047689122,3410,,,33.57128667831421,1.9115161895751953,0.047458213273973725,50.4072265625,87.4951171875,11185,results/complete_completion_0716v2_r2_20260717T001808_full_asy2echo_ETTm2_l96_h336_s2026_AsyCycleV2_ETTm2_ftM_sl96_pl336_cycle96_seed2026,checkpoints/completion_0716v2/complete_completion_0716v2_r2_20260717T001808_full_asy2echo_ETTm2_l96_h336_s2026_AsyCycleV2_ETTm2_ftM_sl96_pl336_cycle96_seed2026/checkpoint.pth,results/complete_completion_0716v2_r2_20260717T001808_full_asy2echo_ETTm2_l96_h336_s2026_AsyCycleV2_ETTm2_ftM_sl96_pl336_cycle96_seed2026/metrics_summary.csv,
27,asy2echo,Asy2+Echo,ETTm2,96,720,2026,not_available,ok,0.3964042621457089,0.3907540574785672,1.5119803592214813,0.6296064343268014,3474,,,40.13373851776123,2.0082931518554688,0.04482028088272418,68.4912109375,110.6826171875,10801,results/complete_completion_0716v2_r2_20260717T001808_full_asy2echo_ETTm2_l96_h720_s2026_AsyCycleV2_ETTm2_ftM_sl96_pl720_cycle96_seed2026,checkpoints/completion_0716v2/complete_completion_0716v2_r2_20260717T001808_full_asy2echo_ETTm2_l96_h720_s2026_AsyCycleV2_ETTm2_ftM_sl96_pl720_cycle96_seed2026/checkpoint.pth,results/complete_completion_0716v2_r2_20260717T001808_full_asy2echo_ETTm2_l96_h720_s2026_AsyCycleV2_ETTm2_ftM_sl96_pl720_cycle96_seed2026/metrics_summary.csv,
28,asy2echo,Asy2+Echo,ETTm2,720,96,2026,not_available,ok,0.1601231649131102,0.2518029948371194,1.0790524975153837,0.400153926524669,13330,,,56.86330246925354,1.4546587467193604,0.019038500023814207,46.20751953125,83.876953125,11425,results/complete_completion_0716v2_r2_20260717T001808_full_asy2echo_ETTm2_l720_h96_s2026_AsyCycleV2_ETTm2_ftM_sl720_pl96_cycle96_seed2026,checkpoints/completion_0716v2/complete_completion_0716v2_r2_20260717T001808_full_asy2echo_ETTm2_l720_h96_s2026_AsyCycleV2_ETTm2_ftM_sl720_pl96_cycle96_seed2026/checkpoint.pth,results/complete_completion_0716v2_r2_20260717T001808_full_asy2echo_ETTm2_l720_h96_s2026_AsyCycleV2_ETTm2_ftM_sl720_pl96_cycle96_seed2026/metrics_summary.csv,
29,asy2echo,Asy2+Echo,ETTm2,720,192,2026,not_available,ok,0.2168940551428324,0.2927810483009719,1.2257478372273987,0.4657188584788385,13362,,,52.04590392112732,1.4643402099609375,0.023389266706363217,51.76708984375,90.37548828125,11329,results/complete_completion_0716v2_r2_20260717T001808_full_asy2echo_ETTm2_l720_h192_s2026_AsyCycleV2_ETTm2_ftM_sl720_pl192_cycle96_seed2026,checkpoints/completion_0716v2/complete_completion_0716v2_r2_20260717T001808_full_asy2echo_ETTm2_l720_h192_s2026_AsyCycleV2_ETTm2_ftM_sl720_pl192_cycle96_seed2026/checkpoint.pth,results/complete_completion_0716v2_r2_20260717T001808_full_asy2echo_ETTm2_l720_h192_s2026_AsyCycleV2_ETTm2_ftM_sl720_pl192_cycle96_seed2026/metrics_summary.csv,
30,asy2echo,Asy2+Echo,ETTm2,720,336,2026,not_available,ok,0.26931366290563,0.3288908573241918,1.322265758918768,0.5189543938590655,13394,,,44.742461919784546,2.0935986042022705,0.0435976976021678,58.4140625,98.93798828125,11185,results/complete_completion_0716v2_r2_20260717T001808_full_asy2echo_ETTm2_l720_h336_s2026_AsyCycleV2_ETTm2_ftM_sl720_pl336_cycle96_seed2026,checkpoints/completion_0716v2/complete_completion_0716v2_r2_20260717T001808_full_asy2echo_ETTm2_l720_h336_s2026_AsyCycleV2_ETTm2_ftM_sl720_pl336_cycle96_seed2026/checkpoint.pth,results/complete_completion_0716v2_r2_20260717T001808_full_asy2echo_ETTm2_l720_h336_s2026_AsyCycleV2_ETTm2_ftM_sl720_pl336_cycle96_seed2026/metrics_summary.csv,
31,asy2echo,Asy2+Echo,ETTm2,720,720,2026,not_available,ok,0.3531891931494033,0.38627621116750854,1.5447852722114117,0.5942972262676339,13458,,,46.834866762161255,2.2334485054016113,0.047112811288147344,77.771484375,122.5517578125,10801,results/complete_completion_0716v2_r2_20260717T001808_full_asy2echo_ETTm2_l720_h720_s2026_AsyCycleV2_ETTm2_ftM_sl720_pl720_cycle96_seed2026,checkpoints/completion_0716v2/complete_completion_0716v2_r2_20260717T001808_full_asy2echo_ETTm2_l720_h720_s2026_AsyCycleV2_ETTm2_ftM_sl720_pl720_cycle96_seed2026/checkpoint.pth,results/complete_completion_0716v2_r2_20260717T001808_full_asy2echo_ETTm2_l720_h720_s2026_AsyCycleV2_ETTm2_ftM_sl720_pl720_cycle96_seed2026/metrics_summary.csv,
32,asy2echo,Asy2+Echo,PEMS03,96,12,2026,not_available,ok,0.0617789592780596,0.16584920656401542,1.3420353644254752,0.2485537351923314,19314,,,214.3466203212738,2.8439395427703857,0.11339434199961149,41.18798828125,77.59912109375,5230,results/complete_completion_0716v2_r2_20260717T001808_full_asy2echo_PEMS03_l96_h12_s2026_AsyCycleV2_PEMS_ftM_sl96_pl12_cycle288_seed2026,checkpoints/completion_0716v2/complete_completion_0716v2_r2_20260717T001808_full_asy2echo_PEMS03_l96_h12_s2026_AsyCycleV2_PEMS_ftM_sl96_pl12_cycle288_seed2026/checkpoint.pth,results/complete_completion_0716v2_r2_20260717T001808_full_asy2echo_PEMS03_l96_h12_s2026_AsyCycleV2_PEMS_ftM_sl96_pl12_cycle288_seed2026/metrics_summary.csv,
33,asy2echo,Asy2+Echo,PEMS03,96,24,2026,not_available,ok,0.07883697371112304,0.1872236673110143,1.5208739505282847,0.280779225925144,20082,,,227.27644753456116,3.002250909805298,0.120389832386475,42.8935546875,78.720703125,5218,results/complete_completion_0716v2_r2_20260717T001808_full_asy2echo_PEMS03_l96_h24_s2026_AsyCycleV2_PEMS_ftM_sl96_pl24_cycle288_seed2026,checkpoints/completion_0716v2/complete_completion_0716v2_r2_20260717T001808_full_asy2echo_PEMS03_l96_h24_s2026_AsyCycleV2_PEMS_ftM_sl96_pl24_cycle288_seed2026/checkpoint.pth,results/complete_completion_0716v2_r2_20260717T001808_full_asy2echo_PEMS03_l96_h24_s2026_AsyCycleV2_PEMS_ftM_sl96_pl24_cycle288_seed2026/metrics_summary.csv,
34,asy2echo,Asy2+Echo,PEMS03,96,48,2026,not_available,ok,0.1124646808987564,0.21673026918775246,1.7132382854452013,0.33535754188441386,21618,,,234.9885971546173,2.6140224933624268,0.1018610908436486,47.31298828125,85.95703125,5194,results/complete_completion_0716v2_r2_20260717T001808_full_asy2echo_PEMS03_l96_h48_s2026_AsyCycleV2_PEMS_ftM_sl96_pl48_cycle288_seed2026,checkpoints/completion_0716v2/complete_completion_0716v2_r2_20260717T001808_full_asy2echo_PEMS03_l96_h48_s2026_AsyCycleV2_PEMS_ftM_sl96_pl48_cycle288_seed2026/checkpoint.pth,results/complete_completion_0716v2_r2_20260717T001808_full_asy2echo_PEMS03_l96_h48_s2026_AsyCycleV2_PEMS_ftM_sl96_pl48_cycle288_seed2026/metrics_summary.csv,
35,asy2echo,Asy2+Echo,PEMS03,96,96,2026,not_available,ok,0.15274955960557826,0.24558066249435587,1.934065186615747,0.3908318815111918,24690,,,270.47747683525085,3.068873167037964,0.11555259009215835,56.15283203125,95.8896484375,5146,results/complete_completion_0716v2_r2_20260717T001808_full_asy2echo_PEMS03_l96_h96_s2026_AsyCycleV2_PEMS_ftM_sl96_pl96_cycle288_seed2026,checkpoints/completion_0716v2/complete_completion_0716v2_r2_20260717T001808_full_asy2echo_PEMS03_l96_h96_s2026_AsyCycleV2_PEMS_ftM_sl96_pl96_cycle288_seed2026/checkpoint.pth,results/complete_completion_0716v2_r2_20260717T001808_full_asy2echo_PEMS03_l96_h96_s2026_AsyCycleV2_PEMS_ftM_sl96_pl96_cycle288_seed2026/metrics_summary.csv,
36,asy2echo,Asy2+Echo,PEMS03,720,12,2026,not_available,ok,0.06063680626155356,0.16375897676498763,1.2879699928689035,0.2462454187625702,59250,,,507.6692235469818,5.323059558868408,0.1254133574742945,83.07421875,133.83203125,5230,results/complete_completion_0716v2_r2_20260717T001808_full_asy2echo_PEMS03_l720_h12_s2026_AsyCycleV2_PEMS_ftM_sl720_pl12_cycle288_seed2026,checkpoints/completion_0716v2/complete_completion_0716v2_r2_20260717T001808_full_asy2echo_PEMS03_l720_h12_s2026_AsyCycleV2_PEMS_ftM_sl720_pl12_cycle288_seed2026/checkpoint.pth,results/complete_completion_0716v2_r2_20260717T001808_full_asy2echo_PEMS03_l720_h12_s2026_AsyCycleV2_PEMS_ftM_sl720_pl12_cycle288_seed2026/metrics_summary.csv,
37,asy2echo,Asy2+Echo,PEMS03,720,24,2026,not_available,ok,0.07622988198765755,0.1821753435374594,1.4475760668262565,0.2760975950414229,60018,,,508.0115942955017,5.2831645011901855,0.11453118950596894,84.39013671875,135.3193359375,5218,results/complete_completion_0716v2_r2_20260717T001808_full_asy2echo_PEMS03_l720_h24_s2026_AsyCycleV2_PEMS_ftM_sl720_pl24_cycle288_seed2026,checkpoints/completion_0716v2/complete_completion_0716v2_r2_20260717T001808_full_asy2echo_PEMS03_l720_h24_s2026_AsyCycleV2_PEMS_ftM_sl720_pl24_cycle288_seed2026/checkpoint.pth,results/complete_completion_0716v2_r2_20260717T001808_full_asy2echo_PEMS03_l720_h24_s2026_AsyCycleV2_PEMS_ftM_sl720_pl24_cycle288_seed2026/metrics_summary.csv,
38,asy2echo,Asy2+Echo,PEMS03,720,48,2026,not_available,ok,0.10223373812978229,0.20773689018751995,1.6077491581852774,0.31974011029237837,61554,,,502.2937490940094,5.258517742156982,0.11188432077232076,87.5986328125,139.14794921875,5194,results/complete_completion_0716v2_r2_20260717T001808_full_asy2echo_PEMS03_l720_h48_s2026_AsyCycleV2_PEMS_ftM_sl720_pl48_cycle288_seed2026,checkpoints/completion_0716v2/complete_completion_0716v2_r2_20260717T001808_full_asy2echo_PEMS03_l720_h48_s2026_AsyCycleV2_PEMS_ftM_sl720_pl48_cycle288_seed2026/checkpoint.pth,results/complete_completion_0716v2_r2_20260717T001808_full_asy2echo_PEMS03_l720_h48_s2026_AsyCycleV2_PEMS_ftM_sl720_pl48_cycle288_seed2026/metrics_summary.csv,
39,asy2echo,Asy2+Echo,PEMS03,720,96,2026,not_available,ok,0.1366820480234647,0.23491997964187786,1.8418962573431255,0.3697053529818911,64626,,,569.7724199295044,5.643170595169067,0.12339368242491,92.9873046875,145.79931640625,5146,results/complete_completion_0716v2_r2_20260717T001808_full_asy2echo_PEMS03_l720_h96_s2026_AsyCycleV2_PEMS_ftM_sl720_pl96_cycle288_seed2026,checkpoints/completion_0716v2/complete_completion_0716v2_r2_20260717T001808_full_asy2echo_PEMS03_l720_h96_s2026_AsyCycleV2_PEMS_ftM_sl720_pl96_cycle288_seed2026/checkpoint.pth,results/complete_completion_0716v2_r2_20260717T001808_full_asy2echo_PEMS03_l720_h96_s2026_AsyCycleV2_PEMS_ftM_sl720_pl96_cycle288_seed2026/metrics_summary.csv,
40,asy2echo,Asy2+Echo,PEMS04,96,12,2026,not_available,ok,0.07145219839296561,0.1752975154067169,1.2600332467921136,0.267305440260698,18498,,,143.50844264030457,2.3652853965759277,0.15636883287794792,39.8916015625,75.708984375,3387,results/complete_completion_0716v2_r2_20260717T001808_full_asy2echo_PEMS04_l96_h12_s2026_AsyCycleV2_PEMS_ftM_sl96_pl12_cycle288_seed2026,checkpoints/completion_0716v2/complete_completion_0716v2_r2_20260717T001808_full_asy2echo_PEMS04_l96_h12_s2026_AsyCycleV2_PEMS_ftM_sl96_pl12_cycle288_seed2026/checkpoint.pth,results/complete_completion_0716v2_r2_20260717T001808_full_asy2echo_PEMS04_l96_h12_s2026_AsyCycleV2_PEMS_ftM_sl96_pl12_cycle288_seed2026/metrics_summary.csv,
41,asy2echo,Asy2+Echo,PEMS04,96,24,2026,not_available,ok,0.08467045479908952,0.19293869884787454,1.4010067273217612,0.2909818805339768,19266,,,149.3722984790802,2.4842095375061035,0.1603003832753058,41.38427734375,76.71728515625,3375,results/complete_completion_0716v2_r2_20260717T001808_full_asy2echo_PEMS04_l96_h24_s2026_AsyCycleV2_PEMS_ftM_sl96_pl24_cycle288_seed2026,checkpoints/completion_0716v2/complete_completion_0716v2_r2_20260717T001808_full_asy2echo_PEMS04_l96_h24_s2026_AsyCycleV2_PEMS_ftM_sl96_pl24_cycle288_seed2026/checkpoint.pth,results/complete_completion_0716v2_r2_20260717T001808_full_asy2echo_PEMS04_l96_h24_s2026_AsyCycleV2_PEMS_ftM_sl96_pl24_cycle288_seed2026/metrics_summary.csv,
42,asy2echo,Asy2+Echo,PEMS04,96,48,2026,not_available,ok,0.10590895580257793,0.21589795876201112,1.5132470122064934,0.3254365618712469,20802,,,150.9106912612915,1.851147174835205,0.09705651908895038,45.2060546875,81.07373046875,3351,results/complete_completion_0716v2_r2_20260717T001808_full_asy2echo_PEMS04_l96_h48_s2026_AsyCycleV2_PEMS_ftM_sl96_pl48_cycle288_seed2026,checkpoints/completion_0716v2/complete_completion_0716v2_r2_20260717T001808_full_asy2echo_PEMS04_l96_h48_s2026_AsyCycleV2_PEMS_ftM_sl96_pl48_cycle288_seed2026/checkpoint.pth,results/complete_completion_0716v2_r2_20260717T001808_full_asy2echo_PEMS04_l96_h48_s2026_AsyCycleV2_PEMS_ftM_sl96_pl48_cycle288_seed2026/metrics_summary.csv,
43,asy2echo,Asy2+Echo,PEMS04,96,96,2026,not_available,ok,0.1300708234738621,0.23862213607824473,1.6126456540976535,0.36065332866044936,23874,,,169.2332546710968,2.462857484817505,0.1642483780276151,53.0634765625,92.57275390625,3303,results/complete_completion_0716v2_r2_20260717T001808_full_asy2echo_PEMS04_l96_h96_s2026_AsyCycleV2_PEMS_ftM_sl96_pl96_cycle288_seed2026,checkpoints/completion_0716v2/complete_completion_0716v2_r2_20260717T001808_full_asy2echo_PEMS04_l96_h96_s2026_AsyCycleV2_PEMS_ftM_sl96_pl96_cycle288_seed2026/checkpoint.pth,results/complete_completion_0716v2_r2_20260717T001808_full_asy2echo_PEMS04_l96_h96_s2026_AsyCycleV2_PEMS_ftM_sl96_pl96_cycle288_seed2026/metrics_summary.csv,
44,asy2echo,Asy2+Echo,PEMS04,720,12,2026,not_available,ok,0.07070474750338707,0.17419297965459615,1.2334658644571004,0.26590364326835964,58434,,,306.5300703048706,3.427372455596924,0.15835800811160022,76.6865234375,124.970703125,3387,results/complete_completion_0716v2_r2_20260717T001808_full_asy2echo_PEMS04_l720_h12_s2026_AsyCycleV2_PEMS_ftM_sl720_pl12_cycle288_seed2026,checkpoints/completion_0716v2/complete_completion_0716v2_r2_20260717T001808_full_asy2echo_PEMS04_l720_h12_s2026_AsyCycleV2_PEMS_ftM_sl720_pl12_cycle288_seed2026/checkpoint.pth,results/complete_completion_0716v2_r2_20260717T001808_full_asy2echo_PEMS04_l720_h12_s2026_AsyCycleV2_PEMS_ftM_sl720_pl12_cycle288_seed2026/metrics_summary.csv,
45,asy2echo,Asy2+Echo,PEMS04,720,24,2026,not_available,ok,0.08173532681777554,0.18892571791008175,1.3796027595546387,0.28589390832575556,59202,,,307.77161717414856,3.7234153747558594,0.16267629657630567,77.814453125,126.27001953125,3375,results/complete_completion_0716v2_r2_20260717T001808_full_asy2echo_PEMS04_l720_h24_s2026_AsyCycleV2_PEMS_ftM_sl720_pl24_cycle288_seed2026,checkpoints/completion_0716v2/complete_completion_0716v2_r2_20260717T001808_full_asy2echo_PEMS04_l720_h24_s2026_AsyCycleV2_PEMS_ftM_sl720_pl24_cycle288_seed2026/checkpoint.pth,results/complete_completion_0716v2_r2_20260717T001808_full_asy2echo_PEMS04_l720_h24_s2026_AsyCycleV2_PEMS_ftM_sl720_pl24_cycle288_seed2026/metrics_summary.csv,
46,asy2echo,Asy2+Echo,PEMS04,720,48,2026,not_available,ok,0.09826062396456486,0.20836592131135903,1.4908788920185159,0.3134655068178393,60738,,,298.60179018974304,3.632903575897217,0.15909834443895862,80.0732421875,128.87158203125,3351,results/complete_completion_0716v2_r2_20260717T001808_full_asy2echo_PEMS04_l720_h48_s2026_AsyCycleV2_PEMS_ftM_sl720_pl48_cycle288_seed2026,checkpoints/completion_0716v2/complete_completion_0716v2_r2_20260717T001808_full_asy2echo_PEMS04_l720_h48_s2026_AsyCycleV2_PEMS_ftM_sl720_pl48_cycle288_seed2026/checkpoint.pth,results/complete_completion_0716v2_r2_20260717T001808_full_asy2echo_PEMS04_l720_h48_s2026_AsyCycleV2_PEMS_ftM_sl720_pl48_cycle288_seed2026/metrics_summary.csv,
47,asy2echo,Asy2+Echo,PEMS04,720,96,2026,not_available,ok,0.11781022849188824,0.22785020138897025,1.5695107469520573,0.34323494648984715,63810,,,322.04498171806335,3.807990074157715,0.16784454917785005,85.19140625,136.06494140625,3303,results/complete_completion_0716v2_r2_20260717T001808_full_asy2echo_PEMS04_l720_h96_s2026_AsyCycleV2_PEMS_ftM_sl720_pl96_cycle288_seed2026,checkpoints/completion_0716v2/complete_completion_0716v2_r2_20260717T001808_full_asy2echo_PEMS04_l720_h96_s2026_AsyCycleV2_PEMS_ftM_sl720_pl96_cycle288_seed2026/checkpoint.pth,results/complete_completion_0716v2_r2_20260717T001808_full_asy2echo_PEMS04_l720_h96_s2026_AsyCycleV2_PEMS_ftM_sl720_pl96_cycle288_seed2026/metrics_summary.csv,
48,asy2echo,Asy2+Echo,PEMS07,96,12,2026,not_available,ok,0.057984189993364306,0.15529979919200737,1.5353233942330082,0.24079906559902658,27714,,,462.58437728881836,4.368496894836426,0.1635577358714158,43.4404296875,81.0693359375,5633,results/complete_completion_0716v2_r2_20260717T001808_full_asy2echo_PEMS07_l96_h12_s2026_AsyCycleV2_PEMS_ftM_sl96_pl12_cycle288_seed2026,checkpoints/completion_0716v2/complete_completion_0716v2_r2_20260717T001808_full_asy2echo_PEMS07_l96_h12_s2026_AsyCycleV2_PEMS_ftM_sl96_pl12_cycle288_seed2026/checkpoint.pth,results/complete_completion_0716v2_r2_20260717T001808_full_asy2echo_PEMS07_l96_h12_s2026_AsyCycleV2_PEMS_ftM_sl96_pl12_cycle288_seed2026/metrics_summary.csv,
49,asy2echo,Asy2+Echo,PEMS07,96,24,2026,not_available,ok,0.07946093985565678,0.17837688860027165,1.6652773132570011,0.28188816905939273,28482,,,481.49604749679565,3.7643494606018066,0.1255947945076489,45.38525390625,82.375,5621,results/complete_completion_0716v2_r2_20260717T001808_full_asy2echo_PEMS07_l96_h24_s2026_AsyCycleV2_PEMS_ftM_sl96_pl24_cycle288_seed2026,checkpoints/completion_0716v2/complete_completion_0716v2_r2_20260717T001808_full_asy2echo_PEMS07_l96_h24_s2026_AsyCycleV2_PEMS_ftM_sl96_pl24_cycle288_seed2026/checkpoint.pth,results/complete_completion_0716v2_r2_20260717T001808_full_asy2echo_PEMS07_l96_h24_s2026_AsyCycleV2_PEMS_ftM_sl96_pl24_cycle288_seed2026/metrics_summary.csv,
50,asy2echo,Asy2+Echo,PEMS07,96,48,2026,not_available,ok,0.12637155840292164,0.2076024780255096,1.8912498602109762,0.3554877753213486,30018,,,518.431803226471,4.557121753692627,0.16805628583844226,51.26953125,90.09912109375,5597,results/complete_completion_0716v2_r2_20260717T001808_full_asy2echo_PEMS07_l96_h48_s2026_AsyCycleV2_PEMS_ftM_sl96_pl48_cycle288_seed2026,checkpoints/completion_0716v2/complete_completion_0716v2_r2_20260717T001808_full_asy2echo_PEMS07_l96_h48_s2026_AsyCycleV2_PEMS_ftM_sl96_pl48_cycle288_seed2026/checkpoint.pth,results/complete_completion_0716v2_r2_20260717T001808_full_asy2echo_PEMS07_l96_h48_s2026_AsyCycleV2_PEMS_ftM_sl96_pl48_cycle288_seed2026/metrics_summary.csv,
51,asy2echo,Asy2+Echo,PEMS07,96,96,2026,not_available,ok,0.18617202629528046,0.23710290683292015,2.042560332608251,0.43147656517507466,33090,,,529.0627691745758,4.879870414733887,0.1567017388053253,61.25,100.88427734375,5549,results/complete_completion_0716v2_r2_20260717T001808_full_asy2echo_PEMS07_l96_h96_s2026_AsyCycleV2_PEMS_ftM_sl96_pl96_cycle288_seed2026,checkpoints/completion_0716v2/complete_completion_0716v2_r2_20260717T001808_full_asy2echo_PEMS07_l96_h96_s2026_AsyCycleV2_PEMS_ftM_sl96_pl96_cycle288_seed2026/checkpoint.pth,results/complete_completion_0716v2_r2_20260717T001808_full_asy2echo_PEMS07_l96_h96_s2026_AsyCycleV2_PEMS_ftM_sl96_pl96_cycle288_seed2026/metrics_summary.csv,
52,asy2echo,Asy2+Echo,PEMS07,720,12,2026,not_available,ok,0.055111478246578596,0.15192539154122653,1.4841482973556317,0.23475834010015192,67650,,,1252.821384191513,11.400575876235962,0.16253688530564922,95.67333984375,150.900390625,5633,results/complete_completion_0716v2_r2_20260717T001808_full_asy2echo_PEMS07_l720_h12_s2026_AsyCycleV2_PEMS_ftM_sl720_pl12_cycle288_seed2026,checkpoints/completion_0716v2/complete_completion_0716v2_r2_20260717T001808_full_asy2echo_PEMS07_l720_h12_s2026_AsyCycleV2_PEMS_ftM_sl720_pl12_cycle288_seed2026/checkpoint.pth,results/complete_completion_0716v2_r2_20260717T001808_full_asy2echo_PEMS07_l720_h12_s2026_AsyCycleV2_PEMS_ftM_sl720_pl12_cycle288_seed2026/metrics_summary.csv,
53,asy2echo,Asy2+Echo,PEMS07,720,24,2026,not_available,ok,0.07042203024405942,0.17016452049077788,1.601310153027896,0.26537149478431066,68418,,,1247.6280145645142,11.030755281448364,0.16043994024956293,97.29345703125,152.60888671875,5621,results/complete_completion_0716v2_r2_20260717T001808_full_asy2echo_PEMS07_l720_h24_s2026_AsyCycleV2_PEMS_ftM_sl720_pl24_cycle288_seed2026,checkpoints/completion_0716v2/complete_completion_0716v2_r2_20260717T001808_full_asy2echo_PEMS07_l720_h24_s2026_AsyCycleV2_PEMS_ftM_sl720_pl24_cycle288_seed2026/checkpoint.pth,results/complete_completion_0716v2_r2_20260717T001808_full_asy2echo_PEMS07_l720_h24_s2026_AsyCycleV2_PEMS_ftM_sl720_pl24_cycle288_seed2026/metrics_summary.csv,
54,asy2echo,Asy2+Echo,PEMS07,720,48,2026,not_available,ok,0.10328245765211846,0.19263169519294038,1.7712809277395303,0.321375882188005,69954,,,1247.6344068050385,11.01674199104309,0.16173990189801846,101.39599609375,156.859375,5597,results/complete_completion_0716v2_r2_20260717T001808_full_asy2echo_PEMS07_l720_h48_s2026_AsyCycleV2_PEMS_ftM_sl720_pl48_cycle288_seed2026,checkpoints/completion_0716v2/complete_completion_0716v2_r2_20260717T001808_full_asy2echo_PEMS07_l720_h48_s2026_AsyCycleV2_PEMS_ftM_sl720_pl48_cycle288_seed2026/checkpoint.pth,results/complete_completion_0716v2_r2_20260717T001808_full_asy2echo_PEMS07_l720_h48_s2026_AsyCycleV2_PEMS_ftM_sl720_pl48_cycle288_seed2026/metrics_summary.csv,
55,asy2echo,Asy2+Echo,PEMS07,720,96,2026,not_available,ok,0.1493060352008634,0.21760314010518014,1.9501371987193101,0.38640139130296025,73026,,,1371.0770115852356,11.650965452194214,0.17877422295984738,107.88037109375,167.86181640625,5549,results/complete_completion_0716v2_r2_20260717T001808_full_asy2echo_PEMS07_l720_h96_s2026_AsyCycleV2_PEMS_ftM_sl720_pl96_cycle288_seed2026,checkpoints/completion_0716v2/complete_completion_0716v2_r2_20260717T001808_full_asy2echo_PEMS07_l720_h96_s2026_AsyCycleV2_PEMS_ftM_sl720_pl96_cycle288_seed2026/checkpoint.pth,results/complete_completion_0716v2_r2_20260717T001808_full_asy2echo_PEMS07_l720_h96_s2026_AsyCycleV2_PEMS_ftM_sl720_pl96_cycle288_seed2026/metrics_summary.csv,
56,asy2echo,Asy2+Echo,PEMS08,96,12,2026,not_available,ok,0.07917049965587886,0.180615821339546,1.5058621705942419,0.2813725282536994,16306,,,136.33326053619385,2.241004705429077,0.1614502929360344,37.37939453125,70.9052734375,3560,results/complete_completion_0716v2_r2_20260717T001808_full_asy2echo_PEMS08_l96_h12_s2026_AsyCycleV2_PEMS_ftM_sl96_pl12_cycle288_seed2026,checkpoints/completion_0716v2/complete_completion_0716v2_r2_20260717T001808_full_asy2echo_PEMS08_l96_h12_s2026_AsyCycleV2_PEMS_ftM_sl96_pl12_cycle288_seed2026/checkpoint.pth,results/complete_completion_0716v2_r2_20260717T001808_full_asy2echo_PEMS08_l96_h12_s2026_AsyCycleV2_PEMS_ftM_sl96_pl12_cycle288_seed2026/metrics_summary.csv,
57,asy2echo,Asy2+Echo,PEMS08,96,24,2026,not_available,ok,0.1108484194206568,0.2159957809731414,1.7991575334892114,0.332939062623563,17074,,,143.43145442008972,1.658736228942871,0.09268016466217824,38.01416015625,72.08056640625,3548,results/complete_completion_0716v2_r2_20260717T001808_full_asy2echo_PEMS08_l96_h24_s2026_AsyCycleV2_PEMS_ftM_sl96_pl24_cycle288_seed2026,checkpoints/completion_0716v2/complete_completion_0716v2_r2_20260717T001808_full_asy2echo_PEMS08_l96_h24_s2026_AsyCycleV2_PEMS_ftM_sl96_pl24_cycle288_seed2026/checkpoint.pth,results/complete_completion_0716v2_r2_20260717T001808_full_asy2echo_PEMS08_l96_h24_s2026_AsyCycleV2_PEMS_ftM_sl96_pl24_cycle288_seed2026/metrics_summary.csv,
58,asy2echo,Asy2+Echo,PEMS08,96,48,2026,not_available,ok,0.1875447902158408,0.28340830180891236,2.166065550437037,0.43306441809024304,18610,,,148.38599228858948,2.345710039138794,0.16772781871893486,40.23046875,74.4677734375,3524,results/complete_completion_0716v2_r2_20260717T001808_full_asy2echo_PEMS08_l96_h48_s2026_AsyCycleV2_PEMS_ftM_sl96_pl48_cycle288_seed2026,checkpoints/completion_0716v2/complete_completion_0716v2_r2_20260717T001808_full_asy2echo_PEMS08_l96_h48_s2026_AsyCycleV2_PEMS_ftM_sl96_pl48_cycle288_seed2026/checkpoint.pth,results/complete_completion_0716v2_r2_20260717T001808_full_asy2echo_PEMS08_l96_h48_s2026_AsyCycleV2_PEMS_ftM_sl96_pl48_cycle288_seed2026/metrics_summary.csv,
59,asy2echo,Asy2+Echo,PEMS08,96,96,2026,not_available,ok,0.3270048552527492,0.3689079368669373,2.4167411800636787,0.5718433835000185,21682,,,150.87010717391968,2.1820485591888428,0.12468093238830978,44.6640625,79.94140625,3476,results/complete_completion_0716v2_r2_20260717T001808_full_asy2echo_PEMS08_l96_h96_s2026_AsyCycleV2_PEMS_ftM_sl96_pl96_cycle288_seed2026,checkpoints/completion_0716v2/complete_completion_0716v2_r2_20260717T001808_full_asy2echo_PEMS08_l96_h96_s2026_AsyCycleV2_PEMS_ftM_sl96_pl96_cycle288_seed2026/checkpoint.pth,results/complete_completion_0716v2_r2_20260717T001808_full_asy2echo_PEMS08_l96_h96_s2026_AsyCycleV2_PEMS_ftM_sl96_pl96_cycle288_seed2026/metrics_summary.csv,
60,asy2echo,Asy2+Echo,PEMS08,720,12,2026,not_available,ok,0.08130654018230768,0.18341223491874784,1.4977274921559247,0.28514301706741424,56242,,,102.50282573699951,3.012760877609253,0.16430190063259575,63.54443359375,104.0478515625,3560,results/complete_completion_0716v2_r2_20260717T001808_full_asy2echo_PEMS08_l720_h12_s2026_AsyCycleV2_PEMS_ftM_sl720_pl12_cycle288_seed2026,checkpoints/completion_0716v2/complete_completion_0716v2_r2_20260717T001808_full_asy2echo_PEMS08_l720_h12_s2026_AsyCycleV2_PEMS_ftM_sl720_pl12_cycle288_seed2026/checkpoint.pth,results/complete_completion_0716v2_r2_20260717T001808_full_asy2echo_PEMS08_l720_h12_s2026_AsyCycleV2_PEMS_ftM_sl720_pl12_cycle288_seed2026/metrics_summary.csv,
61,asy2echo,Asy2+Echo,PEMS08,720,24,2026,not_available,ok,0.1089246637744855,0.20151889854259147,1.59572461407059,0.33003736723965893,57010,,,141.46853137016296,3.09403920173645,0.17143938724022975,64.171875,104.93505859375,3548,results/complete_completion_0716v2_r2_20260717T001808_full_asy2echo_PEMS08_l720_h24_s2026_AsyCycleV2_PEMS_ftM_sl720_pl24_cycle288_seed2026,checkpoints/completion_0716v2/complete_completion_0716v2_r2_20260717T001808_full_asy2echo_PEMS08_l720_h24_s2026_AsyCycleV2_PEMS_ftM_sl720_pl24_cycle288_seed2026/checkpoint.pth,results/complete_completion_0716v2_r2_20260717T001808_full_asy2echo_PEMS08_l720_h24_s2026_AsyCycleV2_PEMS_ftM_sl720_pl24_cycle288_seed2026/metrics_summary.csv,
62,asy2echo,Asy2+Echo,PEMS08,720,48,2026,not_available,ok,0.17057966148469317,0.24033659455465672,1.8649138259648401,0.41301290716476785,58546,,,117.0408444404602,2.5325021743774414,0.1282345620644671,65.42724609375,106.71044921875,3524,results/complete_completion_0716v2_r2_20260717T001808_full_asy2echo_PEMS08_l720_h48_s2026_AsyCycleV2_PEMS_ftM_sl720_pl48_cycle288_seed2026,checkpoints/completion_0716v2/complete_completion_0716v2_r2_20260717T001808_full_asy2echo_PEMS08_l720_h48_s2026_AsyCycleV2_PEMS_ftM_sl720_pl48_cycle288_seed2026/checkpoint.pth,results/complete_completion_0716v2_r2_20260717T001808_full_asy2echo_PEMS08_l720_h48_s2026_AsyCycleV2_PEMS_ftM_sl720_pl48_cycle288_seed2026/metrics_summary.csv,
63,asy2echo,Asy2+Echo,PEMS08,720,96,2026,not_available,ok,0.20859629188986667,0.24588482583212812,1.8851814262220312,0.4567234304148044,61618,,,248.25554513931274,3.180630683898926,0.17998219758134992,67.93896484375,110.26220703125,3476,results/complete_completion_0716v2_r2_20260717T001808_full_asy2echo_PEMS08_l720_h96_s2026_AsyCycleV2_PEMS_ftM_sl720_pl96_cycle288_seed2026,checkpoints/completion_0716v2/complete_completion_0716v2_r2_20260717T001808_full_asy2echo_PEMS08_l720_h96_s2026_AsyCycleV2_PEMS_ftM_sl720_pl96_cycle288_seed2026/checkpoint.pth,results/complete_completion_0716v2_r2_20260717T001808_full_asy2echo_PEMS08_l720_h96_s2026_AsyCycleV2_PEMS_ftM_sl720_pl96_cycle288_seed2026/metrics_summary.csv,
64,asy2echo,Asy2+Echo,traffic,96,96,2026,not_available,ok,0.4285017966663792,0.2776942373733467,3.0314266445830835,0.6546004863016672,30834,,,374.28392815589905,3.670477867126465,0.2164145883302639,63.15478515625,103.7626953125,3413,results/complete_completion_0716v2_r2_20260717T001808_full_asy2echo_traffic_l96_h96_s2026_AsyCycleV2_custom_ftM_sl96_pl96_cycle168_seed2026,checkpoints/completion_0716v2/complete_completion_0716v2_r2_20260717T001808_full_asy2echo_traffic_l96_h96_s2026_AsyCycleV2_custom_ftM_sl96_pl96_cycle168_seed2026/checkpoint.pth,results/complete_completion_0716v2_r2_20260717T001808_full_asy2echo_traffic_l96_h96_s2026_AsyCycleV2_custom_ftM_sl96_pl96_cycle168_seed2026/metrics_summary.csv,
65,asy2echo,Asy2+Echo,traffic,96,192,2026,not_available,ok,0.44213607342609446,0.2831048538281481,3.073232563624651,0.6649331345527116,35570,,,477.9269139766693,4.142631769180298,0.23570855788017275,83.82568359375,128.71435546875,3317,results/complete_completion_0716v2_r2_20260717T001808_full_asy2echo_traffic_l96_h192_s2026_AsyCycleV2_custom_ftM_sl96_pl192_cycle168_seed2026,checkpoints/completion_0716v2/complete_completion_0716v2_r2_20260717T001808_full_asy2echo_traffic_l96_h192_s2026_AsyCycleV2_custom_ftM_sl96_pl192_cycle168_seed2026/checkpoint.pth,results/complete_completion_0716v2_r2_20260717T001808_full_asy2echo_traffic_l96_h192_s2026_AsyCycleV2_custom_ftM_sl96_pl192_cycle168_seed2026/metrics_summary.csv,
66,asy2echo,Asy2+Echo,traffic,96,336,2026,not_available,ok,0.4545778973401392,0.28903329921360194,3.176926577172852,0.6742239222544237,35570,,,577.4016134738922,4.973729848861694,0.2471054962865851,115.126953125,167.2958984375,3173,results/complete_completion_0716v2_r2_20260717T001808_full_asy2echo_traffic_l96_h336_s2026_AsyCycleV2_custom_ftM_sl96_pl336_cycle168_seed2026,checkpoints/completion_0716v2/complete_completion_0716v2_r2_20260717T001808_full_asy2echo_traffic_l96_h336_s2026_AsyCycleV2_custom_ftM_sl96_pl336_cycle168_seed2026/checkpoint.pth,results/complete_completion_0716v2_r2_20260717T001808_full_asy2echo_traffic_l96_h336_s2026_AsyCycleV2_custom_ftM_sl96_pl336_cycle168_seed2026/metrics_summary.csv,
67,asy2echo,Asy2+Echo,traffic,96,720,2026,not_available,ok,0.4904955950202299,0.3049768120663497,3.2039680985962504,0.7003539069786289,35762,,,1036.376271724701,7.753681421279907,0.3294903640065966,205.54736328125,270.3837890625,2789,results/complete_completion_0716v2_r2_20260717T001808_full_asy2echo_traffic_l96_h720_s2026_AsyCycleV2_custom_ftM_sl96_pl720_cycle168_seed2026,checkpoints/completion_0716v2/complete_completion_0716v2_r2_20260717T001808_full_asy2echo_traffic_l96_h720_s2026_AsyCycleV2_custom_ftM_sl96_pl720_cycle168_seed2026/checkpoint.pth,results/complete_completion_0716v2_r2_20260717T001808_full_asy2echo_traffic_l96_h720_s2026_AsyCycleV2_custom_ftM_sl96_pl720_cycle168_seed2026/metrics_summary.csv,
68,asy2echo,Asy2+Echo,traffic,720,96,2026,not_available,ok,0.37380054243592653,0.2578935707750892,2.6012471206798833,0.6113922983125699,70770,,,843.9571974277496,7.770628452301025,0.2821994292689774,123.3916015625,181.82763671875,3413,results/complete_completion_0716v2_r2_20260717T001808_full_asy2echo_traffic_l720_h96_s2026_AsyCycleV2_custom_ftM_sl720_pl96_cycle168_seed2026,checkpoints/completion_0716v2/complete_completion_0716v2_r2_20260717T001808_full_asy2echo_traffic_l720_h96_s2026_AsyCycleV2_custom_ftM_sl720_pl96_cycle168_seed2026/checkpoint.pth,results/complete_completion_0716v2_r2_20260717T001808_full_asy2echo_traffic_l720_h96_s2026_AsyCycleV2_custom_ftM_sl720_pl96_cycle168_seed2026/metrics_summary.csv,
69,asy2echo,Asy2+Echo,traffic,720,192,2026,not_available,ok,0.3928782197487346,0.26535978251333353,2.750484573958802,0.6267999838455124,75506,,,737.2988021373749,8.29327392578125,0.2627580103464144,135.21630859375,197.29443359375,3317,results/complete_completion_0716v2_r2_20260717T001808_full_asy2echo_traffic_l720_h192_s2026_AsyCycleV2_custom_ftM_sl720_pl192_cycle168_seed2026,checkpoints/completion_0716v2/complete_completion_0716v2_r2_20260717T001808_full_asy2echo_traffic_l720_h192_s2026_AsyCycleV2_custom_ftM_sl720_pl192_cycle168_seed2026/checkpoint.pth,results/complete_completion_0716v2_r2_20260717T001808_full_asy2echo_traffic_l720_h192_s2026_AsyCycleV2_custom_ftM_sl720_pl192_cycle168_seed2026/metrics_summary.csv,
70,asy2echo,Asy2+Echo,traffic,720,336,2026,not_available,ok,0.4065622911939956,0.2705328610917176,2.823383339887504,0.6376223735048792,75506,,,852.3337485790253,8.496715068817139,0.27644977776590224,164.11328125,233.7939453125,3173,results/complete_completion_0716v2_r2_20260717T001808_full_asy2echo_traffic_l720_h336_s2026_AsyCycleV2_custom_ftM_sl720_pl336_cycle168_seed2026,checkpoints/completion_0716v2/complete_completion_0716v2_r2_20260717T001808_full_asy2echo_traffic_l720_h336_s2026_AsyCycleV2_custom_ftM_sl720_pl336_cycle168_seed2026/checkpoint.pth,results/complete_completion_0716v2_r2_20260717T001808_full_asy2echo_traffic_l720_h336_s2026_AsyCycleV2_custom_ftM_sl720_pl336_cycle168_seed2026/metrics_summary.csv,
71,asy2echo,Asy2+Echo,traffic,720,720,2026,not_available,ok,0.4590831208906784,0.2894919559471876,3.0675210009870444,0.6775567289096008,75698,,,936.3027513027191,9.835153102874756,0.30940506215263713,246.4794921875,336.3173828125,2789,results/complete_completion_0716v2_r2_20260717T001808_full_asy2echo_traffic_l720_h720_s2026_AsyCycleV2_custom_ftM_sl720_pl720_cycle168_seed2026,checkpoints/completion_0716v2/complete_completion_0716v2_r2_20260717T001808_full_asy2echo_traffic_l720_h720_s2026_AsyCycleV2_custom_ftM_sl720_pl720_cycle168_seed2026/checkpoint.pth,results/complete_completion_0716v2_r2_20260717T001808_full_asy2echo_traffic_l720_h720_s2026_AsyCycleV2_custom_ftM_sl720_pl720_cycle168_seed2026/metrics_summary.csv,
72,phaseformer,PhaseFormer,ETTh1,96,96,2021,not_available,ok,0.38062536933473257,0.38848623423076883,9.288742270533147,0.6169484332865531,1500,,,175.95558857917786,2.1440811157226562,0.2339589371073396,33.95263671875,69.40673828125,2785,results/complete_completion_0716v2_r2_20260717T001808_full_phaseformer_ETTh1_l96_h96_s2021_PhaseFormer_ETTh1_ftM_sl96_pl96_cycle24_seed2021,checkpoints/completion_0716v2/complete_completion_0716v2_r2_20260717T001808_full_phaseformer_ETTh1_l96_h96_s2021_PhaseFormer_ETTh1_ftM_sl96_pl96_cycle24_seed2021/checkpoint.pth,results/complete_completion_0716v2_r2_20260717T001808_full_phaseformer_ETTh1_l96_h96_s2021_PhaseFormer_ETTh1_ftM_sl96_pl96_cycle24_seed2021/metrics_summary.csv,
73,phaseformer,PhaseFormer,ETTh1,96,192,2021,not_available,ok,0.4301431020327569,0.41711510678714697,9.154527003199478,0.6558529576305628,1520,,,147.96750402450562,2.1768720149993896,0.24156818494017837,34.19287109375,69.595703125,2689,results/complete_completion_0716v2_r2_20260717T001808_full_phaseformer_ETTh1_l96_h192_s2021_PhaseFormer_ETTh1_ftM_sl96_pl192_cycle24_seed2021,checkpoints/completion_0716v2/complete_completion_0716v2_r2_20260717T001808_full_phaseformer_ETTh1_l96_h192_s2021_PhaseFormer_ETTh1_ftM_sl96_pl192_cycle24_seed2021/checkpoint.pth,results/complete_completion_0716v2_r2_20260717T001808_full_phaseformer_ETTh1_l96_h192_s2021_PhaseFormer_ETTh1_ftM_sl96_pl192_cycle24_seed2021/metrics_summary.csv,
74,phaseformer,PhaseFormer,ETTh1,96,336,2021,not_available,ok,0.46791915283195945,0.4353439596951045,9.389008934594177,0.6840461627930965,1550,,,116.75128173828125,2.0647714138031006,0.24664923292538973,34.55322265625,69.89453125,2545,results/complete_completion_0716v2_r2_20260717T001808_full_phaseformer_ETTh1_l96_h336_s2021_PhaseFormer_ETTh1_ftM_sl96_pl336_cycle24_seed2021,checkpoints/completion_0716v2/complete_completion_0716v2_r2_20260717T001808_full_phaseformer_ETTh1_l96_h336_s2021_PhaseFormer_ETTh1_ftM_sl96_pl336_cycle24_seed2021/checkpoint.pth,results/complete_completion_0716v2_r2_20260717T001808_full_phaseformer_ETTh1_l96_h336_s2021_PhaseFormer_ETTh1_ftM_sl96_pl336_cycle24_seed2021/metrics_summary.csv,
75,phaseformer,PhaseFormer,ETTh1,96,720,2021,not_available,ok,0.4645510954753938,0.4464530291507048,8.78330340271801,0.6815798526037824,56550,,,192.22274708747864,2.1388614177703857,0.2885547527773603,39.0654296875,91.57861328125,2161,results/complete_completion_0716v2_r2_20260717T001808_full_phaseformer_ETTh1_l96_h720_s2021_PhaseFormer_ETTh1_ftM_sl96_pl720_cycle24_seed2021,checkpoints/completion_0716v2/complete_completion_0716v2_r2_20260717T001808_full_phaseformer_ETTh1_l96_h720_s2021_PhaseFormer_ETTh1_ftM_sl96_pl720_cycle24_seed2021/checkpoint.pth,results/complete_completion_0716v2_r2_20260717T001808_full_phaseformer_ETTh1_l96_h720_s2021_PhaseFormer_ETTh1_ftM_sl96_pl720_cycle24_seed2021/metrics_summary.csv,
76,phaseformer,PhaseFormer,ETTh1,720,96,2021,not_available,ok,0.36683531186571705,0.38909442969084695,8.749369132714437,0.6056693090009738,2072,,,141.6787827014923,2.183499336242676,0.23438152581239302,35.24755859375,70.96826171875,2785,results/complete_completion_0716v2_r2_20260717T001808_full_phaseformer_ETTh1_l720_h96_s2021_PhaseFormer_ETTh1_ftM_sl720_pl96_cycle24_seed2021,checkpoints/completion_0716v2/complete_completion_0716v2_r2_20260717T001808_full_phaseformer_ETTh1_l720_h96_s2021_PhaseFormer_ETTh1_ftM_sl720_pl96_cycle24_seed2021/checkpoint.pth,results/complete_completion_0716v2_r2_20260717T001808_full_phaseformer_ETTh1_l720_h96_s2021_PhaseFormer_ETTh1_ftM_sl720_pl96_cycle24_seed2021/metrics_summary.csv,
77,phaseformer,PhaseFormer,ETTh1,720,192,2021,not_available,ok,0.3972869447343962,0.4085069641278778,9.7350020085799,0.630307024182974,2092,,,69.77207088470459,2.189896821975708,0.23254265151053802,35.48779296875,71.1572265625,2689,results/complete_completion_0716v2_r2_20260717T001808_full_phaseformer_ETTh1_l720_h192_s2021_PhaseFormer_ETTh1_ftM_sl720_pl192_cycle24_seed2021,checkpoints/completion_0716v2/complete_completion_0716v2_r2_20260717T001808_full_phaseformer_ETTh1_l720_h192_s2021_PhaseFormer_ETTh1_ftM_sl720_pl192_cycle24_seed2021/checkpoint.pth,results/complete_completion_0716v2_r2_20260717T001808_full_phaseformer_ETTh1_l720_h192_s2021_PhaseFormer_ETTh1_ftM_sl720_pl192_cycle24_seed2021/metrics_summary.csv,
78,phaseformer,PhaseFormer,ETTh1,720,336,2021,not_available,ok,0.42069972497236074,0.42183714006421885,9.432073184299307,0.648613694715399,2122,,,67.76952052116394,2.1837592124938965,0.24165919012607812,35.84814453125,71.4560546875,2545,results/complete_completion_0716v2_r2_20260717T001808_full_phaseformer_ETTh1_l720_h336_s2021_PhaseFormer_ETTh1_ftM_sl720_pl336_cycle24_seed2021,checkpoints/completion_0716v2/complete_completion_0716v2_r2_20260717T001808_full_phaseformer_ETTh1_l720_h336_s2021_PhaseFormer_ETTh1_ftM_sl720_pl336_cycle24_seed2021/checkpoint.pth,results/complete_completion_0716v2_r2_20260717T001808_full_phaseformer_ETTh1_l720_h336_s2021_PhaseFormer_ETTh1_ftM_sl720_pl336_cycle24_seed2021/metrics_summary.csv,
79,phaseformer,PhaseFormer,ETTh1,720,720,2021,not_available,ok,0.42282657818554875,0.44440911633925306,9.195235863931497,0.6502511654626608,60762,,,97.22778868675232,2.2286369800567627,0.2927824571273604,40.37744140625,93.19140625,2161,results/complete_completion_0716v2_r2_20260717T001808_full_phaseformer_ETTh1_l720_h720_s2021_PhaseFormer_ETTh1_ftM_sl720_pl720_cycle24_seed2021,checkpoints/completion_0716v2/complete_completion_0716v2_r2_20260717T001808_full_phaseformer_ETTh1_l720_h720_s2021_PhaseFormer_ETTh1_ftM_sl720_pl720_cycle24_seed2021/checkpoint.pth,results/complete_completion_0716v2_r2_20260717T001808_full_phaseformer_ETTh1_l720_h720_s2021_PhaseFormer_ETTh1_ftM_sl720_pl720_cycle24_seed2021/metrics_summary.csv,
80,phaseformer,PhaseFormer,ETTh2,96,96,2021,not_available,ok,0.29247250065308056,0.34092886913318643,1.455730983173404,0.5408072675668112,1508,,,48.845977544784546,1.893197774887085,0.16256518648599594,34.1826171875,67.52294921875,2785,results/complete_completion_0716v2_r2_20260717T001808_full_phaseformer_ETTh2_l96_h96_s2021_PhaseFormer_ETTh2_ftM_sl96_pl96_cycle24_seed2021,checkpoints/completion_0716v2/complete_completion_0716v2_r2_20260717T001808_full_phaseformer_ETTh2_l96_h96_s2021_PhaseFormer_ETTh2_ftM_sl96_pl96_cycle24_seed2021/checkpoint.pth,results/complete_completion_0716v2_r2_20260717T001808_full_phaseformer_ETTh2_l96_h96_s2021_PhaseFormer_ETTh2_ftM_sl96_pl96_cycle24_seed2021/metrics_summary.csv,
81,phaseformer,PhaseFormer,ETTh2,96,192,2021,not_available,ok,0.3701131560016939,0.38738097873365657,1.563016421596515,0.6083692595798164,1544,,,54.35837936401367,2.0454297065734863,0.17287352809169204,34.4228515625,67.72216796875,2689,results/complete_completion_0716v2_r2_20260717T001808_full_phaseformer_ETTh2_l96_h192_s2021_PhaseFormer_ETTh2_ftM_sl96_pl192_cycle24_seed2021,checkpoints/completion_0716v2/complete_completion_0716v2_r2_20260717T001808_full_phaseformer_ETTh2_l96_h192_s2021_PhaseFormer_ETTh2_ftM_sl96_pl192_cycle24_seed2021/checkpoint.pth,results/complete_completion_0716v2_r2_20260717T001808_full_phaseformer_ETTh2_l96_h192_s2021_PhaseFormer_ETTh2_ftM_sl96_pl192_cycle24_seed2021/metrics_summary.csv,
82,phaseformer,PhaseFormer,ETTh2,96,336,2021,not_available,ok,0.4102147718330403,0.42115806734279543,1.7411152668879841,0.6404801104117444,1598,,,77.21845841407776,1.9906511306762695,0.18850717810668738,34.783203125,68.02099609375,2545,results/complete_completion_0716v2_r2_20260717T001808_full_phaseformer_ETTh2_l96_h336_s2021_PhaseFormer_ETTh2_ftM_sl96_pl336_cycle24_seed2021,checkpoints/completion_0716v2/complete_completion_0716v2_r2_20260717T001808_full_phaseformer_ETTh2_l96_h336_s2021_PhaseFormer_ETTh2_ftM_sl96_pl336_cycle24_seed2021/checkpoint.pth,results/complete_completion_0716v2_r2_20260717T001808_full_phaseformer_ETTh2_l96_h336_s2021_PhaseFormer_ETTh2_ftM_sl96_pl336_cycle24_seed2021/metrics_summary.csv,
83,phaseformer,PhaseFormer,ETTh2,96,720,2021,not_available,ok,0.41813983941947674,0.43877033643181584,1.9768844106988654,0.6466373322191326,614,,,60.86580848693848,1.8824753761291504,0.19123844331762185,35.35302734375,68.04833984375,2161,results/complete_completion_0716v2_r2_20260717T001808_full_phaseformer_ETTh2_l96_h720_s2021_PhaseFormer_ETTh2_ftM_sl96_pl720_cycle24_seed2021,checkpoints/completion_0716v2/complete_completion_0716v2_r2_20260717T001808_full_phaseformer_ETTh2_l96_h720_s2021_PhaseFormer_ETTh2_ftM_sl96_pl720_cycle24_seed2021/checkpoint.pth,results/complete_completion_0716v2_r2_20260717T001808_full_phaseformer_ETTh2_l96_h720_s2021_PhaseFormer_ETTh2_ftM_sl96_pl720_cycle24_seed2021/metrics_summary.csv,
84,phaseformer,PhaseFormer,ETTh2,720,96,2021,not_available,ok,0.28082173777457065,0.3420242965856847,1.4004708366256415,0.5299261625684947,1716,,,51.59871506690979,2.195845603942871,0.18251275800877456,35.21142578125,68.552734375,2785,results/complete_completion_0716v2_r2_20260717T001808_full_phaseformer_ETTh2_l720_h96_s2021_PhaseFormer_ETTh2_ftM_sl720_pl96_cycle24_seed2021,checkpoints/completion_0716v2/complete_completion_0716v2_r2_20260717T001808_full_phaseformer_ETTh2_l720_h96_s2021_PhaseFormer_ETTh2_ftM_sl720_pl96_cycle24_seed2021/checkpoint.pth,results/complete_completion_0716v2_r2_20260717T001808_full_phaseformer_ETTh2_l720_h96_s2021_PhaseFormer_ETTh2_ftM_sl720_pl96_cycle24_seed2021/metrics_summary.csv,
85,phaseformer,PhaseFormer,ETTh2,720,192,2021,not_available,ok,0.34368438444588867,0.3825884273653326,1.5540056433374223,0.5862460101748145,1752,,,65.12428545951843,1.5841524600982666,0.14708367065177083,35.45166015625,68.751953125,2689,results/complete_completion_0716v2_r2_20260717T001808_full_phaseformer_ETTh2_l720_h192_s2021_PhaseFormer_ETTh2_ftM_sl720_pl192_cycle24_seed2021,checkpoints/completion_0716v2/complete_completion_0716v2_r2_20260717T001808_full_phaseformer_ETTh2_l720_h192_s2021_PhaseFormer_ETTh2_ftM_sl720_pl192_cycle24_seed2021/checkpoint.pth,results/complete_completion_0716v2_r2_20260717T001808_full_phaseformer_ETTh2_l720_h192_s2021_PhaseFormer_ETTh2_ftM_sl720_pl192_cycle24_seed2021/metrics_summary.csv,
86,phaseformer,PhaseFormer,ETTh2,720,336,2021,not_available,ok,0.37291029008701454,0.40806764040988774,1.7407477444726998,0.6106638110179893,1806,,,50.224345445632935,2.0865418910980225,0.1806256414367314,35.81201171875,69.05078125,2545,results/complete_completion_0716v2_r2_20260717T001808_full_phaseformer_ETTh2_l720_h336_s2021_PhaseFormer_ETTh2_ftM_sl720_pl336_cycle24_seed2021,checkpoints/completion_0716v2/complete_completion_0716v2_r2_20260717T001808_full_phaseformer_ETTh2_l720_h336_s2021_PhaseFormer_ETTh2_ftM_sl720_pl336_cycle24_seed2021/checkpoint.pth,results/complete_completion_0716v2_r2_20260717T001808_full_phaseformer_ETTh2_l720_h336_s2021_PhaseFormer_ETTh2_ftM_sl720_pl336_cycle24_seed2021/metrics_summary.csv,
87,phaseformer,PhaseFormer,ETTh2,720,720,2021,not_available,ok,0.4059946719379988,0.4406318914845568,2.073329920515827,0.6371771119068849,718,,,84.17939400672913,1.8417246341705322,0.1863404842975348,36.38134765625,69.57177734375,2161,results/complete_completion_0716v2_r2_20260717T001808_full_phaseformer_ETTh2_l720_h720_s2021_PhaseFormer_ETTh2_ftM_sl720_pl720_cycle24_seed2021,checkpoints/completion_0716v2/complete_completion_0716v2_r2_20260717T001808_full_phaseformer_ETTh2_l720_h720_s2021_PhaseFormer_ETTh2_ftM_sl720_pl720_cycle24_seed2021/checkpoint.pth,results/complete_completion_0716v2_r2_20260717T001808_full_phaseformer_ETTh2_l720_h720_s2021_PhaseFormer_ETTh2_ftM_sl720_pl720_cycle24_seed2021/metrics_summary.csv,
88,phaseformer,PhaseFormer,ETTm1,96,96,2021,not_available,ok,0.32515678938603476,0.35521333891769413,2.106925292355168,0.5702252093568249,3016,,,479.5332624912262,4.040083408355713,0.13072223090760296,34.40478515625,69.8095703125,11425,results/complete_completion_0716v2_r2_20260717T001808_full_phaseformer_ETTm1_l96_h96_s2021_PhaseFormer_ETTm1_ftM_sl96_pl96_cycle96_seed2021,checkpoints/completion_0716v2/complete_completion_0716v2_r2_20260717T001808_full_phaseformer_ETTm1_l96_h96_s2021_PhaseFormer_ETTm1_ftM_sl96_pl96_cycle96_seed2021/checkpoint.pth,results/complete_completion_0716v2_r2_20260717T001808_full_phaseformer_ETTm1_l96_h96_s2021_PhaseFormer_ETTm1_ftM_sl96_pl96_cycle96_seed2021/metrics_summary.csv,
89,phaseformer,PhaseFormer,ETTm1,96,192,2021,not_available,ok,0.3736979987520142,0.37770178144088074,2.2486996793064433,0.6113084317691145,3052,,,391.7340672016144,3.9073452949523926,0.12426877420460392,34.64501953125,69.9677734375,11329,results/complete_completion_0716v2_r2_20260717T001808_full_phaseformer_ETTm1_l96_h192_s2021_PhaseFormer_ETTm1_ftM_sl96_pl192_cycle96_seed2021,checkpoints/completion_0716v2/complete_completion_0716v2_r2_20260717T001808_full_phaseformer_ETTm1_l96_h192_s2021_PhaseFormer_ETTm1_ftM_sl96_pl192_cycle96_seed2021/checkpoint.pth,results/complete_completion_0716v2_r2_20260717T001808_full_phaseformer_ETTm1_l96_h192_s2021_PhaseFormer_ETTm1_ftM_sl96_pl192_cycle96_seed2021/metrics_summary.csv,
90,phaseformer,PhaseFormer,ETTm1,96,336,2021,not_available,ok,0.4110755252837609,0.40147857147964294,2.269409049559535,0.6411517178357716,1598,,,307.1908710002899,3.523118257522583,0.08617463868459421,34.783203125,68.02099609375,11185,results/complete_completion_0716v2_r2_20260717T001808_full_phaseformer_ETTm1_l96_h336_s2021_PhaseFormer_ETTm1_ftM_sl96_pl336_cycle96_seed2021,checkpoints/completion_0716v2/complete_completion_0716v2_r2_20260717T001808_full_phaseformer_ETTm1_l96_h336_s2021_PhaseFormer_ETTm1_ftM_sl96_pl336_cycle96_seed2021/checkpoint.pth,results/complete_completion_0716v2_r2_20260717T001808_full_phaseformer_ETTm1_l96_h336_s2021_PhaseFormer_ETTm1_ftM_sl96_pl336_cycle96_seed2021/metrics_summary.csv,
91,phaseformer,PhaseFormer,ETTm1,96,720,2021,not_available,ok,0.4684513982935486,0.43613056302677866,2.5148355241915983,0.6844350942883837,3250,,,410.1320209503174,4.0501580238342285,0.1268969793912548,35.966796875,71.02392578125,10801,results/complete_completion_0716v2_r2_20260717T001808_full_phaseformer_ETTm1_l96_h720_s2021_PhaseFormer_ETTm1_ftM_sl96_pl720_cycle96_seed2021,checkpoints/completion_0716v2/complete_completion_0716v2_r2_20260717T001808_full_phaseformer_ETTm1_l96_h720_s2021_PhaseFormer_ETTm1_ftM_sl96_pl720_cycle96_seed2021/checkpoint.pth,results/complete_completion_0716v2_r2_20260717T001808_full_phaseformer_ETTm1_l96_h720_s2021_PhaseFormer_ETTm1_ftM_sl96_pl720_cycle96_seed2021/metrics_summary.csv,
92,phaseformer,PhaseFormer,ETTm1,720,96,2021,not_available,ok,0.3053578749152823,0.35166851241709385,2.200527371027191,0.5525919605959557,3666,,,517.0434741973877,4.03636622428894,0.1258664815411526,35.701171875,71.10888671875,11425,results/complete_completion_0716v2_r2_20260717T001808_full_phaseformer_ETTm1_l720_h96_s2021_PhaseFormer_ETTm1_ftM_sl720_pl96_cycle96_seed2021,checkpoints/completion_0716v2/complete_completion_0716v2_r2_20260717T001808_full_phaseformer_ETTm1_l720_h96_s2021_PhaseFormer_ETTm1_ftM_sl720_pl96_cycle96_seed2021/checkpoint.pth,results/complete_completion_0716v2_r2_20260717T001808_full_phaseformer_ETTm1_l720_h96_s2021_PhaseFormer_ETTm1_ftM_sl720_pl96_cycle96_seed2021/metrics_summary.csv,
93,phaseformer,PhaseFormer,ETTm1,720,192,2021,not_available,ok,0.32924923462942507,0.36400617675608665,2.275541670527556,0.5738024351895216,3702,,,421.9841477870941,4.1483025550842285,0.12628166785159362,35.94140625,71.26708984375,11329,results/complete_completion_0716v2_r2_20260717T001808_full_phaseformer_ETTm1_l720_h192_s2021_PhaseFormer_ETTm1_ftM_sl720_pl192_cycle96_seed2021,checkpoints/completion_0716v2/complete_completion_0716v2_r2_20260717T001808_full_phaseformer_ETTm1_l720_h192_s2021_PhaseFormer_ETTm1_ftM_sl720_pl192_cycle96_seed2021/checkpoint.pth,results/complete_completion_0716v2_r2_20260717T001808_full_phaseformer_ETTm1_l720_h192_s2021_PhaseFormer_ETTm1_ftM_sl720_pl192_cycle96_seed2021/metrics_summary.csv,
94,phaseformer,PhaseFormer,ETTm1,720,336,2021,not_available,ok,0.36209356748023186,0.38296277483523167,2.3287008469469823,0.601742110442864,1806,,,305.74800419807434,3.8076062202453613,0.08888158665792613,35.81201171875,69.05078125,11185,results/complete_completion_0716v2_r2_20260717T001808_full_phaseformer_ETTm1_l720_h336_s2021_PhaseFormer_ETTm1_ftM_sl720_pl336_cycle96_seed2021,checkpoints/completion_0716v2/complete_completion_0716v2_r2_20260717T001808_full_phaseformer_ETTm1_l720_h336_s2021_PhaseFormer_ETTm1_ftM_sl720_pl336_cycle96_seed2021/checkpoint.pth,results/complete_completion_0716v2_r2_20260717T001808_full_phaseformer_ETTm1_l720_h336_s2021_PhaseFormer_ETTm1_ftM_sl720_pl336_cycle96_seed2021/metrics_summary.csv,
95,phaseformer,PhaseFormer,ETTm1,720,720,2021,not_available,ok,0.4152755834713985,0.4122993853738193,2.422738976389299,0.6444187950947726,3900,,,252.98810505867004,3.983254909515381,0.12610679542882589,37.26318359375,72.3232421875,10801,results/complete_completion_0716v2_r2_20260717T001808_full_phaseformer_ETTm1_l720_h720_s2021_PhaseFormer_ETTm1_ftM_sl720_pl720_cycle96_seed2021,checkpoints/completion_0716v2/complete_completion_0716v2_r2_20260717T001808_full_phaseformer_ETTm1_l720_h720_s2021_PhaseFormer_ETTm1_ftM_sl720_pl720_cycle96_seed2021/checkpoint.pth,results/complete_completion_0716v2_r2_20260717T001808_full_phaseformer_ETTm1_l720_h720_s2021_PhaseFormer_ETTm1_ftM_sl720_pl720_cycle96_seed2021/metrics_summary.csv,
96,phaseformer,PhaseFormer,ETTm2,96,96,2021,not_available,ok,0.18052619116615165,0.26338470380507867,1.1418741486623516,0.4248837384110525,3016,,,446.9249315261841,3.7833569049835205,0.12232811872886099,34.40478515625,69.8095703125,11425,results/complete_completion_0716v2_r2_20260717T001808_full_phaseformer_ETTm2_l96_h96_s2021_PhaseFormer_ETTm2_ftM_sl96_pl96_cycle96_seed2021,checkpoints/completion_0716v2/complete_completion_0716v2_r2_20260717T001808_full_phaseformer_ETTm2_l96_h96_s2021_PhaseFormer_ETTm2_ftM_sl96_pl96_cycle96_seed2021/checkpoint.pth,results/complete_completion_0716v2_r2_20260717T001808_full_phaseformer_ETTm2_l96_h96_s2021_PhaseFormer_ETTm2_ftM_sl96_pl96_cycle96_seed2021/metrics_summary.csv,
97,phaseformer,PhaseFormer,ETTm2,96,192,2021,not_available,ok,0.2461750074881657,0.3063394052648063,1.2609897669851302,0.496160263914963,1544,,,249.59138870239258,3.3672235012054443,0.08692198306958708,34.4228515625,67.72216796875,11329,results/complete_completion_0716v2_r2_20260717T001808_full_phaseformer_ETTm2_l96_h192_s2021_PhaseFormer_ETTm2_ftM_sl96_pl192_cycle96_seed2021,checkpoints/completion_0716v2/complete_completion_0716v2_r2_20260717T001808_full_phaseformer_ETTm2_l96_h192_s2021_PhaseFormer_ETTm2_ftM_sl96_pl192_cycle96_seed2021/checkpoint.pth,results/complete_completion_0716v2_r2_20260717T001808_full_phaseformer_ETTm2_l96_h192_s2021_PhaseFormer_ETTm2_ftM_sl96_pl192_cycle96_seed2021/metrics_summary.csv,
98,phaseformer,PhaseFormer,ETTm2,96,336,2021,not_available,ok,0.3057142119121584,0.3437682013357903,1.3773805380432291,0.5529142898426106,1598,,,178.79185962677002,3.498229742050171,0.08816716898604061,34.783203125,68.02099609375,11185,results/complete_completion_0716v2_r2_20260717T001808_full_phaseformer_ETTm2_l96_h336_s2021_PhaseFormer_ETTm2_ftM_sl96_pl336_cycle96_seed2021,checkpoints/completion_0716v2/complete_completion_0716v2_r2_20260717T001808_full_phaseformer_ETTm2_l96_h336_s2021_PhaseFormer_ETTm2_ftM_sl96_pl336_cycle96_seed2021/checkpoint.pth,results/complete_completion_0716v2_r2_20260717T001808_full_phaseformer_ETTm2_l96_h336_s2021_PhaseFormer_ETTm2_ftM_sl96_pl336_cycle96_seed2021/metrics_summary.csv,
99,phaseformer,PhaseFormer,ETTm2,96,720,2021,not_available,ok,0.4048906281332821,0.4011355629811978,1.5707526565632832,0.6363101666115999,1742,,,177.75348949432373,3.519650459289551,0.08950168002179879,35.74462890625,68.8193359375,10801,results/complete_completion_0716v2_r2_20260717T001808_full_phaseformer_ETTm2_l96_h720_s2021_PhaseFormer_ETTm2_ftM_sl96_pl720_cycle96_seed2021,checkpoints/completion_0716v2/complete_completion_0716v2_r2_20260717T001808_full_phaseformer_ETTm2_l96_h720_s2021_PhaseFormer_ETTm2_ftM_sl96_pl720_cycle96_seed2021/checkpoint.pth,results/complete_completion_0716v2_r2_20260717T001808_full_phaseformer_ETTm2_l96_h720_s2021_PhaseFormer_ETTm2_ftM_sl96_pl720_cycle96_seed2021/metrics_summary.csv,
100,phaseformer,PhaseFormer,ETTm2,720,96,2021,not_available,ok,0.16878746210146844,0.2574966606491379,1.0255547166583272,0.41083751301636084,3666,,,398.38538551330566,4.165933847427368,0.12302864823873508,35.701171875,71.10888671875,11425,results/complete_completion_0716v2_r2_20260717T001808_full_phaseformer_ETTm2_l720_h96_s2021_PhaseFormer_ETTm2_ftM_sl720_pl96_cycle96_seed2021,checkpoints/completion_0716v2/complete_completion_0716v2_r2_20260717T001808_full_phaseformer_ETTm2_l720_h96_s2021_PhaseFormer_ETTm2_ftM_sl720_pl96_cycle96_seed2021/checkpoint.pth,results/complete_completion_0716v2_r2_20260717T001808_full_phaseformer_ETTm2_l720_h96_s2021_PhaseFormer_ETTm2_ftM_sl720_pl96_cycle96_seed2021/metrics_summary.csv,
101,phaseformer,PhaseFormer,ETTm2,720,192,2021,not_available,ok,0.22705235778015842,0.3013958848988041,1.1956876828356304,0.4765001130956407,1752,,,183.79247117042542,3.6308646202087402,0.08673823038812391,35.45166015625,68.751953125,11329,results/complete_completion_0716v2_r2_20260717T001808_full_phaseformer_ETTm2_l720_h192_s2021_PhaseFormer_ETTm2_ftM_sl720_pl192_cycle96_seed2021,checkpoints/completion_0716v2/complete_completion_0716v2_r2_20260717T001808_full_phaseformer_ETTm2_l720_h192_s2021_PhaseFormer_ETTm2_ftM_sl720_pl192_cycle96_seed2021/checkpoint.pth,results/complete_completion_0716v2_r2_20260717T001808_full_phaseformer_ETTm2_l720_h192_s2021_PhaseFormer_ETTm2_ftM_sl720_pl192_cycle96_seed2021/metrics_summary.csv,
102,phaseformer,PhaseFormer,ETTm2,720,336,2021,not_available,ok,0.27777100951800937,0.33070541764270167,1.230644021002712,0.5270398557206175,1806,,,371.89084577560425,3.6913909912109375,0.0921183326112995,35.81201171875,69.05078125,11185,results/complete_completion_0716v2_r2_20260717T001808_full_phaseformer_ETTm2_l720_h336_s2021_PhaseFormer_ETTm2_ftM_sl720_pl336_cycle96_seed2021,checkpoints/completion_0716v2/complete_completion_0716v2_r2_20260717T001808_full_phaseformer_ETTm2_l720_h336_s2021_PhaseFormer_ETTm2_ftM_sl720_pl336_cycle96_seed2021/checkpoint.pth,results/complete_completion_0716v2_r2_20260717T001808_full_phaseformer_ETTm2_l720_h336_s2021_PhaseFormer_ETTm2_ftM_sl720_pl336_cycle96_seed2021/metrics_summary.csv,
103,phaseformer,PhaseFormer,ETTm2,720,720,2021,not_available,ok,0.35222738315173197,0.37989953443658614,1.4452277513594265,0.5934874751431002,1950,,,205.55381035804749,4.000018358230591,0.09824264758028439,36.7734375,69.97119140625,10801,results/complete_completion_0716v2_r2_20260717T001808_full_phaseformer_ETTm2_l720_h720_s2021_PhaseFormer_ETTm2_ftM_sl720_pl720_cycle96_seed2021,checkpoints/completion_0716v2/complete_completion_0716v2_r2_20260717T001808_full_phaseformer_ETTm2_l720_h720_s2021_PhaseFormer_ETTm2_ftM_sl720_pl720_cycle96_seed2021/checkpoint.pth,results/complete_completion_0716v2_r2_20260717T001808_full_phaseformer_ETTm2_l720_h720_s2021_PhaseFormer_ETTm2_ftM_sl720_pl720_cycle96_seed2021/metrics_summary.csv,
104,phaseformer,PhaseFormer,PEMS03,96,12,2021,not_available,ok,0.09807339428777577,0.20850360885285268,1.7299961989150252,0.3131667196363237,2897,,,561.2573039531708,3.986931085586548,0.24590937333469978,52.37353515625,131.275390625,5230,results/complete_completion_0716v2_r2_20260717T001808_full_phaseformer_PEMS03_l96_h12_s2021_PhaseFormer_PEMS_ftM_sl96_pl12_cycle288_seed2021,checkpoints/completion_0716v2/complete_completion_0716v2_r2_20260717T001808_full_phaseformer_PEMS03_l96_h12_s2021_PhaseFormer_PEMS_ftM_sl96_pl12_cycle288_seed2021/checkpoint.pth,results/complete_completion_0716v2_r2_20260717T001808_full_phaseformer_PEMS03_l96_h12_s2021_PhaseFormer_PEMS_ftM_sl96_pl12_cycle288_seed2021/metrics_summary.csv,
105,phaseformer,PhaseFormer,PEMS03,96,24,2021,not_available,ok,0.16621950458770202,0.2714748702541643,2.3187352397726344,0.4077002631685464,2906,,,564.2300226688385,3.9581069946289062,0.2428532875046254,53.02880859375,131.6689453125,5218,results/complete_completion_0716v2_r2_20260717T001808_full_phaseformer_PEMS03_l96_h24_s2021_PhaseFormer_PEMS_ftM_sl96_pl24_cycle288_seed2021,checkpoints/completion_0716v2/complete_completion_0716v2_r2_20260717T001808_full_phaseformer_PEMS03_l96_h24_s2021_PhaseFormer_PEMS_ftM_sl96_pl24_cycle288_seed2021/checkpoint.pth,results/complete_completion_0716v2_r2_20260717T001808_full_phaseformer_PEMS03_l96_h24_s2021_PhaseFormer_PEMS_ftM_sl96_pl24_cycle288_seed2021/metrics_summary.csv,
106,phaseformer,PhaseFormer,PEMS03,96,48,2021,not_available,ok,0.32492625363244354,0.39143672466808965,2.9521515883460787,0.5700230290369359,2924,,,576.5804996490479,3.6256561279296875,0.23249521959841274,54.341796875,132.45751953125,5194,results/complete_completion_0716v2_r2_20260717T001808_full_phaseformer_PEMS03_l96_h48_s2021_PhaseFormer_PEMS_ftM_sl96_pl48_cycle288_seed2021,checkpoints/completion_0716v2/complete_completion_0716v2_r2_20260717T001808_full_phaseformer_PEMS03_l96_h48_s2021_PhaseFormer_PEMS_ftM_sl96_pl48_cycle288_seed2021/checkpoint.pth,results/complete_completion_0716v2_r2_20260717T001808_full_phaseformer_PEMS03_l96_h48_s2021_PhaseFormer_PEMS_ftM_sl96_pl48_cycle288_seed2021/metrics_summary.csv,
107,phaseformer,PhaseFormer,PEMS03,96,96,2021,not_available,ok,0.5515327796224846,0.5252846340629886,3.040873156180632,0.7426525295334855,2960,,,596.3155190944672,4.097014904022217,0.2319372132032519,56.96826171875,134.03515625,5146,results/complete_completion_0716v2_r2_20260717T001808_full_phaseformer_PEMS03_l96_h96_s2021_PhaseFormer_PEMS_ftM_sl96_pl96_cycle288_seed2021,checkpoints/completion_0716v2/complete_completion_0716v2_r2_20260717T001808_full_phaseformer_PEMS03_l96_h96_s2021_PhaseFormer_PEMS_ftM_sl96_pl96_cycle288_seed2021/checkpoint.pth,results/complete_completion_0716v2_r2_20260717T001808_full_phaseformer_PEMS03_l96_h96_s2021_PhaseFormer_PEMS_ftM_sl96_pl96_cycle288_seed2021/metrics_summary.csv,
108,phaseformer,PhaseFormer,PEMS03,720,12,2021,not_available,ok,0.0678580546304708,0.17355206185426253,1.2941305744968883,0.2604957862048267,4197,,,826.9005446434021,6.3627541065216064,0.2520398763907685,79.70458984375,159.80859375,5230,results/complete_completion_0716v2_r2_20260717T001808_full_phaseformer_PEMS03_l720_h12_s2021_PhaseFormer_PEMS_ftM_sl720_pl12_cycle288_seed2021,checkpoints/completion_0716v2/complete_completion_0716v2_r2_20260717T001808_full_phaseformer_PEMS03_l720_h12_s2021_PhaseFormer_PEMS_ftM_sl720_pl12_cycle288_seed2021/checkpoint.pth,results/complete_completion_0716v2_r2_20260717T001808_full_phaseformer_PEMS03_l720_h12_s2021_PhaseFormer_PEMS_ftM_sl720_pl12_cycle288_seed2021/metrics_summary.csv,
109,phaseformer,PhaseFormer,PEMS03,720,24,2021,not_available,ok,0.08723587043695627,0.19560656078585553,1.4467403609956213,0.2953571912734753,4206,,,800.3217544555664,6.187773942947388,0.24471054604686096,80.35986328125,160.2021484375,5218,results/complete_completion_0716v2_r2_20260717T001808_full_phaseformer_PEMS03_l720_h24_s2021_PhaseFormer_PEMS_ftM_sl720_pl24_cycle288_seed2021,checkpoints/completion_0716v2/complete_completion_0716v2_r2_20260717T001808_full_phaseformer_PEMS03_l720_h24_s2021_PhaseFormer_PEMS_ftM_sl720_pl24_cycle288_seed2021/checkpoint.pth,results/complete_completion_0716v2_r2_20260717T001808_full_phaseformer_PEMS03_l720_h24_s2021_PhaseFormer_PEMS_ftM_sl720_pl24_cycle288_seed2021/metrics_summary.csv,
110,phaseformer,PhaseFormer,PEMS03,720,48,2021,not_available,ok,0.11826480421711986,0.22551516171412597,1.6333208054845079,0.34389650218796913,4224,,,843.525538444519,5.908641338348389,0.23444180696353484,81.6728515625,160.99072265625,5194,results/complete_completion_0716v2_r2_20260717T001808_full_phaseformer_PEMS03_l720_h48_s2021_PhaseFormer_PEMS_ftM_sl720_pl48_cycle288_seed2021,checkpoints/completion_0716v2/complete_completion_0716v2_r2_20260717T001808_full_phaseformer_PEMS03_l720_h48_s2021_PhaseFormer_PEMS_ftM_sl720_pl48_cycle288_seed2021/checkpoint.pth,results/complete_completion_0716v2_r2_20260717T001808_full_phaseformer_PEMS03_l720_h48_s2021_PhaseFormer_PEMS_ftM_sl720_pl48_cycle288_seed2021/metrics_summary.csv,
111,phaseformer,PhaseFormer,PEMS03,720,96,2021,not_available,ok,0.15254522504213705,0.257387892787628,1.8101559807723264,0.39057038423584683,4260,,,848.1633017063141,6.154813528060913,0.23934930242910066,84.89599609375,162.568359375,5146,results/complete_completion_0716v2_r2_20260717T001808_full_phaseformer_PEMS03_l720_h96_s2021_PhaseFormer_PEMS_ftM_sl720_pl96_cycle288_seed2021,checkpoints/completion_0716v2/complete_completion_0716v2_r2_20260717T001808_full_phaseformer_PEMS03_l720_h96_s2021_PhaseFormer_PEMS_ftM_sl720_pl96_cycle288_seed2021/checkpoint.pth,results/complete_completion_0716v2_r2_20260717T001808_full_phaseformer_PEMS03_l720_h96_s2021_PhaseFormer_PEMS_ftM_sl720_pl96_cycle288_seed2021/metrics_summary.csv,
112,phaseformer,PhaseFormer,PEMS04,96,12,2021,not_available,ok,0.11646454387765852,0.2291748671645306,1.7328706629678299,0.3412690198035247,2897,,,365.2934808731079,2.9787588119506836,0.27673134085583956,49.41650390625,121.587890625,3387,results/complete_completion_0716v2_r2_20260717T001808_full_phaseformer_PEMS04_l96_h12_s2021_PhaseFormer_PEMS_ftM_sl96_pl12_cycle288_seed2021,checkpoints/completion_0716v2/complete_completion_0716v2_r2_20260717T001808_full_phaseformer_PEMS04_l96_h12_s2021_PhaseFormer_PEMS_ftM_sl96_pl12_cycle288_seed2021/checkpoint.pth,results/complete_completion_0716v2_r2_20260717T001808_full_phaseformer_PEMS04_l96_h12_s2021_PhaseFormer_PEMS_ftM_sl96_pl12_cycle288_seed2021/metrics_summary.csv,
113,phaseformer,PhaseFormer,PEMS04,96,24,2021,not_available,ok,0.1984203423921864,0.3030454502358161,2.419924560774948,0.44544398345042935,2906,,,365.3724629878998,3.011397361755371,0.2686533970344398,49.97900390625,121.92578125,3375,results/complete_completion_0716v2_r2_20260717T001808_full_phaseformer_PEMS04_l96_h24_s2021_PhaseFormer_PEMS_ftM_sl96_pl24_cycle288_seed2021,checkpoints/completion_0716v2/complete_completion_0716v2_r2_20260717T001808_full_phaseformer_PEMS04_l96_h24_s2021_PhaseFormer_PEMS_ftM_sl96_pl24_cycle288_seed2021/checkpoint.pth,results/complete_completion_0716v2_r2_20260717T001808_full_phaseformer_PEMS04_l96_h24_s2021_PhaseFormer_PEMS_ftM_sl96_pl24_cycle288_seed2021/metrics_summary.csv,
114,phaseformer,PhaseFormer,PEMS04,96,48,2021,not_available,ok,0.39335275094380096,0.4377004548075518,3.332001370195222,0.6271784043984622,2924,,,377.8502802848816,3.352893352508545,0.2899618515863201,51.10400390625,122.6015625,3351,results/complete_completion_0716v2_r2_20260717T001808_full_phaseformer_PEMS04_l96_h48_s2021_PhaseFormer_PEMS_ftM_sl96_pl48_cycle288_seed2021,checkpoints/completion_0716v2/complete_completion_0716v2_r2_20260717T001808_full_phaseformer_PEMS04_l96_h48_s2021_PhaseFormer_PEMS_ftM_sl96_pl48_cycle288_seed2021/checkpoint.pth,results/complete_completion_0716v2_r2_20260717T001808_full_phaseformer_PEMS04_l96_h48_s2021_PhaseFormer_PEMS_ftM_sl96_pl48_cycle288_seed2021/metrics_summary.csv,
115,phaseformer,PhaseFormer,PEMS04,96,96,2021,not_available,ok,0.6990224614870949,0.6044743216626377,3.7077181347845514,0.8360756314395815,2960,,,388.6517164707184,2.7376415729522705,0.25728708536308026,53.35693359375,123.955078125,3303,results/complete_completion_0716v2_r2_20260717T001808_full_phaseformer_PEMS04_l96_h96_s2021_PhaseFormer_PEMS_ftM_sl96_pl96_cycle288_seed2021,checkpoints/completion_0716v2/complete_completion_0716v2_r2_20260717T001808_full_phaseformer_PEMS04_l96_h96_s2021_PhaseFormer_PEMS_ftM_sl96_pl96_cycle288_seed2021/checkpoint.pth,results/complete_completion_0716v2_r2_20260717T001808_full_phaseformer_PEMS04_l96_h96_s2021_PhaseFormer_PEMS_ftM_sl96_pl96_cycle288_seed2021/metrics_summary.csv,
116,phaseformer,PhaseFormer,PEMS04,720,12,2021,not_available,ok,0.08280135233613328,0.1924557815048815,1.4315215676517838,0.2877522412356388,4197,,,484.04378509521484,4.350984334945679,0.3010877621188817,72.86279296875,145.04296875,3387,results/complete_completion_0716v2_r2_20260717T001808_full_phaseformer_PEMS04_l720_h12_s2021_PhaseFormer_PEMS_ftM_sl720_pl12_cycle288_seed2021,checkpoints/completion_0716v2/complete_completion_0716v2_r2_20260717T001808_full_phaseformer_PEMS04_l720_h12_s2021_PhaseFormer_PEMS_ftM_sl720_pl12_cycle288_seed2021/checkpoint.pth,results/complete_completion_0716v2_r2_20260717T001808_full_phaseformer_PEMS04_l720_h12_s2021_PhaseFormer_PEMS_ftM_sl720_pl12_cycle288_seed2021/metrics_summary.csv,
117,phaseformer,PhaseFormer,PEMS04,720,24,2021,not_available,ok,0.1036885792941814,0.21751704261450383,1.724952647499151,0.32200711062673976,4206,,,503.5047540664673,3.791353940963745,0.22868738654587004,73.42529296875,145.380859375,3375,results/complete_completion_0716v2_r2_20260717T001808_full_phaseformer_PEMS04_l720_h24_s2021_PhaseFormer_PEMS_ftM_sl720_pl24_cycle288_seed2021,checkpoints/completion_0716v2/complete_completion_0716v2_r2_20260717T001808_full_phaseformer_PEMS04_l720_h24_s2021_PhaseFormer_PEMS_ftM_sl720_pl24_cycle288_seed2021/checkpoint.pth,results/complete_completion_0716v2_r2_20260717T001808_full_phaseformer_PEMS04_l720_h24_s2021_PhaseFormer_PEMS_ftM_sl720_pl24_cycle288_seed2021/metrics_summary.csv,
118,phaseformer,PhaseFormer,PEMS04,720,48,2021,not_available,ok,0.1335009951175568,0.24580233067279908,1.9639405834302748,0.36537787989635717,4224,,,493.8104248046875,4.297617197036743,0.2794848753334479,74.55029296875,146.056640625,3351,results/complete_completion_0716v2_r2_20260717T001808_full_phaseformer_PEMS04_l720_h48_s2021_PhaseFormer_PEMS_ftM_sl720_pl48_cycle288_seed2021,checkpoints/completion_0716v2/complete_completion_0716v2_r2_20260717T001808_full_phaseformer_PEMS04_l720_h48_s2021_PhaseFormer_PEMS_ftM_sl720_pl48_cycle288_seed2021/checkpoint.pth,results/complete_completion_0716v2_r2_20260717T001808_full_phaseformer_PEMS04_l720_h48_s2021_PhaseFormer_PEMS_ftM_sl720_pl48_cycle288_seed2021/metrics_summary.csv,
119,phaseformer,PhaseFormer,PEMS04,720,96,2021,not_available,ok,0.16970117436458382,0.281233436876191,2.2006533904682954,0.41194802386294294,4260,,,561.6210587024689,4.570044994354248,0.27917032114554635,76.80322265625,147.41015625,3303,results/complete_completion_0716v2_r2_20260717T001808_full_phaseformer_PEMS04_l720_h96_s2021_PhaseFormer_PEMS_ftM_sl720_pl96_cycle288_seed2021,checkpoints/completion_0716v2/complete_completion_0716v2_r2_20260717T001808_full_phaseformer_PEMS04_l720_h96_s2021_PhaseFormer_PEMS_ftM_sl720_pl96_cycle288_seed2021/checkpoint.pth,results/complete_completion_0716v2_r2_20260717T001808_full_phaseformer_PEMS04_l720_h96_s2021_PhaseFormer_PEMS_ftM_sl720_pl96_cycle288_seed2021/metrics_summary.csv,
120,phaseformer,PhaseFormer,PEMS07,96,12,2021,not_available,ok,0.08925219917087507,0.20030698341536238,1.9363901814178897,0.29875106555604963,2897,,,1191.2223646640778,7.165423393249512,0.43310586296282505,57.61962890625,148.556640625,5633,results/complete_completion_0716v2_r2_20260717T001808_full_phaseformer_PEMS07_l96_h12_s2021_PhaseFormer_PEMS_ftM_sl96_pl12_cycle288_seed2021,checkpoints/completion_0716v2/complete_completion_0716v2_r2_20260717T001808_full_phaseformer_PEMS07_l96_h12_s2021_PhaseFormer_PEMS_ftM_sl96_pl12_cycle288_seed2021/checkpoint.pth,results/complete_completion_0716v2_r2_20260717T001808_full_phaseformer_PEMS07_l96_h12_s2021_PhaseFormer_PEMS_ftM_sl96_pl12_cycle288_seed2021/metrics_summary.csv,
121,phaseformer,PhaseFormer,PEMS07,96,24,2021,not_available,ok,0.16186992343201576,0.2706927760627326,2.435009925472085,0.4023306145845923,2906,,,1219.061270236969,7.218176364898682,0.4300388643904802,58.42822265625,149.0419921875,5621,results/complete_completion_0716v2_r2_20260717T001808_full_phaseformer_PEMS07_l96_h24_s2021_PhaseFormer_PEMS_ftM_sl96_pl24_cycle288_seed2021,checkpoints/completion_0716v2/complete_completion_0716v2_r2_20260717T001808_full_phaseformer_PEMS07_l96_h24_s2021_PhaseFormer_PEMS_ftM_sl96_pl24_cycle288_seed2021/checkpoint.pth,results/complete_completion_0716v2_r2_20260717T001808_full_phaseformer_PEMS07_l96_h24_s2021_PhaseFormer_PEMS_ftM_sl96_pl24_cycle288_seed2021/metrics_summary.csv,
122,phaseformer,PhaseFormer,PEMS07,96,48,2021,not_available,ok,0.33753383067855863,0.40011488824910085,3.210287797186164,0.5809766180136329,2924,,,1236.379136800766,6.576894998550415,0.40198910108832175,60.04541015625,150.0126953125,5597,results/complete_completion_0716v2_r2_20260717T001808_full_phaseformer_PEMS07_l96_h48_s2021_PhaseFormer_PEMS_ftM_sl96_pl48_cycle288_seed2021,checkpoints/completion_0716v2/complete_completion_0716v2_r2_20260717T001808_full_phaseformer_PEMS07_l96_h48_s2021_PhaseFormer_PEMS_ftM_sl96_pl48_cycle288_seed2021/checkpoint.pth,results/complete_completion_0716v2_r2_20260717T001808_full_phaseformer_PEMS07_l96_h48_s2021_PhaseFormer_PEMS_ftM_sl96_pl48_cycle288_seed2021/metrics_summary.csv,
123,phaseformer,PhaseFormer,PEMS07,96,96,2021,not_available,ok,0.6285960225078492,0.5626670124686558,3.946626836179077,0.7928404773394514,2960,,,1366.9517204761505,7.971694707870483,0.42691746913601547,63.27978515625,151.9541015625,5549,results/complete_completion_0716v2_r2_20260717T001808_full_phaseformer_PEMS07_l96_h96_s2021_PhaseFormer_PEMS_ftM_sl96_pl96_cycle288_seed2021,checkpoints/completion_0716v2/complete_completion_0716v2_r2_20260717T001808_full_phaseformer_PEMS07_l96_h96_s2021_PhaseFormer_PEMS_ftM_sl96_pl96_cycle288_seed2021/checkpoint.pth,results/complete_completion_0716v2_r2_20260717T001808_full_phaseformer_PEMS07_l96_h96_s2021_PhaseFormer_PEMS_ftM_sl96_pl96_cycle288_seed2021/metrics_summary.csv,
124,phaseformer,PhaseFormer,PEMS07,720,12,2021,not_available,ok,0.06117805770165243,0.16285722808605843,1.591577209149639,0.24734198531921836,4197,,,1865.5601799488068,12.670426368713379,0.4378983768464701,91.283203125,182.22900390625,5633,results/complete_completion_0716v2_r2_20260717T001808_full_phaseformer_PEMS07_l720_h12_s2021_PhaseFormer_PEMS_ftM_sl720_pl12_cycle288_seed2021,checkpoints/completion_0716v2/complete_completion_0716v2_r2_20260717T001808_full_phaseformer_PEMS07_l720_h12_s2021_PhaseFormer_PEMS_ftM_sl720_pl12_cycle288_seed2021/checkpoint.pth,results/complete_completion_0716v2_r2_20260717T001808_full_phaseformer_PEMS07_l720_h12_s2021_PhaseFormer_PEMS_ftM_sl720_pl12_cycle288_seed2021/metrics_summary.csv,
125,phaseformer,PhaseFormer,PEMS07,720,24,2021,not_available,ok,0.07846342320013532,0.1860407292159666,1.7504753580771957,0.2801132328186859,4206,,,1901.3224022388458,12.781516790390015,0.4560158332338263,92.091796875,182.71435546875,5621,results/complete_completion_0716v2_r2_20260717T001808_full_phaseformer_PEMS07_l720_h24_s2021_PhaseFormer_PEMS_ftM_sl720_pl24_cycle288_seed2021,checkpoints/completion_0716v2/complete_completion_0716v2_r2_20260717T001808_full_phaseformer_PEMS07_l720_h24_s2021_PhaseFormer_PEMS_ftM_sl720_pl24_cycle288_seed2021/checkpoint.pth,results/complete_completion_0716v2_r2_20260717T001808_full_phaseformer_PEMS07_l720_h24_s2021_PhaseFormer_PEMS_ftM_sl720_pl24_cycle288_seed2021/metrics_summary.csv,
126,phaseformer,PhaseFormer,PEMS07,720,48,2021,not_available,ok,0.1050843944507161,0.21549391966295456,2.0108526149370536,0.32416723222854604,4224,,,1724.4244468212128,13.010843515396118,0.46312936017752676,93.708984375,183.68505859375,5597,results/complete_completion_0716v2_r2_20260717T001808_full_phaseformer_PEMS07_l720_h48_s2021_PhaseFormer_PEMS_ftM_sl720_pl48_cycle288_seed2021,checkpoints/completion_0716v2/complete_completion_0716v2_r2_20260717T001808_full_phaseformer_PEMS07_l720_h48_s2021_PhaseFormer_PEMS_ftM_sl720_pl48_cycle288_seed2021/checkpoint.pth,results/complete_completion_0716v2_r2_20260717T001808_full_phaseformer_PEMS07_l720_h48_s2021_PhaseFormer_PEMS_ftM_sl720_pl48_cycle288_seed2021/metrics_summary.csv,
127,phaseformer,PhaseFormer,PEMS07,720,96,2021,not_available,ok,0.13735978775300198,0.24841952770488332,2.238560164503395,0.37062081397703767,4260,,,2012.9274215698242,13.417709589004517,0.45472511809851635,96.943359375,185.62646484375,5549,results/complete_completion_0716v2_r2_20260717T001808_full_phaseformer_PEMS07_l720_h96_s2021_PhaseFormer_PEMS_ftM_sl720_pl96_cycle288_seed2021,checkpoints/completion_0716v2/complete_completion_0716v2_r2_20260717T001808_full_phaseformer_PEMS07_l720_h96_s2021_PhaseFormer_PEMS_ftM_sl720_pl96_cycle288_seed2021/checkpoint.pth,results/complete_completion_0716v2_r2_20260717T001808_full_phaseformer_PEMS07_l720_h96_s2021_PhaseFormer_PEMS_ftM_sl720_pl96_cycle288_seed2021/metrics_summary.csv,
128,phaseformer,PhaseFormer,PEMS08,96,12,2021,not_available,ok,0.10979046651025119,0.21936794964573106,1.8068099115765193,0.33134644484323533,2897,,,365.2366473674774,3.1227023601531982,0.27375611806225575,41.6640625,95.93798828125,3560,results/complete_completion_0716v2_r2_20260717T001808_full_phaseformer_PEMS08_l96_h12_s2021_PhaseFormer_PEMS_ftM_sl96_pl12_cycle288_seed2021,checkpoints/completion_0716v2/complete_completion_0716v2_r2_20260717T001808_full_phaseformer_PEMS08_l96_h12_s2021_PhaseFormer_PEMS_ftM_sl96_pl12_cycle288_seed2021/checkpoint.pth,results/complete_completion_0716v2_r2_20260717T001808_full_phaseformer_PEMS08_l96_h12_s2021_PhaseFormer_PEMS_ftM_sl96_pl12_cycle288_seed2021/metrics_summary.csv,
129,phaseformer,PhaseFormer,PEMS08,96,24,2021,not_available,ok,0.18110467680200132,0.28286947569741466,2.443211982431684,0.42556395148320697,2906,,,365.549512386322,3.135512113571167,0.28424910973156925,41.97509765625,96.125,3548,results/complete_completion_0716v2_r2_20260717T001808_full_phaseformer_PEMS08_l96_h24_s2021_PhaseFormer_PEMS_ftM_sl96_pl24_cycle288_seed2021,checkpoints/completion_0716v2/complete_completion_0716v2_r2_20260717T001808_full_phaseformer_PEMS08_l96_h24_s2021_PhaseFormer_PEMS_ftM_sl96_pl24_cycle288_seed2021/checkpoint.pth,results/complete_completion_0716v2_r2_20260717T001808_full_phaseformer_PEMS08_l96_h24_s2021_PhaseFormer_PEMS_ftM_sl96_pl24_cycle288_seed2021/metrics_summary.csv,
130,phaseformer,PhaseFormer,PEMS08,96,48,2021,not_available,ok,0.36912217424840954,0.415135328986728,3.3904617926743725,0.6075542562178373,2924,,,370.91600465774536,2.6263694763183594,0.2657252445258834,42.599609375,96.50048828125,3524,results/complete_completion_0716v2_r2_20260717T001808_full_phaseformer_PEMS08_l96_h48_s2021_PhaseFormer_PEMS_ftM_sl96_pl48_cycle288_seed2021,checkpoints/completion_0716v2/complete_completion_0716v2_r2_20260717T001808_full_phaseformer_PEMS08_l96_h48_s2021_PhaseFormer_PEMS_ftM_sl96_pl48_cycle288_seed2021/checkpoint.pth,results/complete_completion_0716v2_r2_20260717T001808_full_phaseformer_PEMS08_l96_h48_s2021_PhaseFormer_PEMS_ftM_sl96_pl48_cycle288_seed2021/metrics_summary.csv,
131,phaseformer,PhaseFormer,PEMS08,96,96,2021,not_available,ok,0.765168846037587,0.5992468209399484,4.000307915516138,0.8747393017565788,2960,,,374.54471373558044,2.5341386795043945,0.24146841886111453,43.84912109375,97.251953125,3476,results/complete_completion_0716v2_r2_20260717T001808_full_phaseformer_PEMS08_l96_h96_s2021_PhaseFormer_PEMS_ftM_sl96_pl96_cycle288_seed2021,checkpoints/completion_0716v2/complete_completion_0716v2_r2_20260717T001808_full_phaseformer_PEMS08_l96_h96_s2021_PhaseFormer_PEMS_ftM_sl96_pl96_cycle288_seed2021/checkpoint.pth,results/complete_completion_0716v2_r2_20260717T001808_full_phaseformer_PEMS08_l96_h96_s2021_PhaseFormer_PEMS_ftM_sl96_pl96_cycle288_seed2021/metrics_summary.csv,
132,phaseformer,PhaseFormer,PEMS08,720,12,2021,not_available,ok,0.08976658210908406,0.18649451608552392,1.5176801568292682,0.2996107176138465,4197,,,418.9152708053589,3.594841241836548,0.2612765423977732,54.6748046875,108.95751953125,3560,results/complete_completion_0716v2_r2_20260717T001808_full_phaseformer_PEMS08_l720_h12_s2021_PhaseFormer_PEMS_ftM_sl720_pl12_cycle288_seed2021,checkpoints/completion_0716v2/complete_completion_0716v2_r2_20260717T001808_full_phaseformer_PEMS08_l720_h12_s2021_PhaseFormer_PEMS_ftM_sl720_pl12_cycle288_seed2021/checkpoint.pth,results/complete_completion_0716v2_r2_20260717T001808_full_phaseformer_PEMS08_l720_h12_s2021_PhaseFormer_PEMS_ftM_sl720_pl12_cycle288_seed2021/metrics_summary.csv,
133,phaseformer,PhaseFormer,PEMS08,720,24,2021,not_available,ok,0.12305073972216103,0.21256708086024254,1.6994533034205077,0.35078588871583904,4206,,,425.24053263664246,3.6796300411224365,0.26208068860491074,54.98583984375,109.14453125,3548,results/complete_completion_0716v2_r2_20260717T001808_full_phaseformer_PEMS08_l720_h24_s2021_PhaseFormer_PEMS_ftM_sl720_pl24_cycle288_seed2021,checkpoints/completion_0716v2/complete_completion_0716v2_r2_20260717T001808_full_phaseformer_PEMS08_l720_h24_s2021_PhaseFormer_PEMS_ftM_sl720_pl24_cycle288_seed2021/checkpoint.pth,results/complete_completion_0716v2_r2_20260717T001808_full_phaseformer_PEMS08_l720_h24_s2021_PhaseFormer_PEMS_ftM_sl720_pl24_cycle288_seed2021/metrics_summary.csv,
134,phaseformer,PhaseFormer,PEMS08,720,48,2021,not_available,ok,0.19218243424175233,0.2465785358603656,1.912105871336505,0.4383861702218175,4224,,,448.1186330318451,4.014216423034668,0.29137641773955575,55.6103515625,109.52001953125,3524,results/complete_completion_0716v2_r2_20260717T001808_full_phaseformer_PEMS08_l720_h48_s2021_PhaseFormer_PEMS_ftM_sl720_pl48_cycle288_seed2021,checkpoints/completion_0716v2/complete_completion_0716v2_r2_20260717T001808_full_phaseformer_PEMS08_l720_h48_s2021_PhaseFormer_PEMS_ftM_sl720_pl48_cycle288_seed2021/checkpoint.pth,results/complete_completion_0716v2_r2_20260717T001808_full_phaseformer_PEMS08_l720_h48_s2021_PhaseFormer_PEMS_ftM_sl720_pl48_cycle288_seed2021/metrics_summary.csv,
135,phaseformer,PhaseFormer,PEMS08,720,96,2021,not_available,ok,0.278764932656823,0.28208792660716764,2.1928473558687682,0.5279819434950621,4260,,,427.805447101593,3.9297008514404297,0.265101691661349,56.85986328125,110.271484375,3476,results/complete_completion_0716v2_r2_20260717T001808_full_phaseformer_PEMS08_l720_h96_s2021_PhaseFormer_PEMS_ftM_sl720_pl96_cycle288_seed2021,checkpoints/completion_0716v2/complete_completion_0716v2_r2_20260717T001808_full_phaseformer_PEMS08_l720_h96_s2021_PhaseFormer_PEMS_ftM_sl720_pl96_cycle288_seed2021/checkpoint.pth,results/complete_completion_0716v2_r2_20260717T001808_full_phaseformer_PEMS08_l720_h96_s2021_PhaseFormer_PEMS_ftM_sl720_pl96_cycle288_seed2021/metrics_summary.csv,
136,phaseformer,PhaseFormer,traffic,96,96,2021,not_available,ok,0.4963602239957273,0.2920030341237185,2.893881627287603,0.7045283699012604,34632,,,897.3539266586304,5.292999505996704,0.5911977157974165,176.56689453125,516.98193359375,3413,results/complete_completion_0716v2_r2_20260717T001808_full_phaseformer_traffic_l96_h96_s2021_PhaseFormer_custom_ftM_sl96_pl96_cycle168_seed2021,checkpoints/completion_0716v2/complete_completion_0716v2_r2_20260717T001808_full_phaseformer_traffic_l96_h96_s2021_PhaseFormer_custom_ftM_sl96_pl96_cycle168_seed2021/checkpoint.pth,results/complete_completion_0716v2_r2_20260717T001808_full_phaseformer_traffic_l96_h96_s2021_PhaseFormer_custom_ftM_sl96_pl96_cycle168_seed2021/metrics_summary.csv,
137,phaseformer,PhaseFormer,traffic,96,192,2021,not_available,ok,0.46637023062658955,0.27260380709664556,2.588512577106731,0.6829130476324123,269832,,,880.6633288860321,6.3269383907318115,0.7146775518171433,542.69921875,1124.25537109375,3317,results/complete_completion_0716v2_r2_20260717T001808_full_phaseformer_traffic_l96_h192_s2021_PhaseFormer_custom_ftM_sl96_pl192_cycle168_seed2021,checkpoints/completion_0716v2/complete_completion_0716v2_r2_20260717T001808_full_phaseformer_traffic_l96_h192_s2021_PhaseFormer_custom_ftM_sl96_pl192_cycle168_seed2021/checkpoint.pth,results/complete_completion_0716v2_r2_20260717T001808_full_phaseformer_traffic_l96_h192_s2021_PhaseFormer_custom_ftM_sl96_pl192_cycle168_seed2021/metrics_summary.csv,
138,phaseformer,PhaseFormer,traffic,96,336,2021,not_available,ok,0.48164954301820895,0.2796298620689192,2.613118874077371,0.6940097571491405,270606,,,1009.9587700366974,7.255884647369385,0.7289704396203043,551.97509765625,1129.7373046875,3173,results/complete_completion_0716v2_r2_20260717T001808_full_phaseformer_traffic_l96_h336_s2021_PhaseFormer_custom_ftM_sl96_pl336_cycle168_seed2021,checkpoints/completion_0716v2/complete_completion_0716v2_r2_20260717T001808_full_phaseformer_traffic_l96_h336_s2021_PhaseFormer_custom_ftM_sl96_pl336_cycle168_seed2021/checkpoint.pth,results/complete_completion_0716v2_r2_20260717T001808_full_phaseformer_traffic_l96_h336_s2021_PhaseFormer_custom_ftM_sl96_pl336_cycle168_seed2021/metrics_summary.csv,
139,phaseformer,PhaseFormer,traffic,96,720,2021,not_available,ok,0.5124392730710207,0.2978255347171134,2.744942557282669,0.7158486383803636,272670,,,1201.6924295425415,8.14031457901001,0.732733514433738,576.9716796875,1145.81689453125,2789,results/complete_completion_0716v2_r2_20260717T001808_full_phaseformer_traffic_l96_h720_s2021_PhaseFormer_custom_ftM_sl96_pl720_cycle168_seed2021,checkpoints/completion_0716v2/complete_completion_0716v2_r2_20260717T001808_full_phaseformer_traffic_l96_h720_s2021_PhaseFormer_custom_ftM_sl96_pl720_cycle168_seed2021/checkpoint.pth,results/complete_completion_0716v2_r2_20260717T001808_full_phaseformer_traffic_l96_h720_s2021_PhaseFormer_custom_ftM_sl96_pl720_cycle168_seed2021/metrics_summary.csv,
140,phaseformer,PhaseFormer,traffic,720,96,2021,not_available,ok,0.36367650116627165,0.23251590090348803,2.1330467189703795,0.6030559685189026,37154,,,1339.9303200244904,9.310868501663208,0.650537432215883,208.63427734375,541.37353515625,3413,results/complete_completion_0716v2_r2_20260717T001808_full_phaseformer_traffic_l720_h96_s2021_PhaseFormer_custom_ftM_sl720_pl96_cycle168_seed2021,checkpoints/completion_0716v2/complete_completion_0716v2_r2_20260717T001808_full_phaseformer_traffic_l720_h96_s2021_PhaseFormer_custom_ftM_sl720_pl96_cycle168_seed2021/checkpoint.pth,results/complete_completion_0716v2_r2_20260717T001808_full_phaseformer_traffic_l720_h96_s2021_PhaseFormer_custom_ftM_sl720_pl96_cycle168_seed2021/metrics_summary.csv,
141,phaseformer,PhaseFormer,traffic,720,192,2021,not_available,ok,0.3800035359229216,0.24168152614878102,2.208263574377852,0.6164442683024327,273160,,,1001.3496966362,10.178500652313232,0.7167826337868419,567.81982421875,1141.595703125,3317,results/complete_completion_0716v2_r2_20260717T001808_full_phaseformer_traffic_l720_h192_s2021_PhaseFormer_custom_ftM_sl720_pl192_cycle168_seed2021,checkpoints/completion_0716v2/complete_completion_0716v2_r2_20260717T001808_full_phaseformer_traffic_l720_h192_s2021_PhaseFormer_custom_ftM_sl720_pl192_cycle168_seed2021/checkpoint.pth,results/complete_completion_0716v2_r2_20260717T001808_full_phaseformer_traffic_l720_h192_s2021_PhaseFormer_custom_ftM_sl720_pl192_cycle168_seed2021/metrics_summary.csv,
142,phaseformer,PhaseFormer,traffic,720,336,2021,not_available,ok,0.39231656874613763,0.24729469406519733,2.271641546482148,0.626351793121196,273934,,,1058.8717031478882,10.78419828414917,0.7311382412844714,576.66748046875,1146.99951171875,3173,results/complete_completion_0716v2_r2_20260717T001808_full_phaseformer_traffic_l720_h336_s2021_PhaseFormer_custom_ftM_sl720_pl336_cycle168_seed2021,checkpoints/completion_0716v2/complete_completion_0716v2_r2_20260717T001808_full_phaseformer_traffic_l720_h336_s2021_PhaseFormer_custom_ftM_sl720_pl336_cycle168_seed2021/checkpoint.pth,results/complete_completion_0716v2_r2_20260717T001808_full_phaseformer_traffic_l720_h336_s2021_PhaseFormer_custom_ftM_sl720_pl336_cycle168_seed2021/metrics_summary.csv,
143,phaseformer,PhaseFormer,traffic,720,720,2021,not_available,ok,0.4332260233254217,0.2686510926802837,2.3835049864866766,0.6581990757555207,275998,,,1184.9769206047058,10.972282886505127,0.743431144341554,601.87451171875,1161.36474609375,2789,results/complete_completion_0716v2_r2_20260717T001808_full_phaseformer_traffic_l720_h720_s2021_PhaseFormer_custom_ftM_sl720_pl720_cycle168_seed2021,checkpoints/completion_0716v2/complete_completion_0716v2_r2_20260717T001808_full_phaseformer_traffic_l720_h720_s2021_PhaseFormer_custom_ftM_sl720_pl720_cycle168_seed2021/checkpoint.pth,results/complete_completion_0716v2_r2_20260717T001808_full_phaseformer_traffic_l720_h720_s2021_PhaseFormer_custom_ftM_sl720_pl720_cycle168_seed2021/metrics_summary.csv,
144,freqcycle,FreqCycle,ETTh1,96,96,2026,not_available,ok,0.37144470736063845,0.3918306573249971,9.346022965256301,0.6094626381991257,50552,25752,24800,20.586074829101562,1.675163745880127,0.14589984284269103,71.18896484375,134.5322265625,2785,results/complete_completion_0716v2_r2_20260717T001808_full_freqcycle_ETTh1_l96_h96_s2026_FreqCycleOfficial_ETTh1_ftM_sl96_pl96_cycle24_seed2026,checkpoints/completion_0716v2/complete_completion_0716v2_r2_20260717T001808_full_freqcycle_ETTh1_l96_h96_s2026_FreqCycleOfficial_ETTh1_ftM_sl96_pl96_cycle24_seed2026/checkpoint.pth,results/complete_completion_0716v2_r2_20260717T001808_full_freqcycle_ETTh1_l96_h96_s2026_FreqCycleOfficial_ETTh1_ftM_sl96_pl96_cycle24_seed2026/metrics_summary.csv,
145,freqcycle,FreqCycle,ETTh1,96,192,2026,not_available,ok,0.4154759513776131,0.41666401668319786,9.199771874100172,0.6445742403925347,75320,38136,37184,21.307814121246338,1.6865408420562744,0.15169485998933932,75.31494140625,138.89404296875,2689,results/complete_completion_0716v2_r2_20260717T001808_full_freqcycle_ETTh1_l96_h192_s2026_FreqCycleOfficial_ETTh1_ftM_sl96_pl192_cycle24_seed2026,checkpoints/completion_0716v2/complete_completion_0716v2_r2_20260717T001808_full_freqcycle_ETTh1_l96_h192_s2026_FreqCycleOfficial_ETTh1_ftM_sl96_pl192_cycle24_seed2026/checkpoint.pth,results/complete_completion_0716v2_r2_20260717T001808_full_freqcycle_ETTh1_l96_h192_s2026_FreqCycleOfficial_ETTh1_ftM_sl96_pl192_cycle24_seed2026/metrics_summary.csv,
146,freqcycle,FreqCycle,ETTh1,96,336,2026,not_available,ok,0.4577838957380136,0.4382918532447932,9.48410875636819,0.6765972921450496,445016,222984,222032,20.301886081695557,1.5994091033935547,0.14058074681545757,83.8037109375,147.810546875,2545,results/complete_completion_0716v2_r2_20260717T001808_full_freqcycle_ETTh1_l96_h336_s2026_FreqCycleOfficial_ETTh1_ftM_sl96_pl336_cycle24_seed2026,checkpoints/completion_0716v2/complete_completion_0716v2_r2_20260717T001808_full_freqcycle_ETTh1_l96_h336_s2026_FreqCycleOfficial_ETTh1_ftM_sl96_pl336_cycle24_seed2026/checkpoint.pth,results/complete_completion_0716v2_r2_20260717T001808_full_freqcycle_ETTh1_l96_h336_s2026_FreqCycleOfficial_ETTh1_ftM_sl96_pl336_cycle24_seed2026/metrics_summary.csv,
147,freqcycle,FreqCycle,ETTh1,96,720,2026,not_available,ok,0.45947898757415606,0.45730502571311216,10.141159804213268,0.677848794034596,839000,419976,419024,22.787699699401855,1.6125798225402832,0.16545235191862764,100.24462890625,164.537109375,2161,results/complete_completion_0716v2_r2_20260717T001808_full_freqcycle_ETTh1_l96_h720_s2026_FreqCycleOfficial_ETTh1_ftM_sl96_pl720_cycle24_seed2026,checkpoints/completion_0716v2/complete_completion_0716v2_r2_20260717T001808_full_freqcycle_ETTh1_l96_h720_s2026_FreqCycleOfficial_ETTh1_ftM_sl96_pl720_cycle24_seed2026/checkpoint.pth,results/complete_completion_0716v2_r2_20260717T001808_full_freqcycle_ETTh1_l96_h720_s2026_FreqCycleOfficial_ETTh1_ftM_sl96_pl720_cycle24_seed2026/metrics_summary.csv,
148,freqcycle,FreqCycle,ETTh1,720,96,2026,not_available,ok,0.3761642448534256,0.408509514137072,10.620118272774215,0.6133223009588235,252832,148160,104672,73.97402477264404,1.765946388244629,0.17936778985485569,484.5576171875,958.92626953125,2785,results/complete_completion_0716v2_r2_20260717T001808_full_freqcycle_ETTh1_l720_h96_s2026_FreqCycleOfficial_ETTh1_ftM_sl720_pl96_cycle24_seed2026,checkpoints/completion_0716v2/complete_completion_0716v2_r2_20260717T001808_full_freqcycle_ETTh1_l720_h96_s2026_FreqCycleOfficial_ETTh1_ftM_sl720_pl96_cycle24_seed2026/checkpoint.pth,results/complete_completion_0716v2_r2_20260717T001808_full_freqcycle_ETTh1_l720_h96_s2026_FreqCycleOfficial_ETTh1_ftM_sl720_pl96_cycle24_seed2026/metrics_summary.csv,
149,freqcycle,FreqCycle,ETTh1,720,192,2026,not_available,ok,0.4074214292585804,0.42838704570186187,10.146839034137317,0.6382957224191467,277600,160544,117056,73.3086748123169,1.2768056392669678,0.10745923352445444,485.61328125,959.9599609375,2689,results/complete_completion_0716v2_r2_20260717T001808_full_freqcycle_ETTh1_l720_h192_s2026_FreqCycleOfficial_ETTh1_ftM_sl720_pl192_cycle24_seed2026,checkpoints/completion_0716v2/complete_completion_0716v2_r2_20260717T001808_full_freqcycle_ETTh1_l720_h192_s2026_FreqCycleOfficial_ETTh1_ftM_sl720_pl192_cycle24_seed2026/checkpoint.pth,results/complete_completion_0716v2_r2_20260717T001808_full_freqcycle_ETTh1_l720_h192_s2026_FreqCycleOfficial_ETTh1_ftM_sl720_pl192_cycle24_seed2026/metrics_summary.csv,
150,freqcycle,FreqCycle,ETTh1,720,336,2026,not_available,ok,0.45578015727498766,0.46149956654164304,9.597630377562952,0.6751149215318735,1126528,585008,541520,68.21390843391418,1.6928246021270752,0.17250238173075885,490.29345703125,969.77880859375,2545,results/complete_completion_0716v2_r2_20260717T001808_full_freqcycle_ETTh1_l720_h336_s2026_FreqCycleOfficial_ETTh1_ftM_sl720_pl336_cycle24_seed2026,checkpoints/completion_0716v2/complete_completion_0716v2_r2_20260717T001808_full_freqcycle_ETTh1_l720_h336_s2026_FreqCycleOfficial_ETTh1_ftM_sl720_pl336_cycle24_seed2026/checkpoint.pth,results/complete_completion_0716v2_r2_20260717T001808_full_freqcycle_ETTh1_l720_h336_s2026_FreqCycleOfficial_ETTh1_ftM_sl720_pl336_cycle24_seed2026/metrics_summary.csv,
151,freqcycle,FreqCycle,ETTh1,720,720,2026,not_available,ok,0.4867874891367912,0.49520079611366524,9.987719185022877,0.6977015759884675,1520512,782000,738512,66.84770464897156,1.6735172271728516,0.19468823602972127,496.48046875,978.48193359375,2161,results/complete_completion_0716v2_r2_20260717T001808_full_freqcycle_ETTh1_l720_h720_s2026_FreqCycleOfficial_ETTh1_ftM_sl720_pl720_cycle24_seed2026,checkpoints/completion_0716v2/complete_completion_0716v2_r2_20260717T001808_full_freqcycle_ETTh1_l720_h720_s2026_FreqCycleOfficial_ETTh1_ftM_sl720_pl720_cycle24_seed2026/checkpoint.pth,results/complete_completion_0716v2_r2_20260717T001808_full_freqcycle_ETTh1_l720_h720_s2026_FreqCycleOfficial_ETTh1_ftM_sl720_pl720_cycle24_seed2026/metrics_summary.csv,
152,freqcycle,FreqCycle,ETTh2,96,96,2026,not_available,ok,0.28661866635952976,0.33877949137717595,1.426332396994327,0.5353677860681662,50552,25752,24800,17.889517307281494,1.5739281177520752,0.11624534676249408,71.18896484375,134.5322265625,2785,results/complete_completion_0716v2_r2_20260717T001808_full_freqcycle_ETTh2_l96_h96_s2026_FreqCycleOfficial_ETTh2_ftM_sl96_pl96_cycle24_seed2026,checkpoints/completion_0716v2/complete_completion_0716v2_r2_20260717T001808_full_freqcycle_ETTh2_l96_h96_s2026_FreqCycleOfficial_ETTh2_ftM_sl96_pl96_cycle24_seed2026/checkpoint.pth,results/complete_completion_0716v2_r2_20260717T001808_full_freqcycle_ETTh2_l96_h96_s2026_FreqCycleOfficial_ETTh2_ftM_sl96_pl96_cycle24_seed2026/metrics_summary.csv,
153,freqcycle,FreqCycle,ETTh2,96,192,2026,not_available,ok,0.3650637374127025,0.3911111628785161,1.5727829160837705,0.6042050458351887,75320,38136,37184,21.068655490875244,1.5755653381347656,0.11909093036582674,75.31494140625,138.89404296875,2689,results/complete_completion_0716v2_r2_20260717T001808_full_freqcycle_ETTh2_l96_h192_s2026_FreqCycleOfficial_ETTh2_ftM_sl96_pl192_cycle24_seed2026,checkpoints/completion_0716v2/complete_completion_0716v2_r2_20260717T001808_full_freqcycle_ETTh2_l96_h192_s2026_FreqCycleOfficial_ETTh2_ftM_sl96_pl192_cycle24_seed2026/checkpoint.pth,results/complete_completion_0716v2_r2_20260717T001808_full_freqcycle_ETTh2_l96_h192_s2026_FreqCycleOfficial_ETTh2_ftM_sl96_pl192_cycle24_seed2026/metrics_summary.csv,
154,freqcycle,FreqCycle,ETTh2,96,336,2026,not_available,ok,0.4116258053378967,0.42575863249034923,1.7516876301378186,0.6415807083585796,445016,222984,222032,23.960408449172974,1.0014257431030273,0.0617316766680458,58.21044921875,107.81787109375,2545,results/complete_completion_0716v2_r2_20260717T001808_full_freqcycle_ETTh2_l96_h336_s2026_FreqCycleOfficial_ETTh2_ftM_sl96_pl336_cycle24_seed2026,checkpoints/completion_0716v2/complete_completion_0716v2_r2_20260717T001808_full_freqcycle_ETTh2_l96_h336_s2026_FreqCycleOfficial_ETTh2_ftM_sl96_pl336_cycle24_seed2026/checkpoint.pth,results/complete_completion_0716v2_r2_20260717T001808_full_freqcycle_ETTh2_l96_h336_s2026_FreqCycleOfficial_ETTh2_ftM_sl96_pl336_cycle24_seed2026/metrics_summary.csv,
155,freqcycle,FreqCycle,ETTh2,96,720,2026,not_available,ok,0.43018596482584304,0.4462744891928838,2.0822170032883016,0.6558856339529346,839000,419976,419024,25.083976984024048,1.658804178237915,0.17372641431435784,67.8857421875,119.11474609375,2161,results/complete_completion_0716v2_r2_20260717T001808_full_freqcycle_ETTh2_l96_h720_s2026_FreqCycleOfficial_ETTh2_ftM_sl96_pl720_cycle24_seed2026,checkpoints/completion_0716v2/complete_completion_0716v2_r2_20260717T001808_full_freqcycle_ETTh2_l96_h720_s2026_FreqCycleOfficial_ETTh2_ftM_sl96_pl720_cycle24_seed2026/checkpoint.pth,results/complete_completion_0716v2_r2_20260717T001808_full_freqcycle_ETTh2_l96_h720_s2026_FreqCycleOfficial_ETTh2_ftM_sl96_pl720_cycle24_seed2026/metrics_summary.csv,
156,freqcycle,FreqCycle,ETTh2,720,96,2026,not_available,ok,0.28375551100771296,0.3449739611589283,1.5283931367728005,0.5326870666795965,252832,148160,104672,78.09758400917053,1.8037047386169434,0.1681176935534931,484.5576171875,958.92626953125,2785,results/complete_completion_0716v2_r2_20260717T001808_full_freqcycle_ETTh2_l720_h96_s2026_FreqCycleOfficial_ETTh2_ftM_sl720_pl96_cycle24_seed2026,checkpoints/completion_0716v2/complete_completion_0716v2_r2_20260717T001808_full_freqcycle_ETTh2_l720_h96_s2026_FreqCycleOfficial_ETTh2_ftM_sl720_pl96_cycle24_seed2026/checkpoint.pth,results/complete_completion_0716v2_r2_20260717T001808_full_freqcycle_ETTh2_l720_h96_s2026_FreqCycleOfficial_ETTh2_ftM_sl720_pl96_cycle24_seed2026/metrics_summary.csv,
157,freqcycle,FreqCycle,ETTh2,720,192,2026,not_available,ok,0.35394702042991477,0.39308966036211757,1.6216733401138586,0.5949344673406599,277600,160544,117056,73.79602885246277,1.7968673706054688,0.17100378355602208,485.61328125,959.9599609375,2689,results/complete_completion_0716v2_r2_20260717T001808_full_freqcycle_ETTh2_l720_h192_s2026_FreqCycleOfficial_ETTh2_ftM_sl720_pl192_cycle24_seed2026,checkpoints/completion_0716v2/complete_completion_0716v2_r2_20260717T001808_full_freqcycle_ETTh2_l720_h192_s2026_FreqCycleOfficial_ETTh2_ftM_sl720_pl192_cycle24_seed2026/checkpoint.pth,results/complete_completion_0716v2_r2_20260717T001808_full_freqcycle_ETTh2_l720_h192_s2026_FreqCycleOfficial_ETTh2_ftM_sl720_pl192_cycle24_seed2026/metrics_summary.csv,
158,freqcycle,FreqCycle,ETTh2,720,336,2026,not_available,ok,0.38029544764733003,0.4203060562392038,1.8786741461017709,0.6166809934215015,1126528,585008,541520,77.4927327632904,1.148845911026001,0.0970078783186632,490.29345703125,969.77880859375,2545,results/complete_completion_0716v2_r2_20260717T001808_full_freqcycle_ETTh2_l720_h336_s2026_FreqCycleOfficial_ETTh2_ftM_sl720_pl336_cycle24_seed2026,checkpoints/completion_0716v2/complete_completion_0716v2_r2_20260717T001808_full_freqcycle_ETTh2_l720_h336_s2026_FreqCycleOfficial_ETTh2_ftM_sl720_pl336_cycle24_seed2026/checkpoint.pth,results/complete_completion_0716v2_r2_20260717T001808_full_freqcycle_ETTh2_l720_h336_s2026_FreqCycleOfficial_ETTh2_ftM_sl720_pl336_cycle24_seed2026/metrics_summary.csv,
159,freqcycle,FreqCycle,ETTh2,720,720,2026,not_available,ok,0.41944466466771874,0.4498965471413718,2.1191325982142937,0.6476454776092541,1520512,782000,738512,71.5767674446106,1.7758347988128662,0.20311237566047233,496.48046875,978.48193359375,2161,results/complete_completion_0716v2_r2_20260717T001808_full_freqcycle_ETTh2_l720_h720_s2026_FreqCycleOfficial_ETTh2_ftM_sl720_pl720_cycle24_seed2026,checkpoints/completion_0716v2/complete_completion_0716v2_r2_20260717T001808_full_freqcycle_ETTh2_l720_h720_s2026_FreqCycleOfficial_ETTh2_ftM_sl720_pl720_cycle24_seed2026/checkpoint.pth,results/complete_completion_0716v2_r2_20260717T001808_full_freqcycle_ETTh2_l720_h720_s2026_FreqCycleOfficial_ETTh2_ftM_sl720_pl720_cycle24_seed2026/metrics_summary.csv,
160,freqcycle,FreqCycle,ETTm1,96,96,2026,not_available,ok,0.31046365336649173,0.35402066906781565,2.2437259745244504,0.5571926537262419,51056,26256,24800,35.71494722366333,1.6213479042053223,0.03371172483717,71.19091796875,134.5400390625,11425,results/complete_completion_0716v2_r2_20260717T001808_full_freqcycle_ETTm1_l96_h96_s2026_FreqCycleOfficial_ETTm1_ftM_sl96_pl96_cycle96_seed2026,checkpoints/completion_0716v2/complete_completion_0716v2_r2_20260717T001808_full_freqcycle_ETTm1_l96_h96_s2026_FreqCycleOfficial_ETTm1_ftM_sl96_pl96_cycle96_seed2026/checkpoint.pth,results/complete_completion_0716v2_r2_20260717T001808_full_freqcycle_ETTm1_l96_h96_s2026_FreqCycleOfficial_ETTm1_ftM_sl96_pl96_cycle96_seed2026/metrics_summary.csv,
161,freqcycle,FreqCycle,ETTm1,96,192,2026,not_available,ok,0.3511686401459911,0.3739921383650268,2.268109724549219,0.5925948364152283,75824,38640,37184,57.68051290512085,1.7317962646484375,0.032956186316658156,75.31689453125,138.90185546875,11329,results/complete_completion_0716v2_r2_20260717T001808_full_freqcycle_ETTm1_l96_h192_s2026_FreqCycleOfficial_ETTm1_ftM_sl96_pl192_cycle96_seed2026,checkpoints/completion_0716v2/complete_completion_0716v2_r2_20260717T001808_full_freqcycle_ETTm1_l96_h192_s2026_FreqCycleOfficial_ETTm1_ftM_sl96_pl192_cycle96_seed2026/checkpoint.pth,results/complete_completion_0716v2_r2_20260717T001808_full_freqcycle_ETTm1_l96_h192_s2026_FreqCycleOfficial_ETTm1_ftM_sl96_pl192_cycle96_seed2026/metrics_summary.csv,
162,freqcycle,FreqCycle,ETTm1,96,336,2026,not_available,ok,0.38590167918508156,0.40038384492197354,2.312013150617787,0.6212098511655152,112976,57216,55760,61.027111291885376,1.7532811164855957,0.033304315421748595,82.537109375,144.69384765625,11185,results/complete_completion_0716v2_r2_20260717T001808_full_freqcycle_ETTm1_l96_h336_s2026_FreqCycleOfficial_ETTm1_ftM_sl96_pl336_cycle96_seed2026,checkpoints/completion_0716v2/complete_completion_0716v2_r2_20260717T001808_full_freqcycle_ETTm1_l96_h336_s2026_FreqCycleOfficial_ETTm1_ftM_sl96_pl336_cycle96_seed2026/checkpoint.pth,results/complete_completion_0716v2_r2_20260717T001808_full_freqcycle_ETTm1_l96_h336_s2026_FreqCycleOfficial_ETTm1_ftM_sl96_pl336_cycle96_seed2026/metrics_summary.csv,
163,freqcycle,FreqCycle,ETTm1,96,720,2026,not_available,ok,0.4459401347528359,0.4344289971108463,2.4482039718481263,0.6677874922105355,212048,106752,105296,77.99875211715698,1.4017269611358643,0.018250255546887906,97.54052734375,158.10791015625,10801,results/complete_completion_0716v2_r2_20260717T001808_full_freqcycle_ETTm1_l96_h720_s2026_FreqCycleOfficial_ETTm1_ftM_sl96_pl720_cycle96_seed2026,checkpoints/completion_0716v2/complete_completion_0716v2_r2_20260717T001808_full_freqcycle_ETTm1_l96_h720_s2026_FreqCycleOfficial_ETTm1_ftM_sl96_pl720_cycle96_seed2026/checkpoint.pth,results/complete_completion_0716v2_r2_20260717T001808_full_freqcycle_ETTm1_l96_h720_s2026_FreqCycleOfficial_ETTm1_ftM_sl96_pl720_cycle96_seed2026/metrics_summary.csv,
164,freqcycle,FreqCycle,ETTm1,720,96,2026,not_available,ok,0.2970054792030497,0.3528414653657353,2.2578036622225306,0.5449820907177131,253336,148664,104672,300.68732833862305,2.0585615634918213,0.0734102277643571,484.5595703125,958.93408203125,11425,results/complete_completion_0716v2_r2_20260717T001808_full_freqcycle_ETTm1_l720_h96_s2026_FreqCycleOfficial_ETTm1_ftM_sl720_pl96_cycle96_seed2026,checkpoints/completion_0716v2/complete_completion_0716v2_r2_20260717T001808_full_freqcycle_ETTm1_l720_h96_s2026_FreqCycleOfficial_ETTm1_ftM_sl720_pl96_cycle96_seed2026/checkpoint.pth,results/complete_completion_0716v2_r2_20260717T001808_full_freqcycle_ETTm1_l720_h96_s2026_FreqCycleOfficial_ETTm1_ftM_sl720_pl96_cycle96_seed2026/metrics_summary.csv,
165,freqcycle,FreqCycle,ETTm1,720,192,2026,not_available,ok,0.33381343302802186,0.37340903933586833,2.3180905456912635,0.5777658981179331,278104,161048,117056,285.2446961402893,2.5570945739746094,0.07779515476699898,485.615234375,959.9677734375,11329,results/complete_completion_0716v2_r2_20260717T001808_full_freqcycle_ETTm1_l720_h192_s2026_FreqCycleOfficial_ETTm1_ftM_sl720_pl192_cycle96_seed2026,checkpoints/completion_0716v2/complete_completion_0716v2_r2_20260717T001808_full_freqcycle_ETTm1_l720_h192_s2026_FreqCycleOfficial_ETTm1_ftM_sl720_pl192_cycle96_seed2026/checkpoint.pth,results/complete_completion_0716v2_r2_20260717T001808_full_freqcycle_ETTm1_l720_h192_s2026_FreqCycleOfficial_ETTm1_ftM_sl720_pl192_cycle96_seed2026/metrics_summary.csv,
166,freqcycle,FreqCycle,ETTm1,720,336,2026,not_available,ok,0.37142398440746227,0.39404398784531763,2.384491892020171,0.6094456369582625,315256,179624,135632,285.68284010887146,2.5204739570617676,0.07532154545887379,487.19873046875,961.517578125,11185,results/complete_completion_0716v2_r2_20260717T001808_full_freqcycle_ETTm1_l720_h336_s2026_FreqCycleOfficial_ETTm1_ftM_sl720_pl336_cycle96_seed2026,checkpoints/completion_0716v2/complete_completion_0716v2_r2_20260717T001808_full_freqcycle_ETTm1_l720_h336_s2026_FreqCycleOfficial_ETTm1_ftM_sl720_pl336_cycle96_seed2026/checkpoint.pth,results/complete_completion_0716v2_r2_20260717T001808_full_freqcycle_ETTm1_l720_h336_s2026_FreqCycleOfficial_ETTm1_ftM_sl720_pl336_cycle96_seed2026/metrics_summary.csv,
167,freqcycle,FreqCycle,ETTm1,720,720,2026,not_available,ok,0.42364218956291,0.42031713161882805,2.4384517423417686,0.6508780143490099,414328,229160,185168,273.7984836101532,2.6386635303497314,0.07778144213564556,491.7333984375,966.353515625,10801,results/complete_completion_0716v2_r2_20260717T001808_full_freqcycle_ETTm1_l720_h720_s2026_FreqCycleOfficial_ETTm1_ftM_sl720_pl720_cycle96_seed2026,checkpoints/completion_0716v2/complete_completion_0716v2_r2_20260717T001808_full_freqcycle_ETTm1_l720_h720_s2026_FreqCycleOfficial_ETTm1_ftM_sl720_pl720_cycle96_seed2026/checkpoint.pth,results/complete_completion_0716v2_r2_20260717T001808_full_freqcycle_ETTm1_l720_h720_s2026_FreqCycleOfficial_ETTm1_ftM_sl720_pl720_cycle96_seed2026/metrics_summary.csv,
168,freqcycle,FreqCycle,ETTm2,96,96,2026,not_available,ok,0.1622130274361158,0.24487863490154174,1.0295828210769178,0.40275678446938146,51056,26256,24800,46.710726499557495,1.1021852493286133,0.016093358664449376,71.19091796875,134.5400390625,11425,results/complete_completion_0716v2_r2_20260717T001808_full_freqcycle_ETTm2_l96_h96_s2026_FreqCycleOfficial_ETTm2_ftM_sl96_pl96_cycle96_seed2026,checkpoints/completion_0716v2/complete_completion_0716v2_r2_20260717T001808_full_freqcycle_ETTm2_l96_h96_s2026_FreqCycleOfficial_ETTm2_ftM_sl96_pl96_cycle96_seed2026/checkpoint.pth,results/complete_completion_0716v2_r2_20260717T001808_full_freqcycle_ETTm2_l96_h96_s2026_FreqCycleOfficial_ETTm2_ftM_sl96_pl96_cycle96_seed2026/metrics_summary.csv,
169,freqcycle,FreqCycle,ETTm2,96,192,2026,not_available,ok,0.2269660341494134,0.28742938852294636,1.1424603727752285,0.4764095235712794,75824,38640,37184,38.65315222740173,1.7564287185668945,0.03435526621954706,75.31689453125,138.90185546875,11329,results/complete_completion_0716v2_r2_20260717T001808_full_freqcycle_ETTm2_l96_h192_s2026_FreqCycleOfficial_ETTm2_ftM_sl96_pl192_cycle96_seed2026,checkpoints/completion_0716v2/complete_completion_0716v2_r2_20260717T001808_full_freqcycle_ETTm2_l96_h192_s2026_FreqCycleOfficial_ETTm2_ftM_sl96_pl192_cycle96_seed2026/checkpoint.pth,results/complete_completion_0716v2_r2_20260717T001808_full_freqcycle_ETTm2_l96_h192_s2026_FreqCycleOfficial_ETTm2_ftM_sl96_pl192_cycle96_seed2026/metrics_summary.csv,
170,freqcycle,FreqCycle,ETTm2,96,336,2026,not_available,ok,0.28397810135422247,0.3268361192615406,1.2772143178592723,0.5328959573446045,112976,57216,55760,58.03134226799011,1.849170207977295,0.03493309094269573,82.537109375,144.69384765625,11185,results/complete_completion_0716v2_r2_20260717T001808_full_freqcycle_ETTm2_l96_h336_s2026_FreqCycleOfficial_ETTm2_ftM_sl96_pl336_cycle96_seed2026,checkpoints/completion_0716v2/complete_completion_0716v2_r2_20260717T001808_full_freqcycle_ETTm2_l96_h336_s2026_FreqCycleOfficial_ETTm2_ftM_sl96_pl336_cycle96_seed2026/checkpoint.pth,results/complete_completion_0716v2_r2_20260717T001808_full_freqcycle_ETTm2_l96_h336_s2026_FreqCycleOfficial_ETTm2_ftM_sl96_pl336_cycle96_seed2026/metrics_summary.csv,
171,freqcycle,FreqCycle,ETTm2,96,720,2026,not_available,ok,0.39041484830719436,0.3920869539607923,1.520238802672882,0.6248318560278392,212048,106752,105296,73.1480073928833,1.2104191780090332,0.01744249880965049,97.54052734375,158.10791015625,10801,results/complete_completion_0716v2_r2_20260717T001808_full_freqcycle_ETTm2_l96_h720_s2026_FreqCycleOfficial_ETTm2_ftM_sl96_pl720_cycle96_seed2026,checkpoints/completion_0716v2/complete_completion_0716v2_r2_20260717T001808_full_freqcycle_ETTm2_l96_h720_s2026_FreqCycleOfficial_ETTm2_ftM_sl96_pl720_cycle96_seed2026/checkpoint.pth,results/complete_completion_0716v2_r2_20260717T001808_full_freqcycle_ETTm2_l96_h720_s2026_FreqCycleOfficial_ETTm2_ftM_sl96_pl720_cycle96_seed2026/metrics_summary.csv,
172,freqcycle,FreqCycle,ETTm2,720,96,2026,not_available,ok,0.16493782530060144,0.2560801600607425,1.0272874536975918,0.4061253812563325,253336,148664,104672,268.2893726825714,2.5533976554870605,0.08006630216763891,484.5595703125,958.93408203125,11425,results/complete_completion_0716v2_r2_20260717T001808_full_freqcycle_ETTm2_l720_h96_s2026_FreqCycleOfficial_ETTm2_ftM_sl720_pl96_cycle96_seed2026,checkpoints/completion_0716v2/complete_completion_0716v2_r2_20260717T001808_full_freqcycle_ETTm2_l720_h96_s2026_FreqCycleOfficial_ETTm2_ftM_sl720_pl96_cycle96_seed2026/checkpoint.pth,results/complete_completion_0716v2_r2_20260717T001808_full_freqcycle_ETTm2_l720_h96_s2026_FreqCycleOfficial_ETTm2_ftM_sl720_pl96_cycle96_seed2026/metrics_summary.csv,
173,freqcycle,FreqCycle,ETTm2,720,192,2026,not_available,ok,0.232964378064326,0.30398034119897205,1.1419074778303477,0.482663835463489,278104,161048,117056,276.0690755844116,2.729236125946045,0.08061223851068157,485.615234375,959.9677734375,11329,results/complete_completion_0716v2_r2_20260717T001808_full_freqcycle_ETTm2_l720_h192_s2026_FreqCycleOfficial_ETTm2_ftM_sl720_pl192_cycle96_seed2026,checkpoints/completion_0716v2/complete_completion_0716v2_r2_20260717T001808_full_freqcycle_ETTm2_l720_h192_s2026_FreqCycleOfficial_ETTm2_ftM_sl720_pl192_cycle96_seed2026/checkpoint.pth,results/complete_completion_0716v2_r2_20260717T001808_full_freqcycle_ETTm2_l720_h192_s2026_FreqCycleOfficial_ETTm2_ftM_sl720_pl192_cycle96_seed2026/metrics_summary.csv,
174,freqcycle,FreqCycle,ETTm2,720,336,2026,not_available,ok,0.2743032627902462,0.3314030488875804,1.2787185959873624,0.5237396899130772,315256,179624,135632,270.348370552063,2.5354442596435547,0.07583662391060303,487.19873046875,961.517578125,11185,results/complete_completion_0716v2_r2_20260717T001808_full_freqcycle_ETTm2_l720_h336_s2026_FreqCycleOfficial_ETTm2_ftM_sl720_pl336_cycle96_seed2026,checkpoints/completion_0716v2/complete_completion_0716v2_r2_20260717T001808_full_freqcycle_ETTm2_l720_h336_s2026_FreqCycleOfficial_ETTm2_ftM_sl720_pl336_cycle96_seed2026/checkpoint.pth,results/complete_completion_0716v2_r2_20260717T001808_full_freqcycle_ETTm2_l720_h336_s2026_FreqCycleOfficial_ETTm2_ftM_sl720_pl336_cycle96_seed2026/metrics_summary.csv,
175,freqcycle,FreqCycle,ETTm2,720,720,2026,not_available,ok,0.35915100628029467,0.38405713169943806,1.4390224842605166,0.5992920876169605,414328,229160,185168,274.6777696609497,2.9878902435302734,0.08031567288760112,491.7333984375,966.353515625,10801,results/complete_completion_0716v2_r2_20260717T001808_full_freqcycle_ETTm2_l720_h720_s2026_FreqCycleOfficial_ETTm2_ftM_sl720_pl720_cycle96_seed2026,checkpoints/completion_0716v2/complete_completion_0716v2_r2_20260717T001808_full_freqcycle_ETTm2_l720_h720_s2026_FreqCycleOfficial_ETTm2_ftM_sl720_pl720_cycle96_seed2026/checkpoint.pth,results/complete_completion_0716v2_r2_20260717T001808_full_freqcycle_ETTm2_l720_h720_s2026_FreqCycleOfficial_ETTm2_ftM_sl720_pl720_cycle96_seed2026/metrics_summary.csv,
176,freqcycle,FreqCycle,PEMS03,96,12,2026,not_available,ok,0.06764451171706107,0.17311358325323056,1.4073458832075345,0.2600855853696261,131424,117460,13964,205.6318485736847,2.727637767791748,0.11412848326258261,94.1875,172.1650390625,5230,results/complete_completion_0716v2_r2_20260717T001808_full_freqcycle_PEMS03_l96_h12_s2026_FreqCycleOfficial_PEMS_ftM_sl96_pl12_cycle288_seed2026,checkpoints/completion_0716v2/complete_completion_0716v2_r2_20260717T001808_full_freqcycle_PEMS03_l96_h12_s2026_FreqCycleOfficial_PEMS_ftM_sl96_pl12_cycle288_seed2026/checkpoint.pth,results/complete_completion_0716v2_r2_20260717T001808_full_freqcycle_PEMS03_l96_h12_s2026_FreqCycleOfficial_PEMS_ftM_sl96_pl12_cycle288_seed2026/metrics_summary.csv,
177,freqcycle,FreqCycle,PEMS03,96,24,2026,not_available,ok,0.09697372788782094,0.20802819837307301,1.6716296540867726,0.31140604985745046,134520,119008,15512,212.26402187347412,2.952075481414795,0.1237734989111407,95.51220703125,173.2451171875,5218,results/complete_completion_0716v2_r2_20260717T001808_full_freqcycle_PEMS03_l96_h24_s2026_FreqCycleOfficial_PEMS_ftM_sl96_pl24_cycle288_seed2026,checkpoints/completion_0716v2/complete_completion_0716v2_r2_20260717T001808_full_freqcycle_PEMS03_l96_h24_s2026_FreqCycleOfficial_PEMS_ftM_sl96_pl24_cycle288_seed2026/checkpoint.pth,results/complete_completion_0716v2_r2_20260717T001808_full_freqcycle_PEMS03_l96_h24_s2026_FreqCycleOfficial_PEMS_ftM_sl96_pl24_cycle288_seed2026/metrics_summary.csv,
178,freqcycle,FreqCycle,PEMS03,96,48,2026,not_available,ok,0.15882029791845115,0.2674038272639127,1.9644543003440949,0.3985226441727636,140712,122104,18608,224.91848754882812,3.2405755519866943,0.11244579890730705,99.103515625,176.17724609375,5194,results/complete_completion_0716v2_r2_20260717T001808_full_freqcycle_PEMS03_l96_h48_s2026_FreqCycleOfficial_PEMS_ftM_sl96_pl48_cycle288_seed2026,checkpoints/completion_0716v2/complete_completion_0716v2_r2_20260717T001808_full_freqcycle_PEMS03_l96_h48_s2026_FreqCycleOfficial_PEMS_ftM_sl96_pl48_cycle288_seed2026/checkpoint.pth,results/complete_completion_0716v2_r2_20260717T001808_full_freqcycle_PEMS03_l96_h48_s2026_FreqCycleOfficial_PEMS_ftM_sl96_pl48_cycle288_seed2026/metrics_summary.csv,
179,freqcycle,FreqCycle,PEMS03,96,96,2026,not_available,ok,0.251073853313313,0.3421638703557273,2.0970275485439753,0.5010727026223969,153096,128296,24800,260.4369742870331,2.652966260910034,0.07791771289497597,104.375,181.16943359375,5146,results/complete_completion_0716v2_r2_20260717T001808_full_freqcycle_PEMS03_l96_h96_s2026_FreqCycleOfficial_PEMS_ftM_sl96_pl96_cycle288_seed2026,checkpoints/completion_0716v2/complete_completion_0716v2_r2_20260717T001808_full_freqcycle_PEMS03_l96_h96_s2026_FreqCycleOfficial_PEMS_ftM_sl96_pl96_cycle288_seed2026/checkpoint.pth,results/complete_completion_0716v2_r2_20260717T001808_full_freqcycle_PEMS03_l96_h96_s2026_FreqCycleOfficial_PEMS_ftM_sl96_pl96_cycle288_seed2026/metrics_summary.csv,
180,freqcycle,FreqCycle,PEMS03,720,12,2026,not_available,ok,0.0640410773628973,0.1666450565454293,1.2601313795253677,0.25306338605751977,312436,218600,93836,2724.856559276581,8.999769449234009,0.575729094296124,758.8564453125,1489.42626953125,5230,results/complete_completion_0716v2_r2_20260717T001808_full_freqcycle_PEMS03_l720_h12_s2026_FreqCycleOfficial_PEMS_ftM_sl720_pl12_cycle288_seed2026,checkpoints/completion_0716v2/complete_completion_0716v2_r2_20260717T001808_full_freqcycle_PEMS03_l720_h12_s2026_FreqCycleOfficial_PEMS_ftM_sl720_pl12_cycle288_seed2026/checkpoint.pth,results/complete_completion_0716v2_r2_20260717T001808_full_freqcycle_PEMS03_l720_h12_s2026_FreqCycleOfficial_PEMS_ftM_sl720_pl12_cycle288_seed2026/metrics_summary.csv,
181,freqcycle,FreqCycle,PEMS03,720,24,2026,not_available,ok,0.08075768723542702,0.1849073032077255,1.3865219060278737,0.28417897043135865,315532,220148,95384,2706.544541120529,8.86221694946289,0.5735849293042367,759.19580078125,1489.7177734375,5218,results/complete_completion_0716v2_r2_20260717T001808_full_freqcycle_PEMS03_l720_h24_s2026_FreqCycleOfficial_PEMS_ftM_sl720_pl24_cycle288_seed2026,checkpoints/completion_0716v2/complete_completion_0716v2_r2_20260717T001808_full_freqcycle_PEMS03_l720_h24_s2026_FreqCycleOfficial_PEMS_ftM_sl720_pl24_cycle288_seed2026/checkpoint.pth,results/complete_completion_0716v2_r2_20260717T001808_full_freqcycle_PEMS03_l720_h24_s2026_FreqCycleOfficial_PEMS_ftM_sl720_pl24_cycle288_seed2026/metrics_summary.csv,
182,freqcycle,FreqCycle,PEMS03,720,48,2026,not_available,ok,0.11524263440529187,0.21476758927195785,1.5596609092664022,0.3394740555702186,321724,223244,98480,2714.8486297130585,8.989805221557617,0.5849566248603794,759.87451171875,1490.30078125,5194,results/complete_completion_0716v2_r2_20260717T001808_full_freqcycle_PEMS03_l720_h48_s2026_FreqCycleOfficial_PEMS_ftM_sl720_pl48_cycle288_seed2026,checkpoints/completion_0716v2/complete_completion_0716v2_r2_20260717T001808_full_freqcycle_PEMS03_l720_h48_s2026_FreqCycleOfficial_PEMS_ftM_sl720_pl48_cycle288_seed2026/checkpoint.pth,results/complete_completion_0716v2_r2_20260717T001808_full_freqcycle_PEMS03_l720_h48_s2026_FreqCycleOfficial_PEMS_ftM_sl720_pl48_cycle288_seed2026/metrics_summary.csv,
183,freqcycle,FreqCycle,PEMS03,720,96,2026,not_available,ok,0.14951867033254462,0.2407056540567106,1.640772355864351,0.38667644139841856,334108,229436,104672,2716.0034341812134,9.17960000038147,0.5856458991013099,761.234375,1491.46875,5146,results/complete_completion_0716v2_r2_20260717T001808_full_freqcycle_PEMS03_l720_h96_s2026_FreqCycleOfficial_PEMS_ftM_sl720_pl96_cycle288_seed2026,checkpoints/completion_0716v2/complete_completion_0716v2_r2_20260717T001808_full_freqcycle_PEMS03_l720_h96_s2026_FreqCycleOfficial_PEMS_ftM_sl720_pl96_cycle288_seed2026/checkpoint.pth,results/complete_completion_0716v2_r2_20260717T001808_full_freqcycle_PEMS03_l720_h96_s2026_FreqCycleOfficial_PEMS_ftM_sl720_pl96_cycle288_seed2026/metrics_summary.csv,
184,freqcycle,FreqCycle,PEMS04,96,12,2026,not_available,ok,0.07952950700001492,0.18650122081265819,1.4091492549562321,0.28200976401538813,116736,102772,13964,137.3294870853424,2.341574192047119,0.16093597911542448,84.60400390625,155.3056640625,3387,results/complete_completion_0716v2_r2_20260717T001808_full_freqcycle_PEMS04_l96_h12_s2026_FreqCycleOfficial_PEMS_ftM_sl96_pl12_cycle288_seed2026,checkpoints/completion_0716v2/complete_completion_0716v2_r2_20260717T001808_full_freqcycle_PEMS04_l96_h12_s2026_FreqCycleOfficial_PEMS_ftM_sl96_pl12_cycle288_seed2026/checkpoint.pth,results/complete_completion_0716v2_r2_20260717T001808_full_freqcycle_PEMS04_l96_h12_s2026_FreqCycleOfficial_PEMS_ftM_sl96_pl12_cycle288_seed2026/metrics_summary.csv,
185,freqcycle,FreqCycle,PEMS04,96,24,2026,not_available,ok,0.10832855631636436,0.22077236067104697,1.6616172763469357,0.32913303741247907,119832,104320,15512,138.8291289806366,2.630483627319336,0.18029221450840985,85.74072265625,156.2353515625,3375,results/complete_completion_0716v2_r2_20260717T001808_full_freqcycle_PEMS04_l96_h24_s2026_FreqCycleOfficial_PEMS_ftM_sl96_pl24_cycle288_seed2026,checkpoints/completion_0716v2/complete_completion_0716v2_r2_20260717T001808_full_freqcycle_PEMS04_l96_h24_s2026_FreqCycleOfficial_PEMS_ftM_sl96_pl24_cycle288_seed2026/checkpoint.pth,results/complete_completion_0716v2_r2_20260717T001808_full_freqcycle_PEMS04_l96_h24_s2026_FreqCycleOfficial_PEMS_ftM_sl96_pl24_cycle288_seed2026/metrics_summary.csv,
186,freqcycle,FreqCycle,PEMS04,96,48,2026,not_available,ok,0.1707029308599732,0.2812455652781018,1.9725775269017782,0.413162112081896,126024,107416,18608,143.5295112133026,2.2390503883361816,0.16091370683300144,88.01708984375,158.09716796875,3351,results/complete_completion_0716v2_r2_20260717T001808_full_freqcycle_PEMS04_l96_h48_s2026_FreqCycleOfficial_PEMS_ftM_sl96_pl48_cycle288_seed2026,checkpoints/completion_0716v2/complete_completion_0716v2_r2_20260717T001808_full_freqcycle_PEMS04_l96_h48_s2026_FreqCycleOfficial_PEMS_ftM_sl96_pl48_cycle288_seed2026/checkpoint.pth,results/complete_completion_0716v2_r2_20260717T001808_full_freqcycle_PEMS04_l96_h48_s2026_FreqCycleOfficial_PEMS_ftM_sl96_pl48_cycle288_seed2026/metrics_summary.csv,
187,freqcycle,FreqCycle,PEMS04,96,96,2026,not_available,ok,0.26341813952530724,0.3608414491392328,2.3111784725898628,0.5132427686049822,138408,113608,24800,162.08426904678345,2.4676716327667236,0.15348323138417744,92.78271484375,162.83056640625,3303,results/complete_completion_0716v2_r2_20260717T001808_full_freqcycle_PEMS04_l96_h96_s2026_FreqCycleOfficial_PEMS_ftM_sl96_pl96_cycle288_seed2026,checkpoints/completion_0716v2/complete_completion_0716v2_r2_20260717T001808_full_freqcycle_PEMS04_l96_h96_s2026_FreqCycleOfficial_PEMS_ftM_sl96_pl96_cycle288_seed2026/checkpoint.pth,results/complete_completion_0716v2_r2_20260717T001808_full_freqcycle_PEMS04_l96_h96_s2026_FreqCycleOfficial_PEMS_ftM_sl96_pl96_cycle288_seed2026/metrics_summary.csv,
188,freqcycle,FreqCycle,PEMS04,720,12,2026,not_available,ok,0.0683918486600019,0.16922653446648295,1.2893804320753879,0.2615183524343978,297748,203912,93836,1520.9464085102081,6.0188188552856445,0.5897972488059278,655.455078125,1286.640625,3387,results/complete_completion_0716v2_r2_20260717T001808_full_freqcycle_PEMS04_l720_h12_s2026_FreqCycleOfficial_PEMS_ftM_sl720_pl12_cycle288_seed2026,checkpoints/completion_0716v2/complete_completion_0716v2_r2_20260717T001808_full_freqcycle_PEMS04_l720_h12_s2026_FreqCycleOfficial_PEMS_ftM_sl720_pl12_cycle288_seed2026/checkpoint.pth,results/complete_completion_0716v2_r2_20260717T001808_full_freqcycle_PEMS04_l720_h12_s2026_FreqCycleOfficial_PEMS_ftM_sl720_pl12_cycle288_seed2026/metrics_summary.csv,
189,freqcycle,FreqCycle,PEMS04,720,24,2026,not_available,ok,0.07838767265948489,0.18238657061945657,1.3966153630792646,0.2799779860265533,300844,205460,95384,1528.052161693573,6.165076017379761,0.5866647252330074,655.748046875,1286.89501953125,3375,results/complete_completion_0716v2_r2_20260717T001808_full_freqcycle_PEMS04_l720_h24_s2026_FreqCycleOfficial_PEMS_ftM_sl720_pl24_cycle288_seed2026,checkpoints/completion_0716v2/complete_completion_0716v2_r2_20260717T001808_full_freqcycle_PEMS04_l720_h24_s2026_FreqCycleOfficial_PEMS_ftM_sl720_pl24_cycle288_seed2026/checkpoint.pth,results/complete_completion_0716v2_r2_20260717T001808_full_freqcycle_PEMS04_l720_h24_s2026_FreqCycleOfficial_PEMS_ftM_sl720_pl24_cycle288_seed2026/metrics_summary.csv,
190,freqcycle,FreqCycle,PEMS04,720,48,2026,not_available,ok,0.0948074132989541,0.20139303209625675,1.5946455559993682,0.30790812476931184,307036,208556,98480,1559.9086966514587,5.980464696884155,0.59058445895447,656.333984375,1287.40380859375,3351,results/complete_completion_0716v2_r2_20260717T001808_full_freqcycle_PEMS04_l720_h48_s2026_FreqCycleOfficial_PEMS_ftM_sl720_pl48_cycle288_seed2026,checkpoints/completion_0716v2/complete_completion_0716v2_r2_20260717T001808_full_freqcycle_PEMS04_l720_h48_s2026_FreqCycleOfficial_PEMS_ftM_sl720_pl48_cycle288_seed2026/checkpoint.pth,results/complete_completion_0716v2_r2_20260717T001808_full_freqcycle_PEMS04_l720_h48_s2026_FreqCycleOfficial_PEMS_ftM_sl720_pl48_cycle288_seed2026/metrics_summary.csv,
191,freqcycle,FreqCycle,PEMS04,720,96,2026,not_available,ok,0.11330152671434575,0.22118036525199242,1.7505669740424554,0.3366029214287151,319420,214748,104672,1523.8392856121063,6.165585517883301,0.5901628457260175,657.505859375,1288.42138671875,3303,results/complete_completion_0716v2_r2_20260717T001808_full_freqcycle_PEMS04_l720_h96_s2026_FreqCycleOfficial_PEMS_ftM_sl720_pl96_cycle288_seed2026,checkpoints/completion_0716v2/complete_completion_0716v2_r2_20260717T001808_full_freqcycle_PEMS04_l720_h96_s2026_FreqCycleOfficial_PEMS_ftM_sl720_pl96_cycle288_seed2026/checkpoint.pth,results/complete_completion_0716v2_r2_20260717T001808_full_freqcycle_PEMS04_l720_h96_s2026_FreqCycleOfficial_PEMS_ftM_sl720_pl96_cycle288_seed2026/metrics_summary.csv,
192,freqcycle,FreqCycle,PEMS07,96,12,2026,not_available,ok,0.06206769980922821,0.16140970143722155,1.5732167165454365,0.24913389935781163,282624,268660,13964,439.51518058776855,4.277054309844971,0.15308071485362298,109.81298828125,199.18701171875,5633,results/complete_completion_0716v2_r2_20260717T001808_full_freqcycle_PEMS07_l96_h12_s2026_FreqCycleOfficial_PEMS_ftM_sl96_pl12_cycle288_seed2026,checkpoints/completion_0716v2/complete_completion_0716v2_r2_20260717T001808_full_freqcycle_PEMS07_l96_h12_s2026_FreqCycleOfficial_PEMS_ftM_sl96_pl12_cycle288_seed2026/checkpoint.pth,results/complete_completion_0716v2_r2_20260717T001808_full_freqcycle_PEMS07_l96_h12_s2026_FreqCycleOfficial_PEMS_ftM_sl96_pl12_cycle288_seed2026/metrics_summary.csv,
193,freqcycle,FreqCycle,PEMS07,96,24,2026,not_available,ok,0.08844696366837541,0.19392885608758664,1.8396394658139754,0.29740034241469093,285720,270208,15512,452.48801708221436,4.2930381298065186,0.15432895733657584,111.44189453125,200.51025390625,5621,results/complete_completion_0716v2_r2_20260717T001808_full_freqcycle_PEMS07_l96_h24_s2026_FreqCycleOfficial_PEMS_ftM_sl96_pl24_cycle288_seed2026,checkpoints/completion_0716v2/complete_completion_0716v2_r2_20260717T001808_full_freqcycle_PEMS07_l96_h24_s2026_FreqCycleOfficial_PEMS_ftM_sl96_pl24_cycle288_seed2026/checkpoint.pth,results/complete_completion_0716v2_r2_20260717T001808_full_freqcycle_PEMS07_l96_h24_s2026_FreqCycleOfficial_PEMS_ftM_sl96_pl24_cycle288_seed2026/metrics_summary.csv,
194,freqcycle,FreqCycle,PEMS07,96,48,2026,not_available,ok,0.1442346356888496,0.2534152016239311,2.190482299719185,0.379782353050862,291912,273304,18608,501.84619760513306,4.596707582473755,0.1515540190684022,115.2978515625,204.892578125,5597,results/complete_completion_0716v2_r2_20260717T001808_full_freqcycle_PEMS07_l96_h48_s2026_FreqCycleOfficial_PEMS_ftM_sl96_pl48_cycle288_seed2026,checkpoints/completion_0716v2/complete_completion_0716v2_r2_20260717T001808_full_freqcycle_PEMS07_l96_h48_s2026_FreqCycleOfficial_PEMS_ftM_sl96_pl48_cycle288_seed2026/checkpoint.pth,results/complete_completion_0716v2_r2_20260717T001808_full_freqcycle_PEMS07_l96_h48_s2026_FreqCycleOfficial_PEMS_ftM_sl96_pl48_cycle288_seed2026/metrics_summary.csv,
195,freqcycle,FreqCycle,PEMS07,96,96,2026,not_available,ok,0.23135988127316873,0.3278373110812018,2.5448569747246053,0.4809988370808902,304296,279496,24800,586.8583118915558,4.804902791976929,0.1534154249436094,122.08056640625,208.677734375,5549,results/complete_completion_0716v2_r2_20260717T001808_full_freqcycle_PEMS07_l96_h96_s2026_FreqCycleOfficial_PEMS_ftM_sl96_pl96_cycle288_seed2026,checkpoints/completion_0716v2/complete_completion_0716v2_r2_20260717T001808_full_freqcycle_PEMS07_l96_h96_s2026_FreqCycleOfficial_PEMS_ftM_sl96_pl96_cycle288_seed2026/checkpoint.pth,results/complete_completion_0716v2_r2_20260717T001808_full_freqcycle_PEMS07_l96_h96_s2026_FreqCycleOfficial_PEMS_ftM_sl96_pl96_cycle288_seed2026/metrics_summary.csv,
196,freqcycle,FreqCycle,PEMS07,720,12,2026,not_available,ok,0.0526622428645491,0.1456371610781522,1.4050108920409052,0.22948255459740094,463636,369800,93836,6852.249240636826,19.275850534439087,1.2482250265740904,930.466796875,1824.30615234375,5633,results/complete_completion_0716v2_r2_20260717T001808_full_freqcycle_PEMS07_l720_h12_s2026_FreqCycleOfficial_PEMS_ftM_sl720_pl12_cycle288_seed2026,checkpoints/completion_0716v2/complete_completion_0716v2_r2_20260717T001808_full_freqcycle_PEMS07_l720_h12_s2026_FreqCycleOfficial_PEMS_ftM_sl720_pl12_cycle288_seed2026/checkpoint.pth,results/complete_completion_0716v2_r2_20260717T001808_full_freqcycle_PEMS07_l720_h12_s2026_FreqCycleOfficial_PEMS_ftM_sl720_pl12_cycle288_seed2026/metrics_summary.csv,
197,freqcycle,FreqCycle,PEMS07,720,24,2026,not_available,ok,0.06255863328557235,0.15938097520116432,1.541020437440396,0.2501172390811404,466732,371348,95384,6951.634287118912,19.94759511947632,1.2673660083873546,930.8837890625,1824.65966796875,5621,results/complete_completion_0716v2_r2_20260717T001808_full_freqcycle_PEMS07_l720_h24_s2026_FreqCycleOfficial_PEMS_ftM_sl720_pl24_cycle288_seed2026,checkpoints/completion_0716v2/complete_completion_0716v2_r2_20260717T001808_full_freqcycle_PEMS07_l720_h24_s2026_FreqCycleOfficial_PEMS_ftM_sl720_pl24_cycle288_seed2026/checkpoint.pth,results/complete_completion_0716v2_r2_20260717T001808_full_freqcycle_PEMS07_l720_h24_s2026_FreqCycleOfficial_PEMS_ftM_sl720_pl24_cycle288_seed2026/metrics_summary.csv,
198,freqcycle,FreqCycle,PEMS07,720,48,2026,not_available,ok,0.07788902230332866,0.17747912828315615,1.7282967168272716,0.2790860482061557,472924,374444,98480,6964.98664522171,19.7743239402771,1.2690487940231137,931.7158203125,1825.365234375,5597,results/complete_completion_0716v2_r2_20260717T001808_full_freqcycle_PEMS07_l720_h48_s2026_FreqCycleOfficial_PEMS_ftM_sl720_pl48_cycle288_seed2026,checkpoints/completion_0716v2/complete_completion_0716v2_r2_20260717T001808_full_freqcycle_PEMS07_l720_h48_s2026_FreqCycleOfficial_PEMS_ftM_sl720_pl48_cycle288_seed2026/checkpoint.pth,results/complete_completion_0716v2_r2_20260717T001808_full_freqcycle_PEMS07_l720_h48_s2026_FreqCycleOfficial_PEMS_ftM_sl720_pl48_cycle288_seed2026/metrics_summary.csv,
199,freqcycle,FreqCycle,PEMS07,720,96,2026,not_available,ok,0.09526286231503256,0.19665123151555347,1.789584122828866,0.30864682456657894,485308,380636,104672,6913.540353775024,19.965781211853027,1.251757456211514,933.3798828125,1826.7763671875,5549,results/complete_completion_0716v2_r2_20260717T001808_full_freqcycle_PEMS07_l720_h96_s2026_FreqCycleOfficial_PEMS_ftM_sl720_pl96_cycle288_seed2026,checkpoints/completion_0716v2/complete_completion_0716v2_r2_20260717T001808_full_freqcycle_PEMS07_l720_h96_s2026_FreqCycleOfficial_PEMS_ftM_sl720_pl96_cycle288_seed2026/checkpoint.pth,results/complete_completion_0716v2_r2_20260717T001808_full_freqcycle_PEMS07_l720_h96_s2026_FreqCycleOfficial_PEMS_ftM_sl720_pl96_cycle288_seed2026/metrics_summary.csv,
200,freqcycle,FreqCycle,PEMS08,96,12,2026,not_available,ok,0.07994767782878894,0.1845821203603599,1.5472816831865022,0.28275020394119776,77280,63316,13964,127.82441115379333,2.361288070678711,0.15663294241962472,61.18994140625,114.7626953125,3560,results/complete_completion_0716v2_r2_20260717T001808_full_freqcycle_PEMS08_l96_h12_s2026_FreqCycleOfficial_PEMS_ftM_sl96_pl12_cycle288_seed2026,checkpoints/completion_0716v2/complete_completion_0716v2_r2_20260717T001808_full_freqcycle_PEMS08_l96_h12_s2026_FreqCycleOfficial_PEMS_ftM_sl96_pl12_cycle288_seed2026/checkpoint.pth,results/complete_completion_0716v2_r2_20260717T001808_full_freqcycle_PEMS08_l96_h12_s2026_FreqCycleOfficial_PEMS_ftM_sl96_pl12_cycle288_seed2026/metrics_summary.csv,
201,freqcycle,FreqCycle,PEMS08,96,24,2026,not_available,ok,0.11690947606832466,0.22458286519699047,1.8938745092216875,0.3419202773576388,80376,64864,15512,129.3686273097992,2.226602792739868,0.14289000358751722,61.826171875,115.2919921875,3548,results/complete_completion_0716v2_r2_20260717T001808_full_freqcycle_PEMS08_l96_h24_s2026_FreqCycleOfficial_PEMS_ftM_sl96_pl24_cycle288_seed2026,checkpoints/completion_0716v2/complete_completion_0716v2_r2_20260717T001808_full_freqcycle_PEMS08_l96_h24_s2026_FreqCycleOfficial_PEMS_ftM_sl96_pl24_cycle288_seed2026/checkpoint.pth,results/complete_completion_0716v2_r2_20260717T001808_full_freqcycle_PEMS08_l96_h24_s2026_FreqCycleOfficial_PEMS_ftM_sl96_pl24_cycle288_seed2026/metrics_summary.csv,
202,freqcycle,FreqCycle,PEMS08,96,48,2026,not_available,ok,0.19679371320399489,0.2885324788946349,2.280365358442725,0.44361437443346546,86568,67960,18608,135.9417142868042,2.1720900535583496,0.148026441661567,63.09912109375,116.35107421875,3524,results/complete_completion_0716v2_r2_20260717T001808_full_freqcycle_PEMS08_l96_h48_s2026_FreqCycleOfficial_PEMS_ftM_sl96_pl48_cycle288_seed2026,checkpoints/completion_0716v2/complete_completion_0716v2_r2_20260717T001808_full_freqcycle_PEMS08_l96_h48_s2026_FreqCycleOfficial_PEMS_ftM_sl96_pl48_cycle288_seed2026/checkpoint.pth,results/complete_completion_0716v2_r2_20260717T001808_full_freqcycle_PEMS08_l96_h48_s2026_FreqCycleOfficial_PEMS_ftM_sl96_pl48_cycle288_seed2026/metrics_summary.csv,
203,freqcycle,FreqCycle,PEMS08,96,96,2026,not_available,ok,0.35843706570905076,0.3818325317897204,2.5763441084578678,0.5986961380442092,98952,74152,24800,142.4278588294983,2.673301935195923,0.14727205087369688,65.64501953125,118.46923828125,3476,results/complete_completion_0716v2_r2_20260717T001808_full_freqcycle_PEMS08_l96_h96_s2026_FreqCycleOfficial_PEMS_ftM_sl96_pl96_cycle288_seed2026,checkpoints/completion_0716v2/complete_completion_0716v2_r2_20260717T001808_full_freqcycle_PEMS08_l96_h96_s2026_FreqCycleOfficial_PEMS_ftM_sl96_pl96_cycle288_seed2026/checkpoint.pth,results/complete_completion_0716v2_r2_20260717T001808_full_freqcycle_PEMS08_l96_h96_s2026_FreqCycleOfficial_PEMS_ftM_sl96_pl96_cycle288_seed2026/metrics_summary.csv,
204,freqcycle,FreqCycle,PEMS08,720,12,2026,not_available,ok,0.07941706263509775,0.17917985840821785,1.4959384827864268,0.2818103309587811,258292,164456,93836,670.2397253513336,5.133419990539551,0.49928711868529574,377.7900390625,742.08447265625,3560,results/complete_completion_0716v2_r2_20260717T001808_full_freqcycle_PEMS08_l720_h12_s2026_FreqCycleOfficial_PEMS_ftM_sl720_pl12_cycle288_seed2026,checkpoints/completion_0716v2/complete_completion_0716v2_r2_20260717T001808_full_freqcycle_PEMS08_l720_h12_s2026_FreqCycleOfficial_PEMS_ftM_sl720_pl12_cycle288_seed2026/checkpoint.pth,results/complete_completion_0716v2_r2_20260717T001808_full_freqcycle_PEMS08_l720_h12_s2026_FreqCycleOfficial_PEMS_ftM_sl720_pl12_cycle288_seed2026/metrics_summary.csv,
205,freqcycle,FreqCycle,PEMS08,720,24,2026,not_available,ok,0.09777911796358747,0.18755252919565593,1.5695458285646167,0.3126965269451957,261388,166004,95384,1068.371586561203,5.285479784011841,0.49891899205458673,377.95849609375,742.2392578125,3548,results/complete_completion_0716v2_r2_20260717T001808_full_freqcycle_PEMS08_l720_h24_s2026_FreqCycleOfficial_PEMS_ftM_sl720_pl24_cycle288_seed2026,checkpoints/completion_0716v2/complete_completion_0716v2_r2_20260717T001808_full_freqcycle_PEMS08_l720_h24_s2026_FreqCycleOfficial_PEMS_ftM_sl720_pl24_cycle288_seed2026/checkpoint.pth,results/complete_completion_0716v2_r2_20260717T001808_full_freqcycle_PEMS08_l720_h24_s2026_FreqCycleOfficial_PEMS_ftM_sl720_pl24_cycle288_seed2026/metrics_summary.csv,
206,freqcycle,FreqCycle,PEMS08,720,48,2026,not_available,ok,0.1338010830696267,0.2170851421448656,1.677269487742595,0.3657883036260546,267580,169100,98480,744.637059211731,5.2494611740112305,0.5179596874571144,378.29296875,742.546875,3524,results/complete_completion_0716v2_r2_20260717T001808_full_freqcycle_PEMS08_l720_h48_s2026_FreqCycleOfficial_PEMS_ftM_sl720_pl48_cycle288_seed2026,checkpoints/completion_0716v2/complete_completion_0716v2_r2_20260717T001808_full_freqcycle_PEMS08_l720_h48_s2026_FreqCycleOfficial_PEMS_ftM_sl720_pl48_cycle288_seed2026/checkpoint.pth,results/complete_completion_0716v2_r2_20260717T001808_full_freqcycle_PEMS08_l720_h48_s2026_FreqCycleOfficial_PEMS_ftM_sl720_pl48_cycle288_seed2026/metrics_summary.csv,
207,freqcycle,FreqCycle,PEMS08,720,96,2026,not_available,ok,0.19378175536033085,0.2483243062169418,1.8960938459540344,0.4402064917289735,279964,175292,104672,704.6010539531708,4.78692626953125,0.47462432143161604,378.96435546875,743.1640625,3476,results/complete_completion_0716v2_r2_20260717T001808_full_freqcycle_PEMS08_l720_h96_s2026_FreqCycleOfficial_PEMS_ftM_sl720_pl96_cycle288_seed2026,checkpoints/completion_0716v2/complete_completion_0716v2_r2_20260717T001808_full_freqcycle_PEMS08_l720_h96_s2026_FreqCycleOfficial_PEMS_ftM_sl720_pl96_cycle288_seed2026/checkpoint.pth,results/complete_completion_0716v2_r2_20260717T001808_full_freqcycle_PEMS08_l720_h96_s2026_FreqCycleOfficial_PEMS_ftM_sl720_pl96_cycle288_seed2026/metrics_summary.csv,
208,freqcycle,FreqCycle,traffic,96,96,2026,not_available,ok,0.45379215797943245,0.28777214128683487,3.197114826114964,0.6736409711258902,195200,170400,24800,208.25303673744202,3.137119770050049,0.158282029318331,616.21826171875,1095.73876953125,3413,results/complete_completion_0716v2_r2_20260717T001808_full_freqcycle_traffic_l96_h96_s2026_FreqCycleOfficial_custom_ftM_sl96_pl96_cycle168_seed2026,checkpoints/completion_0716v2/complete_completion_0716v2_r2_20260717T001808_full_freqcycle_traffic_l96_h96_s2026_FreqCycleOfficial_custom_ftM_sl96_pl96_cycle168_seed2026/checkpoint.pth,results/complete_completion_0716v2_r2_20260717T001808_full_freqcycle_traffic_l96_h96_s2026_FreqCycleOfficial_custom_ftM_sl96_pl96_cycle168_seed2026/metrics_summary.csv,
209,freqcycle,FreqCycle,traffic,96,192,2026,not_available,ok,0.4646030014319113,0.2949849248573512,3.2698451602398335,0.6816179292183497,219968,182784,37184,276.5515410900116,3.798384666442871,0.1735344457835687,666.6806640625,1136.4521484375,3317,results/complete_completion_0716v2_r2_20260717T001808_full_freqcycle_traffic_l96_h192_s2026_FreqCycleOfficial_custom_ftM_sl96_pl192_cycle168_seed2026,checkpoints/completion_0716v2/complete_completion_0716v2_r2_20260717T001808_full_freqcycle_traffic_l96_h192_s2026_FreqCycleOfficial_custom_ftM_sl96_pl192_cycle168_seed2026/checkpoint.pth,results/complete_completion_0716v2_r2_20260717T001808_full_freqcycle_traffic_l96_h192_s2026_FreqCycleOfficial_custom_ftM_sl96_pl192_cycle168_seed2026/metrics_summary.csv,
210,freqcycle,FreqCycle,traffic,96,336,2026,not_available,ok,0.48380754231699796,0.2963926587505513,3.236315948712461,0.6955627522495709,257120,201360,55760,487.0025806427002,4.478839874267578,0.1743041962770269,744.62353515625,1199.794921875,3173,results/complete_completion_0716v2_r2_20260717T001808_full_freqcycle_traffic_l96_h336_s2026_FreqCycleOfficial_custom_ftM_sl96_pl336_cycle168_seed2026,checkpoints/completion_0716v2/complete_completion_0716v2_r2_20260717T001808_full_freqcycle_traffic_l96_h336_s2026_FreqCycleOfficial_custom_ftM_sl96_pl336_cycle168_seed2026/checkpoint.pth,results/complete_completion_0716v2_r2_20260717T001808_full_freqcycle_traffic_l96_h336_s2026_FreqCycleOfficial_custom_ftM_sl96_pl336_cycle168_seed2026/metrics_summary.csv,
211,freqcycle,FreqCycle,traffic,96,720,2026,not_available,ok,0.5145731650669414,0.3111161803009401,3.335255735506068,0.7173375530856735,356192,250896,105296,848.4083850383759,6.706724405288696,0.21647723867832097,946.095703125,1361.087890625,2789,results/complete_completion_0716v2_r2_20260717T001808_full_freqcycle_traffic_l96_h720_s2026_FreqCycleOfficial_custom_ftM_sl96_pl720_cycle168_seed2026,checkpoints/completion_0716v2/complete_completion_0716v2_r2_20260717T001808_full_freqcycle_traffic_l96_h720_s2026_FreqCycleOfficial_custom_ftM_sl96_pl720_cycle168_seed2026/checkpoint.pth,results/complete_completion_0716v2_r2_20260717T001808_full_freqcycle_traffic_l96_h720_s2026_FreqCycleOfficial_custom_ftM_sl96_pl720_cycle168_seed2026/metrics_summary.csv,
212,freqcycle,FreqCycle,traffic,720,96,2026,not_available,ok,0.4007659190399519,0.26944406975185897,2.8709466163495367,0.6330607546199274,397480,292808,104672,14010.180530548096,14.190381526947021,2.0309177904321305,3495.1845703125,6911.12890625,3413,results/complete_completion_0716v2_r2_20260717T001808_full_freqcycle_traffic_l720_h96_s2026_FreqCycleOfficial_custom_ftM_sl720_pl96_cycle168_seed2026,checkpoints/completion_0716v2/complete_completion_0716v2_r2_20260717T001808_full_freqcycle_traffic_l720_h96_s2026_FreqCycleOfficial_custom_ftM_sl720_pl96_cycle168_seed2026/checkpoint.pth,results/complete_completion_0716v2_r2_20260717T001808_full_freqcycle_traffic_l720_h96_s2026_FreqCycleOfficial_custom_ftM_sl720_pl96_cycle168_seed2026/metrics_summary.csv,
213,freqcycle,FreqCycle,traffic,720,192,2026,not_available,ok,0.42629155964786886,0.2754195329277771,2.82340038869589,0.6529100701075676,422248,305192,117056,13950.757462263107,14.416009902954102,2.0797523050233475,3502.02978515625,6915.279296875,3317,results/complete_completion_0716v2_r2_20260717T001808_full_freqcycle_traffic_l720_h192_s2026_FreqCycleOfficial_custom_ftM_sl720_pl192_cycle168_seed2026,checkpoints/completion_0716v2/complete_completion_0716v2_r2_20260717T001808_full_freqcycle_traffic_l720_h192_s2026_FreqCycleOfficial_custom_ftM_sl720_pl192_cycle168_seed2026/checkpoint.pth,results/complete_completion_0716v2_r2_20260717T001808_full_freqcycle_traffic_l720_h192_s2026_FreqCycleOfficial_custom_ftM_sl720_pl192_cycle168_seed2026/metrics_summary.csv,
214,freqcycle,FreqCycle,traffic,720,336,2026,not_available,ok,0.4424196036318968,0.2965936464152503,3.22033763594314,0.6651463024266893,459400,323768,135632,7870.4123277664185,14.873208284378052,2.0709250649461377,3511.43017578125,6922.3740234375,3173,results/complete_completion_0716v2_r2_20260717T001808_full_freqcycle_traffic_l720_h336_s2026_FreqCycleOfficial_custom_ftM_sl720_pl336_cycle168_seed2026,checkpoints/completion_0716v2/complete_completion_0716v2_r2_20260717T001808_full_freqcycle_traffic_l720_h336_s2026_FreqCycleOfficial_custom_ftM_sl720_pl336_cycle168_seed2026/checkpoint.pth,results/complete_completion_0716v2_r2_20260717T001808_full_freqcycle_traffic_l720_h336_s2026_FreqCycleOfficial_custom_ftM_sl720_pl336_cycle168_seed2026/metrics_summary.csv,
215,freqcycle,FreqCycle,traffic,720,720,2026,not_available,ok,0.5026392207876906,0.3104272163107142,3.2974058388022884,0.7089705359094203,558472,373304,185168,10768.661890268326,14.794005870819092,2.093156879649565,3536.46630859375,6943.55029296875,2789,results/complete_completion_0716v2_r2_20260717T001808_full_freqcycle_traffic_l720_h720_s2026_FreqCycleOfficial_custom_ftM_sl720_pl720_cycle168_seed2026,checkpoints/completion_0716v2/complete_completion_0716v2_r2_20260717T001808_full_freqcycle_traffic_l720_h720_s2026_FreqCycleOfficial_custom_ftM_sl720_pl720_cycle168_seed2026/checkpoint.pth,results/complete_completion_0716v2_r2_20260717T001808_full_freqcycle_traffic_l720_h720_s2026_FreqCycleOfficial_custom_ftM_sl720_pl720_cycle168_seed2026/metrics_summary.csv,
216,frets,FreTS,PEMS03,720,48,2026,incomplete_no_final_metrics,ok,0.1274552934880575,0.2311989246316849,1.658345930630718,0.35700881430023196,23671728,,,4958.323089599609,31.650530338287354,3.5331591669345275,1006.5283203125,1560.35986328125,5194,results/complete_completion_0716v2_r2_20260717T001808_full_frets_PEMS03_l720_h48_s2026_FreTS_PEMS_ftM_sl720_pl48_cycle288_seed2026,checkpoints/completion_0716v2/complete_completion_0716v2_r2_20260717T001808_full_frets_PEMS03_l720_h48_s2026_FreTS_PEMS_ftM_sl720_pl48_cycle288_seed2026/checkpoint.pth,results/complete_completion_0716v2_r2_20260717T001808_full_frets_PEMS03_l720_h48_s2026_FreTS_PEMS_ftM_sl720_pl48_cycle288_seed2026/metrics_summary.csv,
217,frets,FreTS,PEMS03,720,96,2026,not_run_or_no_log,ok,0.16681535346480475,0.2580413838808209,1.8557597305670397,0.40843035326087695,23684064,,,3960.887702703476,31.81651258468628,3.5407851206546295,1006.90283203125,1560.8095703125,5146,results/complete_completion_0716v2_r2_20260717T001808_full_frets_PEMS03_l720_h96_s2026_FreTS_PEMS_ftM_sl720_pl96_cycle288_seed2026,checkpoints/completion_0716v2/complete_completion_0716v2_r2_20260717T001808_full_frets_PEMS03_l720_h96_s2026_FreTS_PEMS_ftM_sl720_pl96_cycle288_seed2026/checkpoint.pth,results/complete_completion_0716v2_r2_20260717T001808_full_frets_PEMS03_l720_h96_s2026_FreTS_PEMS_ftM_sl720_pl96_cycle288_seed2026/metrics_summary.csv,
218,frets,FreTS,PEMS07,720,12,2026,cuda_oom,ok,0.05372739145736312,0.14818571853032897,1.5036550120449332,0.23179169842201666,23662476,,,14256.899603366852,63.288549184799194,8.010897931745172,2305.76318359375,3223.58203125,5633,results/complete_completion_0716v2_r2_20260717T001808_full_frets_PEMS07_l720_h12_s2026_FreTS_PEMS_ftM_sl720_pl12_cycle288_seed2026,checkpoints/completion_0716v2/complete_completion_0716v2_r2_20260717T001808_full_frets_PEMS07_l720_h12_s2026_FreTS_PEMS_ftM_sl720_pl12_cycle288_seed2026/checkpoint.pth,results/complete_completion_0716v2_r2_20260717T001808_full_frets_PEMS07_l720_h12_s2026_FreTS_PEMS_ftM_sl720_pl12_cycle288_seed2026/metrics_summary.csv,
219,frets,FreTS,PEMS07,720,24,2026,cuda_oom,ok,0.07119951690879658,0.1740023823735556,1.7430809568454588,0.2668323760505771,23665560,,,14383.189317464828,63.18511247634888,8.00798072687933,2305.9775390625,3223.791015625,5621,results/complete_completion_0716v2_r2_20260717T001808_full_frets_PEMS07_l720_h24_s2026_FreTS_PEMS_ftM_sl720_pl24_cycle288_seed2026,checkpoints/completion_0716v2/complete_completion_0716v2_r2_20260717T001808_full_frets_PEMS07_l720_h24_s2026_FreTS_PEMS_ftM_sl720_pl24_cycle288_seed2026/checkpoint.pth,results/complete_completion_0716v2_r2_20260717T001808_full_frets_PEMS07_l720_h24_s2026_FreTS_PEMS_ftM_sl720_pl24_cycle288_seed2026/metrics_summary.csv,
220,frets,FreTS,PEMS07,720,48,2026,cuda_oom,ok,0.0996505433165409,0.20613076174774028,1.8796607356436925,0.31567474291830966,23671728,,,14341.703503370285,62.99241352081299,7.980349037529359,2306.40625,3224.208984375,5597,results/complete_completion_0716v2_r2_20260717T001808_full_frets_PEMS07_l720_h48_s2026_FreTS_PEMS_ftM_sl720_pl48_cycle288_seed2026,checkpoints/completion_0716v2/complete_completion_0716v2_r2_20260717T001808_full_frets_PEMS07_l720_h48_s2026_FreTS_PEMS_ftM_sl720_pl48_cycle288_seed2026/checkpoint.pth,results/complete_completion_0716v2_r2_20260717T001808_full_frets_PEMS07_l720_h48_s2026_FreTS_PEMS_ftM_sl720_pl48_cycle288_seed2026/metrics_summary.csv,
221,frets,FreTS,PEMS07,720,96,2026,cuda_oom,ok,0.1291357180272813,0.23572618302806025,2.1321027579717264,0.35935458537116416,23684064,,,14304.482008695602,62.752673387527466,8.006515178260802,2307.26171875,3225.04345703125,5549,results/complete_completion_0716v2_r2_20260717T001808_full_frets_PEMS07_l720_h96_s2026_FreTS_PEMS_ftM_sl720_pl96_cycle288_seed2026,checkpoints/completion_0716v2/complete_completion_0716v2_r2_20260717T001808_full_frets_PEMS07_l720_h96_s2026_FreTS_PEMS_ftM_sl720_pl96_cycle288_seed2026/checkpoint.pth,results/complete_completion_0716v2_r2_20260717T001808_full_frets_PEMS07_l720_h96_s2026_FreTS_PEMS_ftM_sl720_pl96_cycle288_seed2026/metrics_summary.csv,
222,frets,FreTS,electricity,720,336,2026,incomplete_no_final_metrics,ok,0.16752952756658823,0.2641076453141484,2.250508886281541,0.40930371066799315,23745744,,,4787.111626148224,29.843562364578247,3.4189422659311197,921.251953125,1445.68994140625,4925,results/complete_completion_0716v2_r2_20260717T001808_full_frets_electricity_l720_h336_s2026_FreTS_custom_ftM_sl720_pl336_cycle168_seed2026,checkpoints/completion_0716v2/complete_completion_0716v2_r2_20260717T001808_full_frets_electricity_l720_h336_s2026_FreTS_custom_ftM_sl720_pl336_cycle168_seed2026/checkpoint.pth,results/complete_completion_0716v2_r2_20260717T001808_full_frets_electricity_l720_h336_s2026_FreTS_custom_ftM_sl720_pl336_cycle168_seed2026/metrics_summary.csv,
223,frets,FreTS,traffic,720,96,2026,cuda_oom,ok,0.4316761123883106,0.33563776035383736,3.7843704491133714,0.6570206331526511,23684064,,,1843.8976593017578,38.691593647003174,7.879530442586628,2254.31494140625,3159.787109375,3413,results/complete_completion_0716v2_r2_20260717T001808_full_frets_traffic_l720_h96_s2026_FreTS_custom_ftM_sl720_pl96_cycle168_seed2026,checkpoints/completion_0716v2/complete_completion_0716v2_r2_20260717T001808_full_frets_traffic_l720_h96_s2026_FreTS_custom_ftM_sl720_pl96_cycle168_seed2026/checkpoint.pth,results/complete_completion_0716v2_r2_20260717T001808_full_frets_traffic_l720_h96_s2026_FreTS_custom_ftM_sl720_pl96_cycle168_seed2026/metrics_summary.csv,
224,frets,FreTS,traffic,720,192,2026,cuda_oom,ok,0.4843250639194845,0.3725319505329575,4.300273474707273,0.6959346692897865,23708736,,,1846.375182390213,38.52239203453064,7.9233876373624454,2255.98828125,3161.427734375,3317,results/complete_completion_0716v2_r2_20260717T001808_full_frets_traffic_l720_h192_s2026_FreTS_custom_ftM_sl720_pl192_cycle168_seed2026,checkpoints/completion_0716v2/complete_completion_0716v2_r2_20260717T001808_full_frets_traffic_l720_h192_s2026_FreTS_custom_ftM_sl720_pl192_cycle168_seed2026/checkpoint.pth,results/complete_completion_0716v2_r2_20260717T001808_full_frets_traffic_l720_h192_s2026_FreTS_custom_ftM_sl720_pl192_cycle168_seed2026/metrics_summary.csv,
225,frets,FreTS,traffic,720,336,2026,cuda_oom,ok,0.5409277510422811,0.4009363545614074,4.5604646234547435,0.735477906562992,23745744,,,1854.2841637134552,38.40323781967163,7.86313660597805,2258.50146484375,3163.890625,3173,results/complete_completion_0716v2_r2_20260717T001808_full_frets_traffic_l720_h336_s2026_FreTS_custom_ftM_sl720_pl336_cycle168_seed2026,checkpoints/completion_0716v2/complete_completion_0716v2_r2_20260717T001808_full_frets_traffic_l720_h336_s2026_FreTS_custom_ftM_sl720_pl336_cycle168_seed2026/checkpoint.pth,results/complete_completion_0716v2_r2_20260717T001808_full_frets_traffic_l720_h336_s2026_FreTS_custom_ftM_sl720_pl336_cycle168_seed2026/metrics_summary.csv,
226,frets,FreTS,traffic,720,720,2026,cuda_oom,ok,0.8505027774870199,0.3220286768851508,3.123025940658155,0.9222270747961263,23844432,,,8848.40169095993,34.78839612007141,7.948745790416193,2265.2001953125,3170.4560546875,2789,results/complete_completion_0716v2_r2_20260717T001808_full_frets_traffic_l720_h720_s2026_FreTS_custom_ftM_sl720_pl720_cycle168_seed2026,checkpoints/completion_0716v2/complete_completion_0716v2_r2_20260717T001808_full_frets_traffic_l720_h720_s2026_FreTS_custom_ftM_sl720_pl720_cycle168_seed2026/checkpoint.pth,results/complete_completion_0716v2_r2_20260717T001808_full_frets_traffic_l720_h720_s2026_FreTS_custom_ftM_sl720_pl720_cycle168_seed2026/metrics_summary.csv,
227,patchtst,PatchTST,PEMS03,720,24,2026,incomplete_no_final_metrics,ok,0.07275600205709706,0.1746902643005523,1.3394733908298166,0.26973320532907524,687643,,,6448.084632158279,28.396536827087402,4.413396578861116,5433.71533203125,13359.32275390625,5218,results/complete_completion_0716v2_r2_20260717T001808_full_patchtst_PEMS03_l720_h24_s2026_PatchTST_PEMS_ftM_sl720_pl24_cycle288_seed2026,checkpoints/completion_0716v2/complete_completion_0716v2_r2_20260717T001808_full_patchtst_PEMS03_l720_h24_s2026_PatchTST_PEMS_ftM_sl720_pl24_cycle288_seed2026/checkpoint.pth,results/complete_completion_0716v2_r2_20260717T001808_full_patchtst_PEMS03_l720_h24_s2026_PatchTST_PEMS_ftM_sl720_pl24_cycle288_seed2026/metrics_summary.csv,
228,patchtst,PatchTST,PEMS03,720,48,2026,not_run_or_no_log,ok,0.09922690385262763,0.20124511814461005,1.4951327378443662,0.3150030219738021,964147,,,6438.041875123978,28.2721004486084,4.412368736611762,5436.0830078125,13362.224609375,5194,results/complete_completion_0716v2_r2_20260717T001808_full_patchtst_PEMS03_l720_h48_s2026_PatchTST_PEMS_ftM_sl720_pl48_cycle288_seed2026,checkpoints/completion_0716v2/complete_completion_0716v2_r2_20260717T001808_full_patchtst_PEMS03_l720_h48_s2026_PatchTST_PEMS_ftM_sl720_pl48_cycle288_seed2026/checkpoint.pth,results/complete_completion_0716v2_r2_20260717T001808_full_patchtst_PEMS03_l720_h48_s2026_PatchTST_PEMS_ftM_sl720_pl48_cycle288_seed2026/metrics_summary.csv,
229,patchtst,PatchTST,PEMS03,720,96,2026,not_run_or_no_log,ok,0.13099422093123847,0.22859677562556535,1.6279123947218537,0.3619312378494546,1517155,,,6456.010800600052,27.777599573135376,4.390476257484182,5441.39208984375,13371.59912109375,5146,results/complete_completion_0716v2_r2_20260717T001808_full_patchtst_PEMS03_l720_h96_s2026_PatchTST_PEMS_ftM_sl720_pl96_cycle288_seed2026,checkpoints/completion_0716v2/complete_completion_0716v2_r2_20260717T001808_full_patchtst_PEMS03_l720_h96_s2026_PatchTST_PEMS_ftM_sl720_pl96_cycle288_seed2026/checkpoint.pth,results/complete_completion_0716v2_r2_20260717T001808_full_patchtst_PEMS03_l720_h96_s2026_PatchTST_PEMS_ftM_sl720_pl96_cycle288_seed2026/metrics_summary.csv,
230,patchtst,PatchTST,PEMS04,720,12,2026,not_run_or_no_log,ok,0.07359769613475588,0.17646396853381482,1.3425567020342979,0.2712889532118031,549391,,,3567.2124712467194,16.590699434280396,3.889521213667976,4663.314453125,11460.46435546875,3387,results/complete_completion_0716v2_r2_20260717T001808_full_patchtst_PEMS04_l720_h12_s2026_PatchTST_PEMS_ftM_sl720_pl12_cycle288_seed2026,checkpoints/completion_0716v2/complete_completion_0716v2_r2_20260717T001808_full_patchtst_PEMS04_l720_h12_s2026_PatchTST_PEMS_ftM_sl720_pl12_cycle288_seed2026/checkpoint.pth,results/complete_completion_0716v2_r2_20260717T001808_full_patchtst_PEMS04_l720_h12_s2026_PatchTST_PEMS_ftM_sl720_pl12_cycle288_seed2026/metrics_summary.csv,
231,patchtst,PatchTST,PEMS04,720,24,2026,not_run_or_no_log,ok,0.08876952872521722,0.1942832943030963,1.4968003765035025,0.2979421566767906,687643,,,3592.742409467697,16.617424964904785,3.914978134411353,4663.970703125,11462.06298828125,3375,results/complete_completion_0716v2_r2_20260717T001808_full_patchtst_PEMS04_l720_h24_s2026_PatchTST_PEMS_ftM_sl720_pl24_cycle288_seed2026,checkpoints/completion_0716v2/complete_completion_0716v2_r2_20260717T001808_full_patchtst_PEMS04_l720_h24_s2026_PatchTST_PEMS_ftM_sl720_pl24_cycle288_seed2026/checkpoint.pth,results/complete_completion_0716v2_r2_20260717T001808_full_patchtst_PEMS04_l720_h24_s2026_PatchTST_PEMS_ftM_sl720_pl24_cycle288_seed2026/metrics_summary.csv,
232,patchtst,PatchTST,PEMS04,720,48,2026,not_run_or_no_log,ok,0.10966388083925074,0.21515825134781122,1.659680562004673,0.3311553726564779,964147,,,3551.801438331604,16.755698680877686,3.871275286569022,4666.150390625,11466.30810546875,3351,results/complete_completion_0716v2_r2_20260717T001808_full_patchtst_PEMS04_l720_h48_s2026_PatchTST_PEMS_ftM_sl720_pl48_cycle288_seed2026,checkpoints/completion_0716v2/complete_completion_0716v2_r2_20260717T001808_full_patchtst_PEMS04_l720_h48_s2026_PatchTST_PEMS_ftM_sl720_pl48_cycle288_seed2026/checkpoint.pth,results/complete_completion_0716v2_r2_20260717T001808_full_patchtst_PEMS04_l720_h48_s2026_PatchTST_PEMS_ftM_sl720_pl48_cycle288_seed2026/metrics_summary.csv,
233,patchtst,PatchTST,PEMS04,720,96,2026,not_run_or_no_log,ok,0.13002078757080485,0.23447188592366283,1.8033453971645659,0.36058395356810435,1517155,,,3565.032110929489,16.475783824920654,3.8822546224593393,4670.5126953125,11474.92724609375,3303,results/complete_completion_0716v2_r2_20260717T001808_full_patchtst_PEMS04_l720_h96_s2026_PatchTST_PEMS_ftM_sl720_pl96_cycle288_seed2026,checkpoints/completion_0716v2/complete_completion_0716v2_r2_20260717T001808_full_patchtst_PEMS04_l720_h96_s2026_PatchTST_PEMS_ftM_sl720_pl96_cycle288_seed2026/checkpoint.pth,results/complete_completion_0716v2_r2_20260717T001808_full_patchtst_PEMS04_l720_h96_s2026_PatchTST_PEMS_ftM_sl720_pl96_cycle288_seed2026/metrics_summary.csv,
234,patchtst,PatchTST,PEMS07,720,12,2026,not_run_or_no_log,ok,0.050725074988537115,0.14322391719959646,1.4020099095238632,0.22522227906789577,549391,,,17035.171044826508,72.26304936408997,10.778467768574087,6693.55419921875,16463.07958984375,5633,results/complete_completion_0716v2_r2_20260717T001808_full_patchtst_PEMS07_l720_h12_s2026_PatchTST_PEMS_ftM_sl720_pl12_cycle288_seed2026,checkpoints/completion_0716v2/complete_completion_0716v2_r2_20260717T001808_full_patchtst_PEMS07_l720_h12_s2026_PatchTST_PEMS_ftM_sl720_pl12_cycle288_seed2026/checkpoint.pth,results/complete_completion_0716v2_r2_20260717T001808_full_patchtst_PEMS07_l720_h12_s2026_PatchTST_PEMS_ftM_sl720_pl12_cycle288_seed2026/metrics_summary.csv,
235,patchtst,PatchTST,PEMS07,720,24,2026,not_run_or_no_log,ok,0.060636495615954224,0.15729413006352896,1.5206339269652756,0.24624478799754163,687643,,,17042.28931927681,72.02690148353577,10.772271121735622,6694.400390625,16464.81884765625,5621,results/complete_completion_0716v2_r2_20260717T001808_full_patchtst_PEMS07_l720_h24_s2026_PatchTST_PEMS_ftM_sl720_pl24_cycle288_seed2026,checkpoints/completion_0716v2/complete_completion_0716v2_r2_20260717T001808_full_patchtst_PEMS07_l720_h24_s2026_PatchTST_PEMS_ftM_sl720_pl24_cycle288_seed2026/checkpoint.pth,results/complete_completion_0716v2_r2_20260717T001808_full_patchtst_PEMS07_l720_h24_s2026_PatchTST_PEMS_ftM_sl720_pl24_cycle288_seed2026/metrics_summary.csv,
236,patchtst,PatchTST,PEMS07,720,48,2026,not_run_or_no_log,ok,0.07501870107850789,0.17430702065533735,1.6752171368529165,0.27389541996628547,964147,,,17054.75174307823,71.42053532600403,10.740984881824065,6697.072265625,16469.27685546875,5597,results/complete_completion_0716v2_r2_20260717T001808_full_patchtst_PEMS07_l720_h48_s2026_PatchTST_PEMS_ftM_sl720_pl48_cycle288_seed2026,checkpoints/completion_0716v2/complete_completion_0716v2_r2_20260717T001808_full_patchtst_PEMS07_l720_h48_s2026_PatchTST_PEMS_ftM_sl720_pl48_cycle288_seed2026/checkpoint.pth,results/complete_completion_0716v2_r2_20260717T001808_full_patchtst_PEMS07_l720_h48_s2026_PatchTST_PEMS_ftM_sl720_pl48_cycle288_seed2026/metrics_summary.csv,
237,patchtst,PatchTST,PEMS07,720,96,2026,not_run_or_no_log,ok,0.092500350881171,0.19202681258510443,1.742905978770452,0.30413870335945575,1517155,,,17121.146812438965,72.08174633979797,10.806287393130994,6703.81201171875,16480.43798828125,5549,results/complete_completion_0716v2_r2_20260717T001808_full_patchtst_PEMS07_l720_h96_s2026_PatchTST_PEMS_ftM_sl720_pl96_cycle288_seed2026,checkpoints/completion_0716v2/complete_completion_0716v2_r2_20260717T001808_full_patchtst_PEMS07_l720_h96_s2026_PatchTST_PEMS_ftM_sl720_pl96_cycle288_seed2026/checkpoint.pth,results/complete_completion_0716v2_r2_20260717T001808_full_patchtst_PEMS07_l720_h96_s2026_PatchTST_PEMS_ftM_sl720_pl96_cycle288_seed2026/metrics_summary.csv,
238,patchtst,PatchTST,PEMS08,720,24,2026,incomplete_no_final_metrics,ok,0.08865108582289143,0.18335811873743532,1.5636899231727421,0.2977433220458377,687643,,,2186.161509990692,10.882884740829468,2.224736976392122,2599.70361328125,6385.9814453125,3548,results/complete_completion_0716v2_r2_20260717T001808_full_patchtst_PEMS08_l720_h24_s2026_PatchTST_PEMS_ftM_sl720_pl24_cycle288_seed2026,checkpoints/completion_0716v2/complete_completion_0716v2_r2_20260717T001808_full_patchtst_PEMS08_l720_h24_s2026_PatchTST_PEMS_ftM_sl720_pl24_cycle288_seed2026/checkpoint.pth,results/complete_completion_0716v2_r2_20260717T001808_full_patchtst_PEMS08_l720_h24_s2026_PatchTST_PEMS_ftM_sl720_pl24_cycle288_seed2026/metrics_summary.csv,
239,patchtst,PatchTST,PEMS08,720,48,2026,not_run_or_no_log,ok,0.13249480242823278,0.22148870136493043,1.8166962842996737,0.36399835498011907,964147,,,1734.9053485393524,10.742361545562744,2.2158953506567185,2601.3828125,6390.001953125,3524,results/complete_completion_0716v2_r2_20260717T001808_full_patchtst_PEMS08_l720_h48_s2026_PatchTST_PEMS_ftM_sl720_pl48_cycle288_seed2026,checkpoints/completion_0716v2/complete_completion_0716v2_r2_20260717T001808_full_patchtst_PEMS08_l720_h48_s2026_PatchTST_PEMS_ftM_sl720_pl48_cycle288_seed2026/checkpoint.pth,results/complete_completion_0716v2_r2_20260717T001808_full_patchtst_PEMS08_l720_h48_s2026_PatchTST_PEMS_ftM_sl720_pl48_cycle288_seed2026/metrics_summary.csv,
240,patchtst,PatchTST,PEMS08,720,96,2026,not_run_or_no_log,ok,0.2088842228492648,0.26180561442366534,2.0647152442832657,0.4570385354095044,1517155,,,1659.9572222232819,10.568804264068604,2.2229929159902317,2605.5400390625,6397.33056640625,3476,results/complete_completion_0716v2_r2_20260717T001808_full_patchtst_PEMS08_l720_h96_s2026_PatchTST_PEMS_ftM_sl720_pl96_cycle288_seed2026,checkpoints/completion_0716v2/complete_completion_0716v2_r2_20260717T001808_full_patchtst_PEMS08_l720_h96_s2026_PatchTST_PEMS_ftM_sl720_pl96_cycle288_seed2026/checkpoint.pth,results/complete_completion_0716v2_r2_20260717T001808_full_patchtst_PEMS08_l720_h96_s2026_PatchTST_PEMS_ftM_sl720_pl96_cycle288_seed2026/metrics_summary.csv,
241,patchtst,PatchTST,electricity,720,192,2026,not_run_or_no_log,ok,0.1477529202861975,0.24192687479228522,2.4372759612180137,0.3843864205278296,2623171,,,6412.909605979919,26.00776481628418,3.9869428983975688,4892.7998046875,12012.41748046875,5069,results/complete_completion_0716v2_r2_20260717T001808_full_patchtst_electricity_l720_h192_s2026_PatchTST_custom_ftM_sl720_pl192_cycle168_seed2026,checkpoints/completion_0716v2/complete_completion_0716v2_r2_20260717T001808_full_patchtst_electricity_l720_h192_s2026_PatchTST_custom_ftM_sl720_pl192_cycle168_seed2026/checkpoint.pth,results/complete_completion_0716v2_r2_20260717T001808_full_patchtst_electricity_l720_h192_s2026_PatchTST_custom_ftM_sl720_pl192_cycle168_seed2026/metrics_summary.csv,
242,patchtst,PatchTST,electricity,720,336,2026,not_run_or_no_log,ok,0.17117235886166063,0.26895248218978174,2.386073412514553,0.41372981384190893,4282195,,,3216.7909531593323,25.65548038482666,4.019883339893697,4905.71142578125,12036.794921875,4925,results/complete_completion_0716v2_r2_20260717T001808_full_patchtst_electricity_l720_h336_s2026_PatchTST_custom_ftM_sl720_pl336_cycle168_seed2026,checkpoints/completion_0716v2/complete_completion_0716v2_r2_20260717T001808_full_patchtst_electricity_l720_h336_s2026_PatchTST_custom_ftM_sl720_pl336_cycle168_seed2026/checkpoint.pth,results/complete_completion_0716v2_r2_20260717T001808_full_patchtst_electricity_l720_h336_s2026_PatchTST_custom_ftM_sl720_pl336_cycle168_seed2026/metrics_summary.csv,
243,patchtst,PatchTST,traffic,720,96,2026,not_run_or_no_log,ok,0.3609218682395258,0.24901274929134723,2.614323987477308,0.6007677323554635,1517155,,,11554.696013212204,47.092451095581055,10.990787620298454,3291.24951171875,8085.4482421875,3413,results/complete_completion_0716v2_r2_20260717T001808_full_patchtst_traffic_l720_h96_s2026_PatchTST_custom_ftM_sl720_pl96_cycle168_seed2026,checkpoints/completion_0716v2/complete_completion_0716v2_r2_20260717T001808_full_patchtst_traffic_l720_h96_s2026_PatchTST_custom_ftM_sl720_pl96_cycle168_seed2026/checkpoint.pth,results/complete_completion_0716v2_r2_20260717T001808_full_patchtst_traffic_l720_h96_s2026_PatchTST_custom_ftM_sl720_pl96_cycle168_seed2026/metrics_summary.csv,
244,patchtst,PatchTST,traffic,720,192,2026,not_run_or_no_log,ok,0.38219149686592496,0.25839301257390795,2.6632669986265176,0.6182163835308192,2623171,,,11486.798503160477,46.0538215637207,10.983917467410679,3299.1435546875,8102.12109375,3317,results/complete_completion_0716v2_r2_20260717T001808_full_patchtst_traffic_l720_h192_s2026_PatchTST_custom_ftM_sl720_pl192_cycle168_seed2026,checkpoints/completion_0716v2/complete_completion_0716v2_r2_20260717T001808_full_patchtst_traffic_l720_h192_s2026_PatchTST_custom_ftM_sl720_pl192_cycle168_seed2026/checkpoint.pth,results/complete_completion_0716v2_r2_20260717T001808_full_patchtst_traffic_l720_h192_s2026_PatchTST_custom_ftM_sl720_pl192_cycle168_seed2026/metrics_summary.csv,
245,patchtst,PatchTST,traffic,720,336,2026,not_run_or_no_log,ok,0.4005949934543809,0.2681916257917805,2.7761776866895422,0.6329257408688486,4282195,,,11353.36369228363,45.15593123435974,11.02935297287275,3310.39306640625,8125.90087890625,3173,results/complete_completion_0716v2_r2_20260717T001808_full_patchtst_traffic_l720_h336_s2026_PatchTST_custom_ftM_sl720_pl336_cycle168_seed2026,checkpoints/completion_0716v2/complete_completion_0716v2_r2_20260717T001808_full_patchtst_traffic_l720_h336_s2026_PatchTST_custom_ftM_sl720_pl336_cycle168_seed2026/checkpoint.pth,results/complete_completion_0716v2_r2_20260717T001808_full_patchtst_traffic_l720_h336_s2026_PatchTST_custom_ftM_sl720_pl336_cycle168_seed2026/metrics_summary.csv,
246,patchtst,PatchTST,traffic,720,720,2026,not_run_or_no_log,ok,0.4336286044769836,0.28873348390488324,2.9080496471612087,0.6585048249458645,8706259,,,11260.099269628525,41.927063941955566,11.303533395894563,3339.58203125,8184.81591796875,2789,results/complete_completion_0716v2_r2_20260717T001808_full_patchtst_traffic_l720_h720_s2026_PatchTST_custom_ftM_sl720_pl720_cycle168_seed2026,checkpoints/completion_0716v2/complete_completion_0716v2_r2_20260717T001808_full_patchtst_traffic_l720_h720_s2026_PatchTST_custom_ftM_sl720_pl720_cycle168_seed2026/checkpoint.pth,results/complete_completion_0716v2_r2_20260717T001808_full_patchtst_traffic_l720_h720_s2026_PatchTST_custom_ftM_sl720_pl720_cycle168_seed2026/metrics_summary.csv,
247,sparsetsf,SparseTSF,PEMS03,96,12,2026,incompatible_config,ok,0.15972057631346895,0.2810597796548598,2.056414490592488,0.39965056776322605,21,,,63.04183340072632,2.233034133911133,0.09663696249459032,95.08935546875,148.2275390625,5230,results/complete_completion_0716v2_r2_20260717T001808_full_sparsetsf_PEMS03_l96_h12_s2026_SparseTSF_PEMS_ftM_sl96_pl12_cycle288_seed2026,checkpoints/completion_0716v2/complete_completion_0716v2_r2_20260717T001808_full_sparsetsf_PEMS03_l96_h12_s2026_SparseTSF_PEMS_ftM_sl96_pl12_cycle288_seed2026/checkpoint.pth,results/complete_completion_0716v2_r2_20260717T001808_full_sparsetsf_PEMS03_l96_h12_s2026_SparseTSF_PEMS_ftM_sl96_pl12_cycle288_seed2026/metrics_summary.csv,
248,sparsetsf,SparseTSF,PEMS03,720,12,2026,incompatible_config,ok,0.10233944784111801,0.214922766781851,1.6246506544570218,0.3199053732607785,73,,,361.23425030708313,4.61738395690918,0.0987496087238563,423.65966796875,586.9306640625,5230,results/complete_completion_0716v2_r2_20260717T001808_full_sparsetsf_PEMS03_l720_h12_s2026_SparseTSF_PEMS_ftM_sl720_pl12_cycle288_seed2026,checkpoints/completion_0716v2/complete_completion_0716v2_r2_20260717T001808_full_sparsetsf_PEMS03_l720_h12_s2026_SparseTSF_PEMS_ftM_sl720_pl12_cycle288_seed2026/checkpoint.pth,results/complete_completion_0716v2_r2_20260717T001808_full_sparsetsf_PEMS03_l720_h12_s2026_SparseTSF_PEMS_ftM_sl720_pl12_cycle288_seed2026/metrics_summary.csv,
249,sparsetsf,SparseTSF,PEMS04,96,12,2026,incompatible_config,ok,0.16794539485762192,0.2892021122582127,1.9418744327278643,0.40981141377177616,21,,,58.33806109428406,2.5262300968170166,0.26178748118915246,86.12451171875,136.4873046875,3387,results/complete_completion_0716v2_r2_20260717T001808_full_sparsetsf_PEMS04_l96_h12_s2026_SparseTSF_PEMS_ftM_sl96_pl12_cycle288_seed2026,checkpoints/completion_0716v2/complete_completion_0716v2_r2_20260717T001808_full_sparsetsf_PEMS04_l96_h12_s2026_SparseTSF_PEMS_ftM_sl96_pl12_cycle288_seed2026/checkpoint.pth,results/complete_completion_0716v2_r2_20260717T001808_full_sparsetsf_PEMS04_l96_h12_s2026_SparseTSF_PEMS_ftM_sl96_pl12_cycle288_seed2026/metrics_summary.csv,
250,sparsetsf,SparseTSF,PEMS04,720,12,2026,incompatible_config,ok,0.1209915548182947,0.238593732113019,1.7439012258795707,0.3478384033115014,73,,,253.84738326072693,3.737018585205078,0.1591047346877918,367.86669921875,512.5400390625,3387,results/complete_completion_0716v2_r2_20260717T001808_full_sparsetsf_PEMS04_l720_h12_s2026_SparseTSF_PEMS_ftM_sl720_pl12_cycle288_seed2026,checkpoints/completion_0716v2/complete_completion_0716v2_r2_20260717T001808_full_sparsetsf_PEMS04_l720_h12_s2026_SparseTSF_PEMS_ftM_sl720_pl12_cycle288_seed2026/checkpoint.pth,results/complete_completion_0716v2_r2_20260717T001808_full_sparsetsf_PEMS04_l720_h12_s2026_SparseTSF_PEMS_ftM_sl720_pl12_cycle288_seed2026/metrics_summary.csv,
251,sparsetsf,SparseTSF,PEMS07,96,12,2026,incompatible_config,ok,0.15947780266870185,0.2873712455340029,2.361509100275051,0.39934671986721243,21,,,116.53357934951782,3.1989314556121826,0.10030056696637113,189.20263671875,293.77685546875,5633,results/complete_completion_0716v2_r2_20260717T001808_full_sparsetsf_PEMS07_l96_h12_s2026_SparseTSF_PEMS_ftM_sl96_pl12_cycle288_seed2026,checkpoints/completion_0716v2/complete_completion_0716v2_r2_20260717T001808_full_sparsetsf_PEMS07_l96_h12_s2026_SparseTSF_PEMS_ftM_sl96_pl12_cycle288_seed2026/checkpoint.pth,results/complete_completion_0716v2_r2_20260717T001808_full_sparsetsf_PEMS07_l96_h12_s2026_SparseTSF_PEMS_ftM_sl96_pl12_cycle288_seed2026/metrics_summary.csv,
252,sparsetsf,SparseTSF,PEMS07,720,12,2026,incompatible_config,ok,0.09830628644175014,0.21420303758932796,1.982229694162442,0.3135383332891692,73,,,1173.0097942352295,11.71271300315857,0.1965221116799096,995.40576171875,1639.0615234375,5633,results/complete_completion_0716v2_r2_20260717T001808_full_sparsetsf_PEMS07_l720_h12_s2026_SparseTSF_PEMS_ftM_sl720_pl12_cycle288_seed2026,checkpoints/completion_0716v2/complete_completion_0716v2_r2_20260717T001808_full_sparsetsf_PEMS07_l720_h12_s2026_SparseTSF_PEMS_ftM_sl720_pl12_cycle288_seed2026/checkpoint.pth,results/complete_completion_0716v2_r2_20260717T001808_full_sparsetsf_PEMS07_l720_h12_s2026_SparseTSF_PEMS_ftM_sl720_pl12_cycle288_seed2026/metrics_summary.csv,
253,sparsetsf,SparseTSF,PEMS08,96,12,2026,incompatible_config,ok,0.18854693863206096,0.3040574079973212,2.425693209671431,0.43421991966290646,21,,,42.407553911209106,1.9836516380310059,0.16335576191921247,69.09814453125,111.220703125,3560,results/complete_completion_0716v2_r2_20260717T001808_full_sparsetsf_PEMS08_l96_h12_s2026_SparseTSF_PEMS_ftM_sl96_pl12_cycle288_seed2026,checkpoints/completion_0716v2/complete_completion_0716v2_r2_20260717T001808_full_sparsetsf_PEMS08_l96_h12_s2026_SparseTSF_PEMS_ftM_sl96_pl12_cycle288_seed2026/checkpoint.pth,results/complete_completion_0716v2_r2_20260717T001808_full_sparsetsf_PEMS08_l96_h12_s2026_SparseTSF_PEMS_ftM_sl96_pl12_cycle288_seed2026/metrics_summary.csv,
254,sparsetsf,SparseTSF,PEMS08,720,12,2026,incompatible_config,ok,0.1337532519167008,0.23792714050206484,1.8150847591690766,0.3657229168601563,73,,,155.88661527633667,2.758265495300293,0.15443074660836142,278.13720703125,373.205078125,3560,results/complete_completion_0716v2_r2_20260717T001808_full_sparsetsf_PEMS08_l720_h12_s2026_SparseTSF_PEMS_ftM_sl720_pl12_cycle288_seed2026,checkpoints/completion_0716v2/complete_completion_0716v2_r2_20260717T001808_full_sparsetsf_PEMS08_l720_h12_s2026_SparseTSF_PEMS_ftM_sl720_pl12_cycle288_seed2026/checkpoint.pth,results/complete_completion_0716v2_r2_20260717T001808_full_sparsetsf_PEMS08_l720_h12_s2026_SparseTSF_PEMS_ftM_sl720_pl12_cycle288_seed2026/metrics_summary.csv,
