model,dataset,seq_len,pred_len,status,mse,mae,mape,rmse,param_count,forward_active_param_count,inactive_registered_param_count,real_scalar_equivalent,fp32_model_mib,parameter_source,seed,train_seconds,test_elapsed_seconds,inference_seconds,forward_ms_per_sample,test_peak_gpu_mem_mb,source_type,protocol,source_path,published_reference_mse,published_reference_source,notes
Compact + Echo,ETTh1,96,96,ok,0.3750604052349067,0.3923287765953505,9.68822428273947,0.612421754378,2242,,,2242,0.008552551,locked_3seed_actual_param_count,"2024,2025,2026",28.950366020202637,,,,41.22119140625,local_compact_echo_locked_3seed_mean,validation-locked production route; three matched seeds; one deferred held-out test per checkpoint,analysis_exp/source_snapshot_0721v1/compact_echo_true9_88cells.csv,,,Production route arm=true_compact_echo; MAPE was streamed during the 0717v2 completion.
TQNet,ETTh1,96,96,ok,0.3722872734069824,0.3932507336139679,,0.610153483483,661640,,,661640,2.523956299,logged_n_param,2026,20.3995,,0.7783,,,local_legacy_reproduction,validation-selected legacy run; test loss logged during training,note/results.csv,,,Held-out test MSE/MAE from the local legacy log; MAPE was not persisted.
CycleNet,ETTh1,96,96,ok,0.3787690997123718,0.3918715715408325,,0.615442198515,9480,,,9480,0.036163330,logged_n_param,2026,19.6351,,0.5982,,,local_legacy_reproduction,validation-selected legacy run; test loss logged during training,note/results.csv,,,Held-out test MSE/MAE from the local legacy log; MAPE was not persisted.
FITS,ETTh1,96,96,ok,0.3876684904098511,0.39675644040107727,,0.622630299945,1300,,,2600,0.009918213,logged_n_param,2026,46.5592,,0.83,,,local_legacy_reproduction,validation-selected legacy run; test loss logged during training,note/results.csv,,,Held-out test MSE/MAE from the local legacy log; MAPE was not persisted.
SparseTSF,ETTh1,96,96,ok,0.3853410482406616,0.39080557227134705,,0.620758445968,41,,,41,0.000156403,logged_n_param,2026,18.6267,,0.6783,,,local_legacy_reproduction,validation-selected legacy run; test loss logged during training,note/results.csv,,,Held-out test MSE/MAE from the local legacy log; MAPE was not persisted.
FreTS,ETTh1,96,96,ok,0.39766207337379456,0.4138297736644745,,0.630604530093,3236832,,,3236832,12.347534180,logged_n_param,2026,36.2531,,1.2739,,,local_legacy_reproduction,validation-selected legacy run; test loss logged during training,note/results.csv,,,Held-out test MSE/MAE from the local legacy log; MAPE was not persisted.
FilterNet,ETTh1,96,96,ok,0.3870052695274353,0.4050177037715912,,0.622097475905,49614,,,49614,0.189262390,logged_n_param,2026,39.7901,,1.6545,,,local_legacy_reproduction,validation-selected legacy run; test loss logged during training,note/results.csv,,,Held-out test MSE/MAE from the local legacy log; MAPE was not persisted.
iTransformer,ETTh1,96,96,ok,0.38772040605545044,0.40609854459762573,,0.622671989137,841568,,,841568,3.210327148,logged_n_param,2026,31.4677,,1.1303,,,local_legacy_reproduction,validation-selected legacy run; test loss logged during training,note/results.csv,,,Held-out test MSE/MAE from the local legacy log; MAPE was not persisted.
PatchTST,ETTh1,96,96,ok,0.38648903369903564,0.40005478262901306,,0.6216824219,35168,,,35168,0.134155273,logged_n_param,2026,87.8325,,0.8376,,,local_legacy_reproduction,validation-selected legacy run; test loss logged during training,note/results.csv,,,Held-out test MSE/MAE from the local legacy log; MAPE was not persisted.
DLinear,ETTh1,96,96,ok,0.40385836362838745,0.4189794361591339,,0.635498515835,18624,,,18624,0.071044922,logged_n_param,2026,20.4995,,1.0079,,,local_legacy_reproduction,validation-selected legacy run; test loss logged during training,note/results.csv,,,Held-out test MSE/MAE from the local legacy log; MAPE was not persisted.
MixLinear,ETTh1,96,96,ok,0.4024002254009247,0.4069834053516388,,0.634350238749,49,,,67,0.000255585,logged_n_param,2026,22.9792,,0.6562,,,local_legacy_reproduction,validation-selected legacy run; test loss logged during training,note/results.csv,,,Held-out test MSE/MAE from the local legacy log; MAPE was not persisted.
PhaseFormer,ETTh1,96,96,ok,0.38062536933473257,0.38848623423076883,9.288742270533147,0.616948433287,1500,,,1500,0.005722046,0716v2_audited_param_count,2021,175.95558857917786,,2.1440811157226562,0.2339589371073396,33.95263671875,local_completion_strict,validation-selected checkpoint; one deferred held-out test; sample-weighted streaming metrics,outputs/completion_0716v2/COMPLETION_MATRIX_0716V2_RESULTS.csv,,,0716v2 missing-cell completion; MAPE computed with the locked historical no-epsilon definition.
FreqCycle,ETTh1,96,96,ok,0.37144470736063845,0.3918306573249971,9.346022965256301,0.609462638199,50552,25752,24800,50552,0.192840576,0716v2_audited_param_count,2026,20.586074829101562,,1.675163745880127,0.14589984284269103,71.18896484375,local_completion_strict,validation-selected checkpoint; one deferred held-out test; sample-weighted streaming metrics,outputs/completion_0716v2/COMPLETION_MATRIX_0716V2_RESULTS.csv,,,0716v2 missing-cell completion; MAPE computed with the locked historical no-epsilon definition.
Compact + Echo,ETTh1,96,192,ok,0.42231090126032317,0.41777655641692857,9.864383680223725,0.649854523151,2370,,,2370,0.009040833,locked_3seed_actual_param_count,"2024,2025,2026",29.94416340192159,,,,47.88037109375,local_compact_echo_locked_3seed_mean,validation-locked production route; three matched seeds; one deferred held-out test per checkpoint,analysis_exp/source_snapshot_0721v1/compact_echo_true9_88cells.csv,,,Production route arm=true_compact_echo; MAPE was streamed during the 0717v2 completion.
TQNet,ETTh1,96,192,ok,0.42978137731552124,0.422845721244812,,0.655577133002,710888,,,710888,2.711822510,logged_n_param,2026,16.5263,,0.589,,,local_legacy_reproduction,validation-selected legacy run; test loss logged during training,note/results.csv,,,Held-out test MSE/MAE from the local legacy log; MAPE was not persisted.
CycleNet,ETTh1,96,192,ok,0.42691347002983093,0.4199761748313904,,0.653386156901,18792,,,18792,0.071685791,logged_n_param,2026,17.141,,0.5818,,,local_legacy_reproduction,validation-selected legacy run; test loss logged during training,note/results.csv,,,Held-out test MSE/MAE from the local legacy log; MAPE was not persisted.
FITS,ETTh1,96,192,ok,0.43786847591400146,0.42837396264076233,,0.661716310751,1950,,,3900,0.014877319,logged_n_param,2026,46.8684,,0.8566,,,local_legacy_reproduction,validation-selected legacy run; test loss logged during training,note/results.csv,,,Held-out test MSE/MAE from the local legacy log; MAPE was not persisted.
SparseTSF,ETTh1,96,192,ok,0.4348452687263489,0.42040011286735535,,0.659427986005,57,,,57,0.000217438,logged_n_param,2026,19.5839,,0.7258,,,local_legacy_reproduction,validation-selected legacy run; test loss logged during training,note/results.csv,,,Held-out test MSE/MAE from the local legacy log; MAPE was not persisted.
FreTS,ETTh1,96,192,ok,0.44686171412467957,0.43900513648986816,,0.668477160511,3261504,,,3261504,12.441650391,logged_n_param,2026,51.2946,,1.2252,,,local_legacy_reproduction,validation-selected legacy run; test loss logged during training,note/results.csv,,,Held-out test MSE/MAE from the local legacy log; MAPE was not persisted.
FilterNet,ETTh1,96,192,ok,0.4428230822086334,0.43338215351104736,,0.665449533931,74286,,,74286,0.283378601,logged_n_param,2026,27.4265,,1.5004,,,local_legacy_reproduction,validation-selected legacy run; test loss logged during training,note/results.csv,,,Held-out test MSE/MAE from the local legacy log; MAPE was not persisted.
iTransformer,ETTh1,96,192,ok,0.43971720337867737,0.43575483560562134,,0.663111757835,866240,,,866240,3.304443359,logged_n_param,2026,30.3707,,1.0538,,,local_legacy_reproduction,validation-selected legacy run; test loss logged during training,note/results.csv,,,Held-out test MSE/MAE from the local legacy log; MAPE was not persisted.
PatchTST,ETTh1,96,192,ok,0.4361526370048523,0.42726215720176697,,0.660418531694,53696,,,53696,0.204833984,logged_n_param,2026,151.1301,,0.8444,,,local_legacy_reproduction,validation-selected legacy run; test loss logged during training,note/results.csv,,,Held-out test MSE/MAE from the local legacy log; MAPE was not persisted.
DLinear,ETTh1,96,192,ok,0.4465476870536804,0.4398042857646942,,0.668242236808,37248,,,37248,0.142089844,logged_n_param,2026,25.0375,,1.0236,,,local_legacy_reproduction,validation-selected legacy run; test loss logged during training,note/results.csv,,,Held-out test MSE/MAE from the local legacy log; MAPE was not persisted.
MixLinear,ETTh1,96,192,ok,0.4334625005722046,0.42114195227622986,,0.658378690855,61,,,87,0.000331879,logged_n_param,2026,21.9138,,0.7231,,,local_legacy_reproduction,validation-selected legacy run; test loss logged during training,note/results.csv,,,Held-out test MSE/MAE from the local legacy log; MAPE was not persisted.
PhaseFormer,ETTh1,96,192,ok,0.4301431020327569,0.41711510678714697,9.154527003199478,0.655852957631,1520,,,1520,0.005798340,0716v2_audited_param_count,2021,147.96750402450562,,2.1768720149993896,0.24156818494017837,34.19287109375,local_completion_strict,validation-selected checkpoint; one deferred held-out test; sample-weighted streaming metrics,outputs/completion_0716v2/COMPLETION_MATRIX_0716V2_RESULTS.csv,,,0716v2 missing-cell completion; MAPE computed with the locked historical no-epsilon definition.
FreqCycle,ETTh1,96,192,ok,0.4154759513776131,0.41666401668319786,9.199771874100172,0.644574240393,75320,38136,37184,75320,0.287322998,0716v2_audited_param_count,2026,21.307814121246338,,1.6865408420562744,0.15169485998933932,75.31494140625,local_completion_strict,validation-selected checkpoint; one deferred held-out test; sample-weighted streaming metrics,outputs/completion_0716v2/COMPLETION_MATRIX_0716V2_RESULTS.csv,,,0716v2 missing-cell completion; MAPE computed with the locked historical no-epsilon definition.
Compact + Echo,ETTh1,96,336,ok,0.4595741100426146,0.4364206349592047,9.674394537148942,0.677918955365,2562,,,2562,0.009773254,locked_3seed_actual_param_count,"2024,2025,2026",27.202557961146038,,,,59.1689453125,local_compact_echo_locked_3seed_mean,validation-locked production route; three matched seeds; one deferred held-out test per checkpoint,analysis_exp/source_snapshot_0721v1/compact_echo_true9_88cells.csv,,,Production route arm=true_compact_echo; MAPE was streamed during the 0717v2 completion.
TQNet,ETTh1,96,336,ok,0.4756699502468109,0.4456445872783661,,0.68968829934,784760,,,784760,2.993621826,logged_n_param,2026,15.8559,,0.7435,,,local_legacy_reproduction,validation-selected legacy run; test loss logged during training,note/results.csv,,,Held-out test MSE/MAE from the local legacy log; MAPE was not persisted.
CycleNet,ETTh1,96,336,ok,0.4651665985584259,0.4399872422218323,,0.6820312299,32760,,,32760,0.124969482,logged_n_param,2026,18.2607,,0.54,,,local_legacy_reproduction,validation-selected legacy run; test loss logged during training,note/results.csv,,,Held-out test MSE/MAE from the local legacy log; MAPE was not persisted.
FITS,ETTh1,96,336,ok,0.47694048285484314,0.44809475541114807,,0.690608776989,2912,,,5824,0.022216797,logged_n_param,2026,48.5447,,0.8354,,,local_legacy_reproduction,validation-selected legacy run; test loss logged during training,note/results.csv,,,Held-out test MSE/MAE from the local legacy log; MAPE was not persisted.
SparseTSF,ETTh1,96,336,ok,0.48060882091522217,0.4456454813480377,,0.693259562441,81,,,81,0.000308990,logged_n_param,2026,26.6412,,0.7454,,,local_legacy_reproduction,validation-selected legacy run; test loss logged during training,note/results.csv,,,Held-out test MSE/MAE from the local legacy log; MAPE was not persisted.
FreTS,ETTh1,96,336,ok,0.5001930594444275,0.472714364528656,,0.707243281654,3298512,,,3298512,12.582824707,logged_n_param,2026,32.809,,1.1474,,,local_legacy_reproduction,validation-selected legacy run; test loss logged during training,note/results.csv,,,Held-out test MSE/MAE from the local legacy log; MAPE was not persisted.
FilterNet,ETTh1,96,336,ok,0.5195631980895996,0.4716823101043701,,0.720807323832,111294,,,111294,0.424552917,logged_n_param,2026,34.2155,,1.464,,,local_legacy_reproduction,validation-selected legacy run; test loss logged during training,note/results.csv,,,Held-out test MSE/MAE from the local legacy log; MAPE was not persisted.
iTransformer,ETTh1,96,336,ok,0.48971134424209595,0.45992225408554077,,0.699793786942,3379024,,,3379024,12.889953613,logged_n_param,2026,22.2546,,0.9965,,,local_legacy_reproduction,validation-selected legacy run; test loss logged during training,note/results.csv,,,Held-out test MSE/MAE from the local legacy log; MAPE was not persisted.
PatchTST,ETTh1,96,336,ok,0.48050761222839355,0.45093804597854614,,0.693186563797,81488,,,81488,0.310852051,logged_n_param,2026,122.1467,,0.7768,,,local_legacy_reproduction,validation-selected legacy run; test loss logged during training,note/results.csv,,,Held-out test MSE/MAE from the local legacy log; MAPE was not persisted.
DLinear,ETTh1,96,336,ok,0.5157304406166077,0.49302875995635986,,0.718143746486,65184,,,65184,0.248657227,logged_n_param,2026,20.3688,,0.9907,,,local_legacy_reproduction,validation-selected legacy run; test loss logged during training,note/results.csv,,,Held-out test MSE/MAE from the local legacy log; MAPE was not persisted.
MixLinear,ETTh1,96,336,ok,0.47479209303855896,0.43993356823921204,,0.689051589533,77,,,115,0.000438690,logged_n_param,2026,40.0804,,0.7262,,,local_legacy_reproduction,validation-selected legacy run; test loss logged during training,note/results.csv,,,Held-out test MSE/MAE from the local legacy log; MAPE was not persisted.
PhaseFormer,ETTh1,96,336,ok,0.46791915283195945,0.4353439596951045,9.389008934594177,0.684046162793,1550,,,1550,0.005912781,0716v2_audited_param_count,2021,116.75128173828125,,2.0647714138031006,0.24664923292538973,34.55322265625,local_completion_strict,validation-selected checkpoint; one deferred held-out test; sample-weighted streaming metrics,outputs/completion_0716v2/COMPLETION_MATRIX_0716V2_RESULTS.csv,,,0716v2 missing-cell completion; MAPE computed with the locked historical no-epsilon definition.
FreqCycle,ETTh1,96,336,ok,0.4577838957380136,0.4382918532447932,9.48410875636819,0.676597292145,445016,222984,222032,445016,1.697601318,0716v2_audited_param_count,2026,20.301886081695557,,1.5994091033935547,0.14058074681545757,83.8037109375,local_completion_strict,validation-selected checkpoint; one deferred held-out test; sample-weighted streaming metrics,outputs/completion_0716v2/COMPLETION_MATRIX_0716V2_RESULTS.csv,,,0716v2 missing-cell completion; MAPE computed with the locked historical no-epsilon definition.
Compact + Echo,ETTh1,96,720,ok,0.45977735283737237,0.4538036911911172,9.889338965009726,0.67806884078,3074,,,3074,0.011726379,locked_3seed_actual_param_count,"2024,2025,2026",34.929500897725426,,,,85.5283203125,local_compact_echo_locked_3seed_mean,validation-locked production route; three matched seeds; one deferred held-out test per checkpoint,analysis_exp/source_snapshot_0721v1/compact_echo_true9_88cells.csv,,,Production route arm=true_compact_echo; MAPE was streamed during the 0717v2 completion.
TQNet,ETTh1,96,720,ok,0.49081337451934814,0.4718521237373352,,0.7005807409,981752,,,981752,3.745086670,logged_n_param,2026,15.8099,,0.7849,,,local_legacy_reproduction,validation-selected legacy run; test loss logged during training,note/results.csv,,,Held-out test MSE/MAE from the local legacy log; MAPE was not persisted.
CycleNet,ETTh1,96,720,ok,0.46242040395736694,0.4617672264575958,,0.680015002744,70008,,,70008,0.267059326,logged_n_param,2026,20.3551,,0.7167,,,local_legacy_reproduction,validation-selected legacy run; test loss logged during training,note/results.csv,,,Held-out test MSE/MAE from the local legacy log; MAPE was not persisted.
FITS,ETTh1,96,720,ok,0.47635969519615173,0.4778337776660919,,0.69018815927,5512,,,11024,0.042053223,logged_n_param,2026,53.8259,,0.9692,,,local_legacy_reproduction,validation-selected legacy run; test loss logged during training,note/results.csv,,,Held-out test MSE/MAE from the local legacy log; MAPE was not persisted.
SparseTSF,ETTh1,96,720,ok,0.4634914696216583,0.4575486481189728,,0.680802078156,145,,,145,0.000553131,logged_n_param,2026,35.2008,,0.8894,,,local_legacy_reproduction,validation-selected legacy run; test loss logged during training,note/results.csv,,,Held-out test MSE/MAE from the local legacy log; MAPE was not persisted.
FreTS,ETTh1,96,720,ok,0.574812114238739,0.5450076460838318,,0.758163646081,3397200,,,3397200,12.959289551,logged_n_param,2026,38.2767,,1.1321,,,local_legacy_reproduction,validation-selected legacy run; test loss logged during training,note/results.csv,,,Held-out test MSE/MAE from the local legacy log; MAPE was not persisted.
FilterNet,ETTh1,96,720,ok,0.6354541182518005,0.5339949727058411,,0.797153760734,209982,,,209982,0.801017761,logged_n_param,2026,27.8532,,1.5715,,,local_legacy_reproduction,validation-selected legacy run; test loss logged during training,note/results.csv,,,Held-out test MSE/MAE from the local legacy log; MAPE was not persisted.
iTransformer,ETTh1,96,720,ok,0.5136282444000244,0.49674874544143677,,0.716678620024,3576016,,,3576016,13.641418457,logged_n_param,2026,22.6652,,1.2617,,,local_legacy_reproduction,validation-selected legacy run; test loss logged during training,note/results.csv,,,Held-out test MSE/MAE from the local legacy log; MAPE was not persisted.
PatchTST,ETTh1,96,720,ok,0.4889317750930786,0.47666680812835693,,0.699236565901,155600,,,155600,0.593566895,logged_n_param,2026,103.7317,,0.8827,,,local_legacy_reproduction,validation-selected legacy run; test loss logged during training,note/results.csv,,,Held-out test MSE/MAE from the local legacy log; MAPE was not persisted.
DLinear,ETTh1,96,720,ok,0.5426162481307983,0.5277174711227417,,0.736624903279,139680,,,139680,0.532836914,logged_n_param,2026,26.6807,,1.0902,,,local_legacy_reproduction,validation-selected legacy run; test loss logged during training,note/results.csv,,,Held-out test MSE/MAE from the local legacy log; MAPE was not persisted.
MixLinear,ETTh1,96,720,ok,0.47580012679100037,0.4673670828342438,,0.689782666346,117,,,187,0.000713348,logged_n_param,2026,27.4465,,0.7853,,,local_legacy_reproduction,validation-selected legacy run; test loss logged during training,note/results.csv,,,Held-out test MSE/MAE from the local legacy log; MAPE was not persisted.
PhaseFormer,ETTh1,96,720,ok,0.4645510954753938,0.4464530291507048,8.78330340271801,0.681579852604,56550,,,56550,0.215721130,0716v2_audited_param_count,2021,192.22274708747864,,2.1388614177703857,0.2885547527773603,39.0654296875,local_completion_strict,validation-selected checkpoint; one deferred held-out test; sample-weighted streaming metrics,outputs/completion_0716v2/COMPLETION_MATRIX_0716V2_RESULTS.csv,,,0716v2 missing-cell completion; MAPE computed with the locked historical no-epsilon definition.
FreqCycle,ETTh1,96,720,ok,0.45947898757415606,0.45730502571311216,10.141159804213268,0.677848794035,839000,419976,419024,839000,3.200531006,0716v2_audited_param_count,2026,22.787699699401855,,1.6125798225402832,0.16545235191862764,100.24462890625,local_completion_strict,validation-selected checkpoint; one deferred held-out test; sample-weighted streaming metrics,outputs/completion_0716v2/COMPLETION_MATRIX_0716V2_RESULTS.csv,,,0716v2 missing-cell completion; MAPE computed with the locked historical no-epsilon definition.
Compact + Echo,ETTh2,96,96,ok,0.2847804530839197,0.3351129108733952,1.4204935436306692,0.53364824846,2242,,,2242,0.008552551,locked_3seed_actual_param_count,"2024,2025,2026",22.76865617434184,,,,41.22119140625,local_compact_echo_locked_3seed_mean,validation-locked production route; three matched seeds; one deferred held-out test per checkpoint,analysis_exp/source_snapshot_0721v1/compact_echo_true9_88cells.csv,,,Production route arm=true_compact_echo; MAPE was streamed during the 0717v2 completion.
TQNet,ETTh2,96,96,ok,0.29276853799819946,0.3421964943408966,,0.541080897832,661640,,,661640,2.523956299,logged_n_param,2026,15.6272,,0.5845,,,local_legacy_reproduction,validation-selected legacy run; test loss logged during training,note/results.csv,,,Held-out test MSE/MAE from the local legacy log; MAPE was not persisted.
CycleNet,ETTh2,96,96,ok,0.2869143486022949,0.336274117231369,,0.535643863591,9480,,,9480,0.036163330,logged_n_param,2026,16.7173,,0.5937,,,local_legacy_reproduction,validation-selected legacy run; test loss logged during training,note/results.csv,,,Held-out test MSE/MAE from the local legacy log; MAPE was not persisted.
FITS,ETTh2,96,96,ok,0.2962391674518585,0.3435402512550354,,0.544278575228,1300,,,2600,0.009918213,logged_n_param,2026,49.2632,,0.9658,,,local_legacy_reproduction,validation-selected legacy run; test loss logged during training,note/results.csv,,,Held-out test MSE/MAE from the local legacy log; MAPE was not persisted.
SparseTSF,ETTh2,96,96,ok,0.3032776415348053,0.3469540774822235,,0.550706493093,41,,,41,0.000156403,logged_n_param,2026,23.3885,,0.733,,,local_legacy_reproduction,validation-selected legacy run; test loss logged during training,note/results.csv,,,Held-out test MSE/MAE from the local legacy log; MAPE was not persisted.
FreTS,ETTh2,96,96,ok,0.3138924539089203,0.3705407977104187,,0.560261058712,3236832,,,3236832,12.347534180,logged_n_param,2026,33.8702,,1.3369,,,local_legacy_reproduction,validation-selected legacy run; test loss logged during training,note/results.csv,,,Held-out test MSE/MAE from the local legacy log; MAPE was not persisted.
FilterNet,ETTh2,96,96,ok,0.30057621002197266,0.34798553586006165,,0.548248310551,49614,,,49614,0.189262390,logged_n_param,2026,24.1159,,1.7705,,,local_legacy_reproduction,validation-selected legacy run; test loss logged during training,note/results.csv,,,Held-out test MSE/MAE from the local legacy log; MAPE was not persisted.
iTransformer,ETTh2,96,96,ok,0.3037857115268707,0.3525485694408417,,0.551167589329,224224,,,224224,0.855346680,logged_n_param,2026,27.5113,,1.1219,,,local_legacy_reproduction,validation-selected legacy run; test loss logged during training,note/results.csv,,,Held-out test MSE/MAE from the local legacy log; MAPE was not persisted.
PatchTST,ETTh2,96,96,ok,0.29275190830230713,0.3426553010940552,,0.541065530507,35168,,,35168,0.134155273,logged_n_param,2026,71.9322,,0.8192,,,local_legacy_reproduction,validation-selected legacy run; test loss logged during training,note/results.csv,,,Held-out test MSE/MAE from the local legacy log; MAPE was not persisted.
DLinear,ETTh2,96,96,ok,0.31192904710769653,0.36561572551727295,,0.558506085113,18624,,,18624,0.071044922,logged_n_param,2026,23.0341,,1.0561,,,local_legacy_reproduction,validation-selected legacy run; test loss logged during training,note/results.csv,,,Held-out test MSE/MAE from the local legacy log; MAPE was not persisted.
MixLinear,ETTh2,96,96,ok,0.30284741520881653,0.3467482328414917,,0.550315741378,49,,,87,0.000331879,logged_n_param,2026,27.923,,0.7654,,,local_legacy_reproduction,validation-selected legacy run; test loss logged during training,note/results.csv,,,Held-out test MSE/MAE from the local legacy log; MAPE was not persisted.
PhaseFormer,ETTh2,96,96,ok,0.29247250065308056,0.34092886913318643,1.455730983173404,0.540807267567,1508,,,1508,0.005752563,0716v2_audited_param_count,2021,48.845977544784546,,1.893197774887085,0.16256518648599594,34.1826171875,local_completion_strict,validation-selected checkpoint; one deferred held-out test; sample-weighted streaming metrics,outputs/completion_0716v2/COMPLETION_MATRIX_0716V2_RESULTS.csv,,,0716v2 missing-cell completion; MAPE computed with the locked historical no-epsilon definition.
FreqCycle,ETTh2,96,96,ok,0.28661866635952976,0.33877949137717595,1.426332396994327,0.535367786068,50552,25752,24800,50552,0.192840576,0716v2_audited_param_count,2026,17.889517307281494,,1.5739281177520752,0.11624534676249408,71.18896484375,local_completion_strict,validation-selected checkpoint; one deferred held-out test; sample-weighted streaming metrics,outputs/completion_0716v2/COMPLETION_MATRIX_0716V2_RESULTS.csv,,,0716v2 missing-cell completion; MAPE computed with the locked historical no-epsilon definition.
Compact + Echo,ETTh2,96,192,ok,0.3741459363188921,0.3923750780073297,1.6208731652318624,0.611674698119,2370,,,2370,0.009040833,locked_3seed_actual_param_count,"2024,2025,2026",20.11625401178996,,,,47.88037109375,local_compact_echo_locked_3seed_mean,validation-locked production route; three matched seeds; one deferred held-out test per checkpoint,analysis_exp/source_snapshot_0721v1/compact_echo_true9_88cells.csv,,,Production route arm=true_compact_echo; MAPE was streamed during the 0717v2 completion.
TQNet,ETTh2,96,192,ok,0.36600902676582336,0.3912723660469055,,0.604986798836,710888,,,710888,2.711822510,logged_n_param,2026,14.6184,,0.7391,,,local_legacy_reproduction,validation-selected legacy run; test loss logged during training,note/results.csv,,,Held-out test MSE/MAE from the local legacy log; MAPE was not persisted.
CycleNet,ETTh2,96,192,ok,0.3727259635925293,0.39143335819244385,,0.61051286931,18792,,,18792,0.071685791,logged_n_param,2026,18.3953,,0.5876,,,local_legacy_reproduction,validation-selected legacy run; test loss logged during training,note/results.csv,,,Held-out test MSE/MAE from the local legacy log; MAPE was not persisted.
FITS,ETTh2,96,192,ok,0.3818401098251343,0.3942728042602539,,0.617932123963,1950,,,3900,0.014877319,logged_n_param,2026,50.425,,0.9101,,,local_legacy_reproduction,validation-selected legacy run; test loss logged during training,note/results.csv,,,Held-out test MSE/MAE from the local legacy log; MAPE was not persisted.
SparseTSF,ETTh2,96,192,ok,0.38639000058174133,0.39671677350997925,,0.621602767515,57,,,57,0.000217438,logged_n_param,2026,16.7587,,0.772,,,local_legacy_reproduction,validation-selected legacy run; test loss logged during training,note/results.csv,,,Held-out test MSE/MAE from the local legacy log; MAPE was not persisted.
FreTS,ETTh2,96,192,ok,0.4555008113384247,0.45949095487594604,,0.674908002129,3261504,,,3261504,12.441650391,logged_n_param,2026,25.3633,,1.1791,,,local_legacy_reproduction,validation-selected legacy run; test loss logged during training,note/results.csv,,,Held-out test MSE/MAE from the local legacy log; MAPE was not persisted.
FilterNet,ETTh2,96,192,ok,0.37667444348335266,0.40136000514030457,,0.613738090299,74286,,,74286,0.283378601,logged_n_param,2026,29.8428,,1.6829,,,local_legacy_reproduction,validation-selected legacy run; test loss logged during training,note/results.csv,,,Held-out test MSE/MAE from the local legacy log; MAPE was not persisted.
iTransformer,ETTh2,96,192,ok,0.37807267904281616,0.397566556930542,,0.614876149353,236608,,,236608,0.902587891,logged_n_param,2026,30.6262,,1.3428,,,local_legacy_reproduction,validation-selected legacy run; test loss logged during training,note/results.csv,,,Held-out test MSE/MAE from the local legacy log; MAPE was not persisted.
PatchTST,ETTh2,96,192,ok,0.36703795194625854,0.3902987241744995,,0.605836571978,53696,,,53696,0.204833984,logged_n_param,2026,132.4441,,0.9604,,,local_legacy_reproduction,validation-selected legacy run; test loss logged during training,note/results.csv,,,Held-out test MSE/MAE from the local legacy log; MAPE was not persisted.
DLinear,ETTh2,96,192,ok,0.40562668442726135,0.42232146859169006,,0.636888282533,37248,,,37248,0.142089844,logged_n_param,2026,19.659,,1.0815,,,local_legacy_reproduction,validation-selected legacy run; test loss logged during training,note/results.csv,,,Held-out test MSE/MAE from the local legacy log; MAPE was not persisted.
MixLinear,ETTh2,96,192,ok,0.38484397530555725,0.39556777477264404,,0.620357941277,61,,,107,0.000408173,logged_n_param,2026,28.1787,,0.7053,,,local_legacy_reproduction,validation-selected legacy run; test loss logged during training,note/results.csv,,,Held-out test MSE/MAE from the local legacy log; MAPE was not persisted.
PhaseFormer,ETTh2,96,192,ok,0.3701131560016939,0.38738097873365657,1.563016421596515,0.60836925958,1544,,,1544,0.005889893,0716v2_audited_param_count,2021,54.35837936401367,,2.0454297065734863,0.17287352809169204,34.4228515625,local_completion_strict,validation-selected checkpoint; one deferred held-out test; sample-weighted streaming metrics,outputs/completion_0716v2/COMPLETION_MATRIX_0716V2_RESULTS.csv,,,0716v2 missing-cell completion; MAPE computed with the locked historical no-epsilon definition.
FreqCycle,ETTh2,96,192,ok,0.3650637374127025,0.3911111628785161,1.5727829160837705,0.604205045835,75320,38136,37184,75320,0.287322998,0716v2_audited_param_count,2026,21.068655490875244,,1.5755653381347656,0.11909093036582674,75.31494140625,local_completion_strict,validation-selected checkpoint; one deferred held-out test; sample-weighted streaming metrics,outputs/completion_0716v2/COMPLETION_MATRIX_0716V2_RESULTS.csv,,,0716v2 missing-cell completion; MAPE computed with the locked historical no-epsilon definition.
Compact + Echo,ETTh2,96,336,ok,0.4237327003950373,0.434188320873713,1.884932896245876,0.650947540432,2562,,,2562,0.009773254,locked_3seed_actual_param_count,"2024,2025,2026",18.092164278030396,,,,59.1689453125,local_compact_echo_locked_3seed_mean,validation-locked production route; three matched seeds; one deferred held-out test per checkpoint,analysis_exp/source_snapshot_0721v1/compact_echo_true9_88cells.csv,,,Production route arm=true_compact_echo; MAPE was streamed during the 0717v2 completion.
TQNet,ETTh2,96,336,ok,0.41859692335128784,0.42943012714385986,,0.646990667128,784760,,,784760,2.993621826,logged_n_param,2026,17.0087,,0.6968,,,local_legacy_reproduction,validation-selected legacy run; test loss logged during training,note/results.csv,,,Held-out test MSE/MAE from the local legacy log; MAPE was not persisted.
CycleNet,ETTh2,96,336,ok,0.4246993660926819,0.4339267611503601,,0.651689624049,32760,,,32760,0.124969482,logged_n_param,2026,19.8549,,0.5835,,,local_legacy_reproduction,validation-selected legacy run; test loss logged during training,note/results.csv,,,Held-out test MSE/MAE from the local legacy log; MAPE was not persisted.
FITS,ETTh2,96,336,ok,0.41966599225997925,0.42777591943740845,,0.647816326021,2912,,,5824,0.022216797,logged_n_param,2026,53.3295,,0.9541,,,local_legacy_reproduction,validation-selected legacy run; test loss logged during training,note/results.csv,,,Held-out test MSE/MAE from the local legacy log; MAPE was not persisted.
SparseTSF,ETTh2,96,336,ok,0.4205617308616638,0.4276490807533264,,0.648507309798,81,,,81,0.000308990,logged_n_param,2026,25.2609,,0.8272,,,local_legacy_reproduction,validation-selected legacy run; test loss logged during training,note/results.csv,,,Held-out test MSE/MAE from the local legacy log; MAPE was not persisted.
FreTS,ETTh2,96,336,ok,0.5086455941200256,0.49435877799987793,,0.713193938645,3298512,,,3298512,12.582824707,logged_n_param,2026,26.1828,,1.2427,,,local_legacy_reproduction,validation-selected legacy run; test loss logged during training,note/results.csv,,,Held-out test MSE/MAE from the local legacy log; MAPE was not persisted.
FilterNet,ETTh2,96,336,ok,0.4226026237010956,0.43522629141807556,,0.650078936515,111294,,,111294,0.424552917,logged_n_param,2026,33.3307,,1.6648,,,local_legacy_reproduction,validation-selected legacy run; test loss logged during training,note/results.csv,,,Held-out test MSE/MAE from the local legacy log; MAPE was not persisted.
iTransformer,ETTh2,96,336,ok,0.4237966537475586,0.4322473406791687,,0.650996661856,255184,,,255184,0.973449707,logged_n_param,2026,31.6257,,0.998,,,local_legacy_reproduction,validation-selected legacy run; test loss logged during training,note/results.csv,,,Held-out test MSE/MAE from the local legacy log; MAPE was not persisted.
PatchTST,ETTh2,96,336,ok,0.41966110467910767,0.4293452501296997,,0.64781255366,81488,,,81488,0.310852051,logged_n_param,2026,64.2894,,0.7248,,,local_legacy_reproduction,validation-selected legacy run; test loss logged during training,note/results.csv,,,Held-out test MSE/MAE from the local legacy log; MAPE was not persisted.
DLinear,ETTh2,96,336,ok,0.48955056071281433,0.4813942015171051,,0.69967889829,65184,,,65184,0.248657227,logged_n_param,2026,16.1994,,0.9462,,,local_legacy_reproduction,validation-selected legacy run; test loss logged during training,note/results.csv,,,Held-out test MSE/MAE from the local legacy log; MAPE was not persisted.
MixLinear,ETTh2,96,336,ok,0.4264834225177765,0.43002572655677795,,0.653056982596,77,,,135,0.000514984,logged_n_param,2026,31.2335,,0.8181,,,local_legacy_reproduction,validation-selected legacy run; test loss logged during training,note/results.csv,,,Held-out test MSE/MAE from the local legacy log; MAPE was not persisted.
PhaseFormer,ETTh2,96,336,ok,0.4102147718330403,0.42115806734279543,1.7411152668879841,0.640480110412,1598,,,1598,0.006095886,0716v2_audited_param_count,2021,77.21845841407776,,1.9906511306762695,0.18850717810668738,34.783203125,local_completion_strict,validation-selected checkpoint; one deferred held-out test; sample-weighted streaming metrics,outputs/completion_0716v2/COMPLETION_MATRIX_0716V2_RESULTS.csv,,,0716v2 missing-cell completion; MAPE computed with the locked historical no-epsilon definition.
FreqCycle,ETTh2,96,336,ok,0.4116258053378967,0.42575863249034923,1.7516876301378186,0.641580708359,445016,222984,222032,445016,1.697601318,0716v2_audited_param_count,2026,23.960408449172974,,1.0014257431030273,0.0617316766680458,58.21044921875,local_completion_strict,validation-selected checkpoint; one deferred held-out test; sample-weighted streaming metrics,outputs/completion_0716v2/COMPLETION_MATRIX_0716V2_RESULTS.csv,,,0716v2 missing-cell completion; MAPE computed with the locked historical no-epsilon definition.
Compact + Echo,ETTh2,96,720,ok,0.45082242321299554,0.45830650251250604,2.137050847509596,0.671433111496,3074,,,3074,0.011726379,locked_3seed_actual_param_count,"2024,2025,2026",20.53157631556193,,,,85.5283203125,local_compact_echo_locked_3seed_mean,validation-locked production route; three matched seeds; one deferred held-out test per checkpoint,analysis_exp/source_snapshot_0721v1/compact_echo_true9_88cells.csv,,,Production route arm=true_compact_echo; MAPE was streamed during the 0717v2 completion.
TQNet,ETTh2,96,720,ok,0.44010740518569946,0.4494432806968689,,0.663405912836,981752,,,981752,3.745086670,logged_n_param,2026,18.3141,,0.7388,,,local_legacy_reproduction,validation-selected legacy run; test loss logged during training,note/results.csv,,,Held-out test MSE/MAE from the local legacy log; MAPE was not persisted.
CycleNet,ETTh2,96,720,ok,0.4521522521972656,0.4571126103401184,,0.672422673768,70008,,,70008,0.267059326,logged_n_param,2026,18.7085,,0.7819,,,local_legacy_reproduction,validation-selected legacy run; test loss logged during training,note/results.csv,,,Held-out test MSE/MAE from the local legacy log; MAPE was not persisted.
FITS,ETTh2,96,720,ok,0.4227452874183655,0.4400418698787689,,0.650188655252,5512,,,11024,0.042053223,logged_n_param,2026,58.2658,,1.0587,,,local_legacy_reproduction,validation-selected legacy run; test loss logged during training,note/results.csv,,,Held-out test MSE/MAE from the local legacy log; MAPE was not persisted.
SparseTSF,ETTh2,96,720,ok,0.4200984537601471,0.4377323389053345,,0.648150024115,145,,,145,0.000553131,logged_n_param,2026,24.3396,,0.8831,,,local_legacy_reproduction,validation-selected legacy run; test loss logged during training,note/results.csv,,,Held-out test MSE/MAE from the local legacy log; MAPE was not persisted.
FreTS,ETTh2,96,720,ok,0.7281586527824402,0.6124299764633179,,0.853322127208,3397200,,,3397200,12.959289551,logged_n_param,2026,29.4353,,1.1424,,,local_legacy_reproduction,validation-selected legacy run; test loss logged during training,note/results.csv,,,Held-out test MSE/MAE from the local legacy log; MAPE was not persisted.
FilterNet,ETTh2,96,720,ok,0.4493144154548645,0.4574469029903412,,0.670309193921,209982,,,209982,0.801017761,logged_n_param,2026,27.0069,,1.5942,,,local_legacy_reproduction,validation-selected legacy run; test loss logged during training,note/results.csv,,,Held-out test MSE/MAE from the local legacy log; MAPE was not persisted.
iTransformer,ETTh2,96,720,ok,0.43535900115966797,0.4503791034221649,,0.659817399861,304720,,,304720,1.162414551,logged_n_param,2026,27.9512,,1.0916,,,local_legacy_reproduction,validation-selected legacy run; test loss logged during training,note/results.csv,,,Held-out test MSE/MAE from the local legacy log; MAPE was not persisted.
PatchTST,ETTh2,96,720,ok,0.42343249917030334,0.4423762261867523,,0.650716911698,155600,,,155600,0.593566895,logged_n_param,2026,84.918,,0.9217,,,local_legacy_reproduction,validation-selected legacy run; test loss logged during training,note/results.csv,,,Held-out test MSE/MAE from the local legacy log; MAPE was not persisted.
DLinear,ETTh2,96,720,ok,0.6938760280609131,0.5913785696029663,,0.832992213686,139680,,,139680,0.532836914,logged_n_param,2026,19.8255,,1.055,,,local_legacy_reproduction,validation-selected legacy run; test loss logged during training,note/results.csv,,,Held-out test MSE/MAE from the local legacy log; MAPE was not persisted.
MixLinear,ETTh2,96,720,ok,0.42839398980140686,0.44342145323753357,,0.654518135579,117,,,207,0.000789642,logged_n_param,2026,40.6344,,0.7768,,,local_legacy_reproduction,validation-selected legacy run; test loss logged during training,note/results.csv,,,Held-out test MSE/MAE from the local legacy log; MAPE was not persisted.
PhaseFormer,ETTh2,96,720,ok,0.41813983941947674,0.43877033643181584,1.9768844106988654,0.646637332219,614,,,614,0.002342224,0716v2_audited_param_count,2021,60.86580848693848,,1.8824753761291504,0.19123844331762185,35.35302734375,local_completion_strict,validation-selected checkpoint; one deferred held-out test; sample-weighted streaming metrics,outputs/completion_0716v2/COMPLETION_MATRIX_0716V2_RESULTS.csv,,,0716v2 missing-cell completion; MAPE computed with the locked historical no-epsilon definition.
FreqCycle,ETTh2,96,720,ok,0.43018596482584304,0.4462744891928838,2.0822170032883016,0.655885633953,839000,419976,419024,839000,3.200531006,0716v2_audited_param_count,2026,25.083976984024048,,1.658804178237915,0.17372641431435784,67.8857421875,local_completion_strict,validation-selected checkpoint; one deferred held-out test; sample-weighted streaming metrics,outputs/completion_0716v2/COMPLETION_MATRIX_0716V2_RESULTS.csv,,,0716v2 missing-cell completion; MAPE computed with the locked historical no-epsilon definition.
Compact + Echo,ETTm1,96,96,ok,0.3203779513138896,0.35841993311139525,2.1829948004600306,0.566019391288,6074,,,6074,0.023170471,locked_3seed_actual_param_count,"2024,2025,2026",32.599785248438515,,,,41.25537109375,local_compact_echo_locked_3seed_mean,validation-locked production route; three matched seeds; one deferred held-out test per checkpoint,analysis_exp/source_snapshot_0721v1/compact_echo_true9_88cells.csv,,,Production route arm=true_compact_echo; MAPE was streamed during the 0717v2 completion.
TQNet,ETTm1,96,96,ok,0.30999717116355896,0.35191619396209717,,0.556773895907,662144,,,662144,2.525878906,logged_n_param,2026,27.4644,,0.9287,,,local_legacy_reproduction,validation-selected legacy run; test loss logged during training,note/results.csv,,,Held-out test MSE/MAE from the local legacy log; MAPE was not persisted.
CycleNet,ETTm1,96,96,ok,0.32552361488342285,0.3638309836387634,,0.570546768358,9984,,,9984,0.038085938,logged_n_param,2026,29.4589,,0.8346,,,local_legacy_reproduction,validation-selected legacy run; test loss logged during training,note/results.csv,,,Held-out test MSE/MAE from the local legacy log; MAPE was not persisted.
FITS,ETTm1,96,96,ok,0.3729449510574341,0.38803818821907043,,0.610692190107,112,,,224,0.000854492,logged_n_param,2026,96.1184,,1.6991,,,local_legacy_reproduction,validation-selected legacy run; test loss logged during training,note/results.csv,,,Held-out test MSE/MAE from the local legacy log; MAPE was not persisted.
SparseTSF,ETTm1,96,96,ok,0.3879808783531189,0.3944582939147949,,0.62288111093,41,,,41,0.000156403,logged_n_param,2026,31.1731,,0.9944,,,local_legacy_reproduction,validation-selected legacy run; test loss logged during training,note/results.csv,,,Held-out test MSE/MAE from the local legacy log; MAPE was not persisted.
FreTS,ETTm1,96,96,ok,0.3389061391353607,0.37483713030815125,,0.582156455891,3236832,,,3236832,12.347534180,logged_n_param,2026,91.6417,,2.7952,,,local_legacy_reproduction,validation-selected legacy run; test loss logged during training,note/results.csv,,,Held-out test MSE/MAE from the local legacy log; MAPE was not persisted.
FilterNet,ETTm1,96,96,ok,0.3319801390171051,0.3675922453403473,,0.576177176758,49614,,,49614,0.189262390,logged_n_param,2026,46.5109,,2.9622,,,local_legacy_reproduction,validation-selected legacy run; test loss logged during training,note/results.csv,,,Held-out test MSE/MAE from the local legacy log; MAPE was not persisted.
iTransformer,ETTm1,96,96,ok,0.34596380591392517,0.3777419626712799,,0.588186880093,224224,,,224224,0.855346680,logged_n_param,2026,76.7337,,3.1746,,,local_legacy_reproduction,validation-selected legacy run; test loss logged during training,note/results.csv,,,Held-out test MSE/MAE from the local legacy log; MAPE was not persisted.
PatchTST,ETTm1,96,96,ok,0.3217446506023407,0.35943618416786194,,0.567225396648,548704,,,548704,2.093139648,logged_n_param,2026,93.8075,,1.5446,,,local_legacy_reproduction,validation-selected legacy run; test loss logged during training,note/results.csv,,,Held-out test MSE/MAE from the local legacy log; MAPE was not persisted.
DLinear,ETTm1,96,96,ok,0.34636393189430237,0.3700192868709564,,0.588526916882,18624,,,18624,0.071044922,logged_n_param,2026,65.3486,,2.7697,,,local_legacy_reproduction,validation-selected legacy run; test loss logged during training,note/results.csv,,,Held-out test MSE/MAE from the local legacy log; MAPE was not persisted.
MixLinear,ETTm1,96,96,ok,0.3540966510772705,0.37306877970695496,,0.595060207943,293,,,677,0.002582550,logged_n_param,2026,50.4959,,1.7336,,,local_legacy_reproduction,validation-selected legacy run; test loss logged during training,note/results.csv,,,Held-out test MSE/MAE from the local legacy log; MAPE was not persisted.
PhaseFormer,ETTm1,96,96,ok,0.32515678938603476,0.35521333891769413,2.106925292355168,0.570225209357,3016,,,3016,0.011505127,0716v2_audited_param_count,2021,479.5332624912262,,4.040083408355713,0.13072223090760296,34.40478515625,local_completion_strict,validation-selected checkpoint; one deferred held-out test; sample-weighted streaming metrics,outputs/completion_0716v2/COMPLETION_MATRIX_0716V2_RESULTS.csv,,,0716v2 missing-cell completion; MAPE computed with the locked historical no-epsilon definition.
FreqCycle,ETTm1,96,96,ok,0.31046365336649173,0.35402066906781565,2.2437259745244504,0.557192653726,51056,26256,24800,51056,0.194763184,0716v2_audited_param_count,2026,35.71494722366333,,1.6213479042053223,0.03371172483717,71.19091796875,local_completion_strict,validation-selected checkpoint; one deferred held-out test; sample-weighted streaming metrics,outputs/completion_0716v2/COMPLETION_MATRIX_0716V2_RESULTS.csv,,,0716v2 missing-cell completion; MAPE computed with the locked historical no-epsilon definition.
Compact + Echo,ETTm1,96,192,ok,0.3600282502310758,0.37729034604704276,2.2526311562705135,0.600023541397,6138,,,6138,0.023414612,locked_3seed_actual_param_count,"2024,2025,2026",37.933704694112144,,,,47.91650390625,local_compact_echo_locked_3seed_mean,validation-locked production route; three matched seeds; one deferred held-out test per checkpoint,analysis_exp/source_snapshot_0721v1/compact_echo_true9_88cells.csv,,,Production route arm=true_compact_echo; MAPE was streamed during the 0717v2 completion.
TQNet,ETTm1,96,192,ok,0.36290422081947327,0.38172420859336853,,0.60241532253,711392,,,711392,2.713745117,logged_n_param,2026,21.4295,,1.0625,,,local_legacy_reproduction,validation-selected legacy run; test loss logged during training,note/results.csv,,,Held-out test MSE/MAE from the local legacy log; MAPE was not persisted.
CycleNet,ETTm1,96,192,ok,0.366817444562912,0.38268956542015076,,0.605654558773,19296,,,19296,0.073608398,logged_n_param,2026,33.7302,,0.9571,,,local_legacy_reproduction,validation-selected legacy run; test loss logged during training,note/results.csv,,,Held-out test MSE/MAE from the local legacy log; MAPE was not persisted.
FITS,ETTm1,96,192,ok,0.4041398763656616,0.4012943506240845,,0.63571996694,168,,,336,0.001281738,logged_n_param,2026,102.3177,,1.8767,,,local_legacy_reproduction,validation-selected legacy run; test loss logged during training,note/results.csv,,,Held-out test MSE/MAE from the local legacy log; MAPE was not persisted.
SparseTSF,ETTm1,96,192,ok,0.41493138670921326,0.4052421450614929,,0.644151679893,57,,,57,0.000217438,logged_n_param,2026,25.2085,,1.1744,,,local_legacy_reproduction,validation-selected legacy run; test loss logged during training,note/results.csv,,,Held-out test MSE/MAE from the local legacy log; MAPE was not persisted.
FreTS,ETTm1,96,192,ok,0.387420654296875,0.4002600908279419,,0.622431244634,3261504,,,3261504,12.441650391,logged_n_param,2026,74.7162,,2.9179,,,local_legacy_reproduction,validation-selected legacy run; test loss logged during training,note/results.csv,,,Held-out test MSE/MAE from the local legacy log; MAPE was not persisted.
FilterNet,ETTm1,96,192,ok,0.36846914887428284,0.38780921697616577,,0.607016596869,74286,,,74286,0.283378601,logged_n_param,2026,58.8061,,2.9598,,,local_legacy_reproduction,validation-selected legacy run; test loss logged during training,note/results.csv,,,Held-out test MSE/MAE from the local legacy log; MAPE was not persisted.
iTransformer,ETTm1,96,192,ok,0.3858637511730194,0.3981885612010956,,0.621179322879,236608,,,236608,0.902587891,logged_n_param,2026,197.741,,3.4618,,,local_legacy_reproduction,validation-selected legacy run; test loss logged during training,note/results.csv,,,Held-out test MSE/MAE from the local legacy log; MAPE was not persisted.
PatchTST,ETTm1,96,192,ok,0.3618197441101074,0.3818311393260956,,0.601514541894,696256,,,696256,2.656005859,logged_n_param,2026,118.3669,,1.5119,,,local_legacy_reproduction,validation-selected legacy run; test loss logged during training,note/results.csv,,,Held-out test MSE/MAE from the local legacy log; MAPE was not persisted.
DLinear,ETTm1,96,192,ok,0.38318297266960144,0.3928780257701874,,0.619017748267,37248,,,37248,0.142089844,logged_n_param,2026,74.2309,,2.8131,,,local_legacy_reproduction,validation-selected legacy run; test loss logged during training,note/results.csv,,,Held-out test MSE/MAE from the local legacy log; MAPE was not persisted.
MixLinear,ETTm1,96,192,ok,0.39930930733680725,0.39772534370422363,,0.631909255619,431,,,911,0.003475189,logged_n_param,2026,61.3855,,1.6883,,,local_legacy_reproduction,validation-selected legacy run; test loss logged during training,note/results.csv,,,Held-out test MSE/MAE from the local legacy log; MAPE was not persisted.
PhaseFormer,ETTm1,96,192,ok,0.3736979987520142,0.37770178144088074,2.2486996793064433,0.611308431769,3052,,,3052,0.011642456,0716v2_audited_param_count,2021,391.7340672016144,,3.9073452949523926,0.12426877420460392,34.64501953125,local_completion_strict,validation-selected checkpoint; one deferred held-out test; sample-weighted streaming metrics,outputs/completion_0716v2/COMPLETION_MATRIX_0716V2_RESULTS.csv,,,0716v2 missing-cell completion; MAPE computed with the locked historical no-epsilon definition.
FreqCycle,ETTm1,96,192,ok,0.3511686401459911,0.3739921383650268,2.268109724549219,0.592594836415,75824,38640,37184,75824,0.289245605,0716v2_audited_param_count,2026,57.68051290512085,,1.7317962646484375,0.032956186316658156,75.31689453125,local_completion_strict,validation-selected checkpoint; one deferred held-out test; sample-weighted streaming metrics,outputs/completion_0716v2/COMPLETION_MATRIX_0716V2_RESULTS.csv,,,0716v2 missing-cell completion; MAPE computed with the locked historical no-epsilon definition.
Compact + Echo,ETTm1,96,336,ok,0.39031046592220464,0.39691447307228545,2.3080817612929825,0.624748322064,6202,,,6202,0.023658752,locked_3seed_actual_param_count,"2024,2025,2026",40.44119532903036,,,,59.2041015625,local_compact_echo_locked_3seed_mean,validation-locked production route; three matched seeds; one deferred held-out test per checkpoint,analysis_exp/source_snapshot_0721v1/compact_echo_true9_88cells.csv,,,Production route arm=true_compact_echo; MAPE was streamed during the 0717v2 completion.
TQNet,ETTm1,96,336,ok,0.3907833993434906,0.4024057388305664,,0.625126706631,785264,,,785264,2.995544434,logged_n_param,2026,49.5794,,1.0608,,,local_legacy_reproduction,validation-selected legacy run; test loss logged during training,note/results.csv,,,Held-out test MSE/MAE from the local legacy log; MAPE was not persisted.
CycleNet,ETTm1,96,336,ok,0.3964098393917084,0.4020500183105469,,0.629610863464,33264,,,33264,0.126892090,logged_n_param,2026,38.17,,1.1027,,,local_legacy_reproduction,validation-selected legacy run; test loss logged during training,note/results.csv,,,Held-out test MSE/MAE from the local legacy log; MAPE was not persisted.
FITS,ETTm1,96,336,ok,0.4344303607940674,0.4209851920604706,,0.659113314077,248,,,496,0.001892090,logged_n_param,2026,112.3848,,1.8428,,,local_legacy_reproduction,validation-selected legacy run; test loss logged during training,note/results.csv,,,Held-out test MSE/MAE from the local legacy log; MAPE was not persisted.
SparseTSF,ETTm1,96,336,ok,0.4404523968696594,0.4225965142250061,,0.663665877434,81,,,81,0.000308990,logged_n_param,2026,25.1112,,2.1262,,,local_legacy_reproduction,validation-selected legacy run; test loss logged during training,note/results.csv,,,Held-out test MSE/MAE from the local legacy log; MAPE was not persisted.
FreTS,ETTm1,96,336,ok,0.4237547814846039,0.4280933141708374,,0.65096450094,3298512,,,3298512,12.582824707,logged_n_param,2026,72.4818,,3.0822,,,local_legacy_reproduction,validation-selected legacy run; test loss logged during training,note/results.csv,,,Held-out test MSE/MAE from the local legacy log; MAPE was not persisted.
FilterNet,ETTm1,96,336,ok,0.41218554973602295,0.417865514755249,,0.642016783064,111294,,,111294,0.424552917,logged_n_param,2026,56.756,,3.071,,,local_legacy_reproduction,validation-selected legacy run; test loss logged during training,note/results.csv,,,Held-out test MSE/MAE from the local legacy log; MAPE was not persisted.
iTransformer,ETTm1,96,336,ok,0.4226180911064148,0.4204539656639099,,0.650090832966,255184,,,255184,0.973449707,logged_n_param,2026,179.1563,,3.43,,,local_legacy_reproduction,validation-selected legacy run; test loss logged during training,note/results.csv,,,Held-out test MSE/MAE from the local legacy log; MAPE was not persisted.
PatchTST,ETTm1,96,336,ok,0.3875490725040436,0.4020470380783081,,0.622534394635,917584,,,917584,3.500305176,logged_n_param,2026,156.9728,,1.4921,,,local_legacy_reproduction,validation-selected legacy run; test loss logged during training,note/results.csv,,,Held-out test MSE/MAE from the local legacy log; MAPE was not persisted.
DLinear,ETTm1,96,336,ok,0.418813019990921,0.42007923126220703,,0.647157646938,65184,,,65184,0.248657227,logged_n_param,2026,81.943,,2.83,,,local_legacy_reproduction,validation-selected legacy run; test loss logged during training,note/results.csv,,,Held-out test MSE/MAE from the local legacy log; MAPE was not persisted.
MixLinear,ETTm1,96,336,ok,0.43715402483940125,0.4235820472240448,,0.661176243402,617,,,1241,0.004734039,logged_n_param,2026,61.6604,,1.7802,,,local_legacy_reproduction,validation-selected legacy run; test loss logged during training,note/results.csv,,,Held-out test MSE/MAE from the local legacy log; MAPE was not persisted.
PhaseFormer,ETTm1,96,336,ok,0.4110755252837609,0.40147857147964294,2.269409049559535,0.641151717836,1598,,,1598,0.006095886,0716v2_audited_param_count,2021,307.1908710002899,,3.523118257522583,0.08617463868459421,34.783203125,local_completion_strict,validation-selected checkpoint; one deferred held-out test; sample-weighted streaming metrics,outputs/completion_0716v2/COMPLETION_MATRIX_0716V2_RESULTS.csv,,,0716v2 missing-cell completion; MAPE computed with the locked historical no-epsilon definition.
FreqCycle,ETTm1,96,336,ok,0.38590167918508156,0.40038384492197354,2.312013150617787,0.621209851166,112976,57216,55760,112976,0.430969238,0716v2_audited_param_count,2026,61.027111291885376,,1.7532811164855957,0.033304315421748595,82.537109375,local_completion_strict,validation-selected checkpoint; one deferred held-out test; sample-weighted streaming metrics,outputs/completion_0716v2/COMPLETION_MATRIX_0716V2_RESULTS.csv,,,0716v2 missing-cell completion; MAPE computed with the locked historical no-epsilon definition.
Compact + Echo,ETTm1,96,720,ok,0.45049509006191263,0.42941801988951256,2.458494414170946,0.671189310152,6330,,,6330,0.024147034,locked_3seed_actual_param_count,"2024,2025,2026",49.92818999290466,,,,85.87451171875,local_compact_echo_locked_3seed_mean,validation-locked production route; three matched seeds; one deferred held-out test per checkpoint,analysis_exp/source_snapshot_0721v1/compact_echo_true9_88cells.csv,,,Production route arm=true_compact_echo; MAPE was streamed during the 0717v2 completion.
TQNet,ETTm1,96,720,ok,0.4520416259765625,0.44170942902565,,0.672340409299,982256,,,982256,3.747009277,logged_n_param,2026,76.3371,,1.4305,,,local_legacy_reproduction,validation-selected legacy run; test loss logged during training,note/results.csv,,,Held-out test MSE/MAE from the local legacy log; MAPE was not persisted.
CycleNet,ETTm1,96,720,ok,0.45609304308891296,0.43309640884399414,,0.675346609593,70512,,,70512,0.268981934,logged_n_param,2026,69.2779,,1.3991,,,local_legacy_reproduction,validation-selected legacy run; test loss logged during training,note/results.csv,,,Held-out test MSE/MAE from the local legacy log; MAPE was not persisted.
FITS,ETTm1,96,720,ok,0.4926689863204956,0.4528694748878479,,0.701903829823,472,,,944,0.003601074,logged_n_param,2026,139.7649,,2.3928,,,local_legacy_reproduction,validation-selected legacy run; test loss logged during training,note/results.csv,,,Held-out test MSE/MAE from the local legacy log; MAPE was not persisted.
SparseTSF,ETTm1,96,720,ok,0.4964870512485504,0.453925758600235,,0.704618372772,145,,,145,0.000553131,logged_n_param,2026,50.1047,,1.6527,,,local_legacy_reproduction,validation-selected legacy run; test loss logged during training,note/results.csv,,,Held-out test MSE/MAE from the local legacy log; MAPE was not persisted.
FreTS,ETTm1,96,720,ok,0.4811553955078125,0.4590500593185425,,0.693653656739,3397200,,,3397200,12.959289551,logged_n_param,2026,94.682,,3.4828,,,local_legacy_reproduction,validation-selected legacy run; test loss logged during training,note/results.csv,,,Held-out test MSE/MAE from the local legacy log; MAPE was not persisted.
FilterNet,ETTm1,96,720,ok,0.4640042781829834,0.44751131534576416,,0.681178594924,209982,,,209982,0.801017761,logged_n_param,2026,77.9651,,3.5558,,,local_legacy_reproduction,validation-selected legacy run; test loss logged during training,note/results.csv,,,Held-out test MSE/MAE from the local legacy log; MAPE was not persisted.
iTransformer,ETTm1,96,720,ok,0.498419851064682,0.462950736284256,,0.705988562984,304720,,,304720,1.162414551,logged_n_param,2026,202.1451,,3.8378,,,local_legacy_reproduction,validation-selected legacy run; test loss logged during training,note/results.csv,,,Held-out test MSE/MAE from the local legacy log; MAPE was not persisted.
PatchTST,ETTm1,96,720,ok,0.4535514712333679,0.4370887279510498,,0.673462301271,1507792,,,1507792,5.751770020,logged_n_param,2026,150.9991,,2.148,,,local_legacy_reproduction,validation-selected legacy run; test loss logged during training,note/results.csv,,,Held-out test MSE/MAE from the local legacy log; MAPE was not persisted.
DLinear,ETTm1,96,720,ok,0.5046775341033936,0.4859939217567444,,0.710406597734,139680,,,139680,0.532836914,logged_n_param,2026,43.4299,,3.2723,,,local_legacy_reproduction,validation-selected legacy run; test loss logged during training,note/results.csv,,,Held-out test MSE/MAE from the local legacy log; MAPE was not persisted.
MixLinear,ETTm1,96,720,ok,0.49838683009147644,0.4571106731891632,,0.70596517626,1085,,,2093,0.007984161,logged_n_param,2026,77.7767,,2.1281,,,local_legacy_reproduction,validation-selected legacy run; test loss logged during training,note/results.csv,,,Held-out test MSE/MAE from the local legacy log; MAPE was not persisted.
PhaseFormer,ETTm1,96,720,ok,0.4684513982935486,0.43613056302677866,2.5148355241915983,0.684435094288,3250,,,3250,0.012397766,0716v2_audited_param_count,2021,410.1320209503174,,4.0501580238342285,0.1268969793912548,35.966796875,local_completion_strict,validation-selected checkpoint; one deferred held-out test; sample-weighted streaming metrics,outputs/completion_0716v2/COMPLETION_MATRIX_0716V2_RESULTS.csv,,,0716v2 missing-cell completion; MAPE computed with the locked historical no-epsilon definition.
FreqCycle,ETTm1,96,720,ok,0.4459401347528359,0.4344289971108463,2.4482039718481263,0.667787492211,212048,106752,105296,212048,0.808898926,0716v2_audited_param_count,2026,77.99875211715698,,1.4017269611358643,0.018250255546887906,97.54052734375,local_completion_strict,validation-selected checkpoint; one deferred held-out test; sample-weighted streaming metrics,outputs/completion_0716v2/COMPLETION_MATRIX_0716V2_RESULTS.csv,,,0716v2 missing-cell completion; MAPE computed with the locked historical no-epsilon definition.
Compact + Echo,ETTm2,96,96,ok,0.1663454884750775,0.24722382387384426,1.0655663319900082,0.407854739429,6074,,,6074,0.023170471,locked_3seed_actual_param_count,"2024,2025,2026",34.11488644282023,,,,41.25537109375,local_compact_echo_locked_3seed_mean,validation-locked production route; three matched seeds; one deferred held-out test per checkpoint,analysis_exp/source_snapshot_0721v1/compact_echo_true9_88cells.csv,,,Production route arm=true_compact_echo; MAPE was streamed during the 0717v2 completion.
TQNet,ETTm2,96,96,ok,0.17316430807113647,0.25639891624450684,,0.416130157608,662144,,,662144,2.525878906,logged_n_param,2026,17.2686,,0.965,,,local_legacy_reproduction,validation-selected legacy run; test loss logged during training,note/results.csv,,,Held-out test MSE/MAE from the local legacy log; MAPE was not persisted.
CycleNet,ETTm2,96,96,ok,0.16795718669891357,0.24902381002902985,,0.409825800431,9984,,,9984,0.038085938,logged_n_param,2026,21.6009,,1.1333,,,local_legacy_reproduction,validation-selected legacy run; test loss logged during training,note/results.csv,,,Held-out test MSE/MAE from the local legacy log; MAPE was not persisted.
FITS,ETTm2,96,96,ok,0.18933629989624023,0.2728424668312073,,0.435127912109,112,,,224,0.000854492,logged_n_param,2026,84.8609,,1.7181,,,local_legacy_reproduction,validation-selected legacy run; test loss logged during training,note/results.csv,,,Held-out test MSE/MAE from the local legacy log; MAPE was not persisted.
SparseTSF,ETTm2,96,96,ok,0.19767166674137115,0.278212308883667,,0.444602819088,41,,,41,0.000156403,logged_n_param,2026,21.5689,,0.9855,,,local_legacy_reproduction,validation-selected legacy run; test loss logged during training,note/results.csv,,,Held-out test MSE/MAE from the local legacy log; MAPE was not persisted.
FreTS,ETTm2,96,96,ok,0.18226638436317444,0.2685600519180298,,0.426926673286,3236832,,,3236832,12.347534180,logged_n_param,2026,143.3781,,2.9815,,,local_legacy_reproduction,validation-selected legacy run; test loss logged during training,note/results.csv,,,Held-out test MSE/MAE from the local legacy log; MAPE was not persisted.
FilterNet,ETTm2,96,96,ok,0.17840218544006348,0.2610839605331421,,0.422376828721,49614,,,49614,0.189262390,logged_n_param,2026,62.104,,3.1324,,,local_legacy_reproduction,validation-selected legacy run; test loss logged during training,note/results.csv,,,Held-out test MSE/MAE from the local legacy log; MAPE was not persisted.
iTransformer,ETTm2,96,96,ok,0.1832587718963623,0.26617303490638733,,0.428087341434,224224,,,224224,0.855346680,logged_n_param,2026,85.6449,,3.2959,,,local_legacy_reproduction,validation-selected legacy run; test loss logged during training,note/results.csv,,,Held-out test MSE/MAE from the local legacy log; MAPE was not persisted.
PatchTST,ETTm2,96,96,ok,0.17704975605010986,0.25908857583999634,,0.420772808116,548704,,,548704,2.093139648,logged_n_param,2026,136.827,,1.3998,,,local_legacy_reproduction,validation-selected legacy run; test loss logged during training,note/results.csv,,,Held-out test MSE/MAE from the local legacy log; MAPE was not persisted.
DLinear,ETTm2,96,96,ok,0.193420872092247,0.2884940505027771,,0.439796398453,18624,,,18624,0.071044922,logged_n_param,2026,52.1314,,2.9328,,,local_legacy_reproduction,validation-selected legacy run; test loss logged during training,note/results.csv,,,Held-out test MSE/MAE from the local legacy log; MAPE was not persisted.
MixLinear,ETTm2,96,96,ok,0.1835680603981018,0.26592451333999634,,0.428448433768,293,,,677,0.002582550,logged_n_param,2026,58.4868,,1.8162,,,local_legacy_reproduction,validation-selected legacy run; test loss logged during training,note/results.csv,,,Held-out test MSE/MAE from the local legacy log; MAPE was not persisted.
PhaseFormer,ETTm2,96,96,ok,0.18052619116615165,0.26338470380507867,1.1418741486623516,0.424883738411,3016,,,3016,0.011505127,0716v2_audited_param_count,2021,446.9249315261841,,3.7833569049835205,0.12232811872886099,34.40478515625,local_completion_strict,validation-selected checkpoint; one deferred held-out test; sample-weighted streaming metrics,outputs/completion_0716v2/COMPLETION_MATRIX_0716V2_RESULTS.csv,,,0716v2 missing-cell completion; MAPE computed with the locked historical no-epsilon definition.
FreqCycle,ETTm2,96,96,ok,0.1622130274361158,0.24487863490154174,1.0295828210769178,0.402756784469,51056,26256,24800,51056,0.194763184,0716v2_audited_param_count,2026,46.710726499557495,,1.1021852493286133,0.016093358664449376,71.19091796875,local_completion_strict,validation-selected checkpoint; one deferred held-out test; sample-weighted streaming metrics,outputs/completion_0716v2/COMPLETION_MATRIX_0716V2_RESULTS.csv,,,0716v2 missing-cell completion; MAPE computed with the locked historical no-epsilon definition.
Compact + Echo,ETTm2,96,192,ok,0.23170047837424604,0.2901234431771585,1.193483106721634,0.481352758769,6138,,,6138,0.023414612,locked_3seed_actual_param_count,"2024,2025,2026",35.93048429489136,,,,47.91650390625,local_compact_echo_locked_3seed_mean,validation-locked production route; three matched seeds; one deferred held-out test per checkpoint,analysis_exp/source_snapshot_0721v1/compact_echo_true9_88cells.csv,,,Production route arm=true_compact_echo; MAPE was streamed during the 0717v2 completion.
TQNet,ETTm2,96,192,ok,0.24059227108955383,0.2996150255203247,,0.49050206023,711392,,,711392,2.713745117,logged_n_param,2026,25.2771,,1.0705,,,local_legacy_reproduction,validation-selected legacy run; test loss logged during training,note/results.csv,,,Held-out test MSE/MAE from the local legacy log; MAPE was not persisted.
CycleNet,ETTm2,96,192,ok,0.23299825191497803,0.291061669588089,,0.482698924709,19296,,,19296,0.073608398,logged_n_param,2026,28.0401,,1.0409,,,local_legacy_reproduction,validation-selected legacy run; test loss logged during training,note/results.csv,,,Held-out test MSE/MAE from the local legacy log; MAPE was not persisted.
FITS,ETTm2,96,192,ok,0.251177579164505,0.3088940680027008,,0.501176195728,168,,,336,0.001281738,logged_n_param,2026,91.5336,,1.8493,,,local_legacy_reproduction,validation-selected legacy run; test loss logged during training,note/results.csv,,,Held-out test MSE/MAE from the local legacy log; MAPE was not persisted.
SparseTSF,ETTm2,96,192,ok,0.26035019755363464,0.31668272614479065,,0.510245232759,57,,,57,0.000217438,logged_n_param,2026,21.1403,,1.0911,,,local_legacy_reproduction,validation-selected legacy run; test loss logged during training,note/results.csv,,,Held-out test MSE/MAE from the local legacy log; MAPE was not persisted.
FreTS,ETTm2,96,192,ok,0.25691092014312744,0.32182207703590393,,0.506863808279,3261504,,,3261504,12.441650391,logged_n_param,2026,100.4457,,3.219,,,local_legacy_reproduction,validation-selected legacy run; test loss logged during training,note/results.csv,,,Held-out test MSE/MAE from the local legacy log; MAPE was not persisted.
FilterNet,ETTm2,96,192,ok,0.2414860725402832,0.30263441801071167,,0.491412324368,74286,,,74286,0.283378601,logged_n_param,2026,59.2658,,3.0956,,,local_legacy_reproduction,validation-selected legacy run; test loss logged during training,note/results.csv,,,Held-out test MSE/MAE from the local legacy log; MAPE was not persisted.
iTransformer,ETTm2,96,192,ok,0.25201353430747986,0.31155696511268616,,0.502009496232,236608,,,236608,0.902587891,logged_n_param,2026,78.6934,,3.3975,,,local_legacy_reproduction,validation-selected legacy run; test loss logged during training,note/results.csv,,,Held-out test MSE/MAE from the local legacy log; MAPE was not persisted.
PatchTST,ETTm2,96,192,ok,0.24785646796226501,0.30590391159057617,,0.497851853429,696256,,,696256,2.656005859,logged_n_param,2026,133.3594,,1.392,,,local_legacy_reproduction,validation-selected legacy run; test loss logged during training,note/results.csv,,,Held-out test MSE/MAE from the local legacy log; MAPE was not persisted.
DLinear,ETTm2,96,192,ok,0.2529919743537903,0.3244071304798126,,0.502983075614,37248,,,37248,0.142089844,logged_n_param,2026,64.5361,,3.108,,,local_legacy_reproduction,validation-selected legacy run; test loss logged during training,note/results.csv,,,Held-out test MSE/MAE from the local legacy log; MAPE was not persisted.
MixLinear,ETTm2,96,192,ok,0.24848292768001556,0.3067638874053955,,0.498480619162,431,,,911,0.003475189,logged_n_param,2026,61.679,,2.0412,,,local_legacy_reproduction,validation-selected legacy run; test loss logged during training,note/results.csv,,,Held-out test MSE/MAE from the local legacy log; MAPE was not persisted.
PhaseFormer,ETTm2,96,192,ok,0.2461750074881657,0.3063394052648063,1.2609897669851302,0.496160263915,1544,,,1544,0.005889893,0716v2_audited_param_count,2021,249.59138870239258,,3.3672235012054443,0.08692198306958708,34.4228515625,local_completion_strict,validation-selected checkpoint; one deferred held-out test; sample-weighted streaming metrics,outputs/completion_0716v2/COMPLETION_MATRIX_0716V2_RESULTS.csv,,,0716v2 missing-cell completion; MAPE computed with the locked historical no-epsilon definition.
FreqCycle,ETTm2,96,192,ok,0.2269660341494134,0.28742938852294636,1.1424603727752285,0.476409523571,75824,38640,37184,75824,0.289245605,0716v2_audited_param_count,2026,38.65315222740173,,1.7564287185668945,0.03435526621954706,75.31689453125,local_completion_strict,validation-selected checkpoint; one deferred held-out test; sample-weighted streaming metrics,outputs/completion_0716v2/COMPLETION_MATRIX_0716V2_RESULTS.csv,,,0716v2 missing-cell completion; MAPE computed with the locked historical no-epsilon definition.
Compact + Echo,ETTm2,96,336,ok,0.29274577341254576,0.3302026400162617,1.316506130979693,0.54105986121,6202,,,6202,0.023658752,locked_3seed_actual_param_count,"2024,2025,2026",30.602699120839436,,,,59.2041015625,local_compact_echo_locked_3seed_mean,validation-locked production route; three matched seeds; one deferred held-out test per checkpoint,analysis_exp/source_snapshot_0721v1/compact_echo_true9_88cells.csv,,,Production route arm=true_compact_echo; MAPE was streamed during the 0717v2 completion.
TQNet,ETTm2,96,336,ok,0.29885268211364746,0.3388271927833557,,0.546674201068,785264,,,785264,2.995544434,logged_n_param,2026,31.8687,,1.2047,,,local_legacy_reproduction,validation-selected legacy run; test loss logged during training,note/results.csv,,,Held-out test MSE/MAE from the local legacy log; MAPE was not persisted.
CycleNet,ETTm2,96,336,ok,0.2938484847545624,0.3305228352546692,,0.542077932363,33264,,,33264,0.126892090,logged_n_param,2026,52.019,,1.3149,,,local_legacy_reproduction,validation-selected legacy run; test loss logged during training,note/results.csv,,,Held-out test MSE/MAE from the local legacy log; MAPE was not persisted.
FITS,ETTm2,96,336,ok,0.31022778153419495,0.34530097246170044,,0.556980952578,248,,,496,0.001892090,logged_n_param,2026,111.2105,,1.8328,,,local_legacy_reproduction,validation-selected legacy run; test loss logged during training,note/results.csv,,,Held-out test MSE/MAE from the local legacy log; MAPE was not persisted.
SparseTSF,ETTm2,96,336,ok,0.31668365001678467,0.34917402267456055,,0.562746523771,81,,,81,0.000308990,logged_n_param,2026,25.0398,,1.2756,,,local_legacy_reproduction,validation-selected legacy run; test loss logged during training,note/results.csv,,,Held-out test MSE/MAE from the local legacy log; MAPE was not persisted.
FreTS,ETTm2,96,336,ok,0.3601066470146179,0.38370388746261597,,0.600088865931,3298512,,,3298512,12.582824707,logged_n_param,2026,98.5109,,3.058,,,local_legacy_reproduction,validation-selected legacy run; test loss logged during training,note/results.csv,,,Held-out test MSE/MAE from the local legacy log; MAPE was not persisted.
FilterNet,ETTm2,96,336,ok,0.29711875319480896,0.33780521154403687,,0.545086005319,111294,,,111294,0.424552917,logged_n_param,2026,68.2473,,2.9893,,,local_legacy_reproduction,validation-selected legacy run; test loss logged during training,note/results.csv,,,Held-out test MSE/MAE from the local legacy log; MAPE was not persisted.
iTransformer,ETTm2,96,336,ok,0.3118949234485626,0.3499450385570526,,0.558475535228,255184,,,255184,0.973449707,logged_n_param,2026,110.8017,,3.4468,,,local_legacy_reproduction,validation-selected legacy run; test loss logged during training,note/results.csv,,,Held-out test MSE/MAE from the local legacy log; MAPE was not persisted.
PatchTST,ETTm2,96,336,ok,0.3051367998123169,0.3432815670967102,,0.552391889705,917584,,,917584,3.500305176,logged_n_param,2026,109.3922,,1.6834,,,local_legacy_reproduction,validation-selected legacy run; test loss logged during training,note/results.csv,,,Held-out test MSE/MAE from the local legacy log; MAPE was not persisted.
DLinear,ETTm2,96,336,ok,0.31380170583724976,0.3572688400745392,,0.560180065548,65184,,,65184,0.248657227,logged_n_param,2026,43.7365,,3.0263,,,local_legacy_reproduction,validation-selected legacy run; test loss logged during training,note/results.csv,,,Held-out test MSE/MAE from the local legacy log; MAPE was not persisted.
MixLinear,ETTm2,96,336,ok,0.3093983232975006,0.34492385387420654,,0.556235852222,617,,,1241,0.004734039,logged_n_param,2026,66.8688,,1.9206,,,local_legacy_reproduction,validation-selected legacy run; test loss logged during training,note/results.csv,,,Held-out test MSE/MAE from the local legacy log; MAPE was not persisted.
PhaseFormer,ETTm2,96,336,ok,0.3057142119121584,0.3437682013357903,1.3773805380432291,0.552914289843,1598,,,1598,0.006095886,0716v2_audited_param_count,2021,178.79185962677002,,3.498229742050171,0.08816716898604061,34.783203125,local_completion_strict,validation-selected checkpoint; one deferred held-out test; sample-weighted streaming metrics,outputs/completion_0716v2/COMPLETION_MATRIX_0716V2_RESULTS.csv,,,0716v2 missing-cell completion; MAPE computed with the locked historical no-epsilon definition.
FreqCycle,ETTm2,96,336,ok,0.28397810135422247,0.3268361192615406,1.2772143178592723,0.532895957345,112976,57216,55760,112976,0.430969238,0716v2_audited_param_count,2026,58.03134226799011,,1.849170207977295,0.03493309094269573,82.537109375,local_completion_strict,validation-selected checkpoint; one deferred held-out test; sample-weighted streaming metrics,outputs/completion_0716v2/COMPLETION_MATRIX_0716V2_RESULTS.csv,,,0716v2 missing-cell completion; MAPE computed with the locked historical no-epsilon definition.
Compact + Echo,ETTm2,96,720,ok,0.3943864165845686,0.38938609703153815,1.5256220279296497,0.628001924029,6330,,,6330,0.024147034,locked_3seed_actual_param_count,"2024,2025,2026",46.33422350883484,,,,85.87451171875,local_compact_echo_locked_3seed_mean,validation-locked production route; three matched seeds; one deferred held-out test per checkpoint,analysis_exp/source_snapshot_0721v1/compact_echo_true9_88cells.csv,,,Production route arm=true_compact_echo; MAPE was streamed during the 0717v2 completion.
TQNet,ETTm2,96,720,ok,0.39913368225097656,0.3972204327583313,,0.631770276486,982256,,,982256,3.747009277,logged_n_param,2026,38.3183,,1.6308,,,local_legacy_reproduction,validation-selected legacy run; test loss logged during training,note/results.csv,,,Held-out test MSE/MAE from the local legacy log; MAPE was not persisted.
CycleNet,ETTm2,96,720,ok,0.3958677053451538,0.39021238684654236,,0.629180185118,70512,,,70512,0.268981934,logged_n_param,2026,39.7046,,1.6153,,,local_legacy_reproduction,validation-selected legacy run; test loss logged during training,note/results.csv,,,Held-out test MSE/MAE from the local legacy log; MAPE was not persisted.
FITS,ETTm2,96,720,ok,0.4096165895462036,0.39939913153648376,,0.640012960452,472,,,944,0.003601074,logged_n_param,2026,123.9959,,2.2409,,,local_legacy_reproduction,validation-selected legacy run; test loss logged during training,note/results.csv,,,Held-out test MSE/MAE from the local legacy log; MAPE was not persisted.
SparseTSF,ETTm2,96,720,ok,0.413791298866272,0.4021903872489929,,0.643266118233,145,,,145,0.000553131,logged_n_param,2026,66.5578,,1.6009,,,local_legacy_reproduction,validation-selected legacy run; test loss logged during training,note/results.csv,,,Held-out test MSE/MAE from the local legacy log; MAPE was not persisted.
FreTS,ETTm2,96,720,ok,0.505767822265625,0.4852367043495178,,0.711173552845,3397200,,,3397200,12.959289551,logged_n_param,2026,81.4294,,3.4769,,,local_legacy_reproduction,validation-selected legacy run; test loss logged during training,note/results.csv,,,Held-out test MSE/MAE from the local legacy log; MAPE was not persisted.
FilterNet,ETTm2,96,720,ok,0.3963474929332733,0.39758849143981934,,0.629561349618,209982,,,209982,0.801017761,logged_n_param,2026,84.2485,,3.5244,,,local_legacy_reproduction,validation-selected legacy run; test loss logged during training,note/results.csv,,,Held-out test MSE/MAE from the local legacy log; MAPE was not persisted.
iTransformer,ETTm2,96,720,ok,0.4105486273765564,0.4051044285297394,,0.640740686531,304720,,,304720,1.162414551,logged_n_param,2026,76.8598,,3.6743,,,local_legacy_reproduction,validation-selected legacy run; test loss logged during training,note/results.csv,,,Held-out test MSE/MAE from the local legacy log; MAPE was not persisted.
PatchTST,ETTm2,96,720,ok,0.40362513065338135,0.3973907232284546,,0.635314985384,1507792,,,1507792,5.751770020,logged_n_param,2026,90.3925,,1.9743,,,local_legacy_reproduction,validation-selected legacy run; test loss logged during training,note/results.csv,,,Held-out test MSE/MAE from the local legacy log; MAPE was not persisted.
DLinear,ETTm2,96,720,ok,0.4164167046546936,0.424331933259964,,0.645303575579,139680,,,139680,0.532836914,logged_n_param,2026,73.277,,3.3622,,,local_legacy_reproduction,validation-selected legacy run; test loss logged during training,note/results.csv,,,Held-out test MSE/MAE from the local legacy log; MAPE was not persisted.
MixLinear,ETTm2,96,720,ok,0.4097898304462433,0.4004972279071808,,0.640148287857,1085,,,2093,0.007984161,logged_n_param,2026,79.2946,,2.302,,,local_legacy_reproduction,validation-selected legacy run; test loss logged during training,note/results.csv,,,Held-out test MSE/MAE from the local legacy log; MAPE was not persisted.
PhaseFormer,ETTm2,96,720,ok,0.4048906281332821,0.4011355629811978,1.5707526565632832,0.636310166612,1742,,,1742,0.006645203,0716v2_audited_param_count,2021,177.75348949432373,,3.519650459289551,0.08950168002179879,35.74462890625,local_completion_strict,validation-selected checkpoint; one deferred held-out test; sample-weighted streaming metrics,outputs/completion_0716v2/COMPLETION_MATRIX_0716V2_RESULTS.csv,,,0716v2 missing-cell completion; MAPE computed with the locked historical no-epsilon definition.
FreqCycle,ETTm2,96,720,ok,0.39041484830719436,0.3920869539607923,1.520238802672882,0.624831856028,212048,106752,105296,212048,0.808898926,0716v2_audited_param_count,2026,73.1480073928833,,1.2104191780090332,0.01744249880965049,97.54052734375,local_completion_strict,validation-selected checkpoint; one deferred held-out test; sample-weighted streaming metrics,outputs/completion_0716v2/COMPLETION_MATRIX_0716V2_RESULTS.csv,,,0716v2 missing-cell completion; MAPE computed with the locked historical no-epsilon definition.
Compact + Echo,weather,96,96,ok,0.15375435118817726,0.19729124939110088,,0.392115226927,3742,,,3742,0.014274597,locked_3seed_actual_param_count,"2024,2025,2026",49.45795933405558,,,,53.5625,local_compact_echo_locked_3seed_mean,validation-locked production route; three matched seeds; one deferred held-out test per checkpoint,analysis_exp/source_snapshot_0721v1/compact_echo_true9_88cells.csv,,,Production route arm=asy1_echo; MAPE was not persisted for this anchor.
TQNet,weather,96,96,ok,0.15833823382854462,0.2014399617910385,,0.397917370604,664496,,,664496,2.534851074,logged_n_param,2026,71.3622,,1.9505,,,local_legacy_reproduction,validation-selected legacy run; test loss logged during training,note/results.csv,,,Held-out test MSE/MAE from the local legacy log; MAPE was not persisted.
CycleNet,weather,96,96,ok,0.17065058648586273,0.2164858877658844,,0.413098761177,12336,,,12336,0.047058105,logged_n_param,2026,42.0373,,1.2654,,,local_legacy_reproduction,validation-selected legacy run; test loss logged during training,note/results.csv,,,Held-out test MSE/MAE from the local legacy log; MAPE was not persisted.
FITS,weather,96,96,ok,0.20939818024635315,0.2543054521083832,,0.457600459185,12,,,24,0.000091553,logged_n_param,2026,107.463,,1.8907,,,local_legacy_reproduction,validation-selected legacy run; test loss logged during training,note/results.csv,,,Held-out test MSE/MAE from the local legacy log; MAPE was not persisted.
SparseTSF,weather,96,96,ok,0.20726418495178223,0.2501862645149231,,0.455262764732,41,,,41,0.000156403,logged_n_param,2026,34.6219,,1.3686,,,local_legacy_reproduction,validation-selected legacy run; test loss logged during training,note/results.csv,,,Held-out test MSE/MAE from the local legacy log; MAPE was not persisted.
FreTS,weather,96,96,ok,0.1735360026359558,0.2292378842830658,,0.416576526746,3236832,,,3236832,12.347534180,logged_n_param,2026,190.595,,3.099,,,local_legacy_reproduction,validation-selected legacy run; test loss logged during training,note/results.csv,,,Held-out test MSE/MAE from the local legacy log; MAPE was not persisted.
FilterNet,weather,96,96,ok,0.16536907851696014,0.2114529311656952,,0.406655970714,59402,,,59402,0.226600647,logged_n_param,2026,41.7498,,1.5099,,,local_legacy_reproduction,validation-selected legacy run; test loss logged during training,note/results.csv,,,Held-out test MSE/MAE from the local legacy log; MAPE was not persisted.
iTransformer,weather,96,96,ok,0.17446748912334442,0.21459002792835236,,0.417693056111,4833888,,,4833888,18.439819336,logged_n_param,2026,114.0108,,3.4547,,,local_legacy_reproduction,validation-selected legacy run; test loss logged during training,note/results.csv,,,Held-out test MSE/MAE from the local legacy log; MAPE was not persisted.
PatchTST,weather,96,96,ok,0.17282281816005707,0.21484939754009247,,0.415719638891,548704,,,548704,2.093139648,logged_n_param,2026,300.9795,,1.7776,,,local_legacy_reproduction,validation-selected legacy run; test loss logged during training,note/results.csv,,,Held-out test MSE/MAE from the local legacy log; MAPE was not persisted.
DLinear,weather,96,96,ok,0.2016926407814026,0.26310062408447266,,0.449102038273,18624,,,18624,0.071044922,logged_n_param,2026,31.3668,,2.8666,,,local_legacy_reproduction,validation-selected legacy run; test loss logged during training,note/results.csv,,,Held-out test MSE/MAE from the local legacy log; MAPE was not persisted.
MixLinear,weather,96,96,ok,0.1956586092710495,0.23606961965560913,,0.442333142858,113,,,171,0.000652313,logged_n_param,2026,67.8213,,1.962,,,local_legacy_reproduction,validation-selected legacy run; test loss logged during training,note/results.csv,,,Held-out test MSE/MAE from the local legacy log; MAPE was not persisted.
PhaseFormer,weather,96,96,ok,0.17900967597961426,0.216349259018898,,0.423095350931,4524,,,4524,0.017257690,audited_baseline_param_count,2021,685.0,,,,,local_phaseformer_run_summary,standalone held-out test from validation-monitored run summary,baseline_2026_results/phaseformer/run_summary.json,,,Weather/Electricity locked reproduction; MAPE was not persisted.
FreqCycle,weather,96,96,ok,0.15847706796439104,0.2029324967167345,,0.398091783342,53212,28412,24800,53212,0.202987671,audited_registered_and_forward_active_numel,2026,78.16449522972107,,2.083845853805542,,76.7880859375,local_strict_official_reproduction,validation-selected checkpoint; deferred held-out test; sample-weighted metrics,outputs/freqcycle_official/freqcycle_0716v1_results.csv,,,Official-port reproduction; registered count includes an upstream duplicate inactive MLP; MAPE was not persisted.
Compact + Echo,weather,96,192,ok,0.2019925756803009,0.2417384742566425,13.204772345831458,0.449435841562,5278,,,5278,0.020133972,locked_3seed_actual_param_count,"2024,2025,2026",61.87694334983826,,,,72.5380859375,local_compact_echo_locked_3seed_mean,validation-locked production route; three matched seeds; one deferred held-out test per checkpoint,analysis_exp/source_snapshot_0721v1/compact_echo_true9_88cells.csv,,,Production route arm=asy1_echo_fallback; MAPE was streamed during the 0717v2 completion.
TQNet,weather,96,192,ok,0.2059607207775116,0.24553777277469635,,0.45382895542,713744,,,713744,2.722717285,logged_n_param,2026,83.9652,,2.1356,,,local_legacy_reproduction,validation-selected legacy run; test loss logged during training,note/results.csv,,,Held-out test MSE/MAE from the local legacy log; MAPE was not persisted.
CycleNet,weather,96,192,ok,0.22185829281806946,0.25903552770614624,,0.471018357199,21648,,,21648,0.082580566,logged_n_param,2026,45.1939,,1.4034,,,local_legacy_reproduction,validation-selected legacy run; test loss logged during training,note/results.csv,,,Held-out test MSE/MAE from the local legacy log; MAPE was not persisted.
FITS,weather,96,192,ok,0.2521492540836334,0.28611746430397034,,0.502144654541,18,,,36,0.000137329,logged_n_param,2026,121.8491,,2.0607,,,local_legacy_reproduction,validation-selected legacy run; test loss logged during training,note/results.csv,,,Held-out test MSE/MAE from the local legacy log; MAPE was not persisted.
SparseTSF,weather,96,192,ok,0.25295060873031616,0.28350892663002014,,0.502941953639,57,,,57,0.000217438,logged_n_param,2026,53.3463,,2.2846,,,local_legacy_reproduction,validation-selected legacy run; test loss logged during training,note/results.csv,,,Held-out test MSE/MAE from the local legacy log; MAPE was not persisted.
FreTS,weather,96,192,ok,0.21304215490818024,0.2658439874649048,,0.461564897829,3261504,,,3261504,12.441650391,logged_n_param,2026,181.0511,,3.2871,,,local_legacy_reproduction,validation-selected legacy run; test loss logged during training,note/results.csv,,,Held-out test MSE/MAE from the local legacy log; MAPE was not persisted.
FilterNet,weather,96,192,ok,0.21114486455917358,0.2545539438724518,,0.459505021256,71786,,,71786,0.273841858,logged_n_param,2026,47.7381,,1.7091,,,local_legacy_reproduction,validation-selected legacy run; test loss logged during training,note/results.csv,,,Held-out test MSE/MAE from the local legacy log; MAPE was not persisted.
iTransformer,weather,96,192,ok,0.2264191061258316,0.2588759660720825,,0.47583516697,4883136,,,4883136,18.627685547,logged_n_param,2026,110.0824,,3.4351,,,local_legacy_reproduction,validation-selected legacy run; test loss logged during training,note/results.csv,,,Held-out test MSE/MAE from the local legacy log; MAPE was not persisted.
PatchTST,weather,96,192,ok,0.2190406322479248,0.25617387890815735,,0.468017769158,696256,,,696256,2.656005859,logged_n_param,2026,337.1251,,1.9578,,,local_legacy_reproduction,validation-selected legacy run; test loss logged during training,note/results.csv,,,Held-out test MSE/MAE from the local legacy log; MAPE was not persisted.
DLinear,weather,96,192,ok,0.2390095442533493,0.30043327808380127,,0.488886023786,37248,,,37248,0.142089844,logged_n_param,2026,81.057,,3.0323,,,local_legacy_reproduction,validation-selected legacy run; test loss logged during training,note/results.csv,,,Held-out test MSE/MAE from the local legacy log; MAPE was not persisted.
MixLinear,weather,96,192,ok,0.24333244562149048,0.2729722857475281,,0.493287386441,181,,,287,0.001094818,logged_n_param,2026,140.0578,,2.0877,,,local_legacy_reproduction,validation-selected legacy run; test loss logged during training,note/results.csv,,,Held-out test MSE/MAE from the local legacy log; MAPE was not persisted.
PhaseFormer,weather,96,192,ok,0.23042325675487518,0.25938501954078674,,0.480024225175,3052,,,3052,0.011642456,audited_baseline_param_count,2021,554.0,,,,,local_phaseformer_run_summary,standalone held-out test from validation-monitored run summary,baseline_2026_results/phaseformer/run_summary.json,,,Weather/Electricity locked reproduction; MAPE was not persisted.
FreqCycle,weather,96,192,ok,0.20583699443230621,0.24624483273072992,,0.453692621091,77980,40796,37184,77980,0.297470093,audited_registered_and_forward_active_numel,2026,85.55468511581421,,2.1743483543395996,,81.1328125,local_strict_official_reproduction,validation-selected checkpoint; deferred held-out test; sample-weighted metrics,outputs/freqcycle_official/freqcycle_0716v1_results.csv,,,Official-port reproduction; registered count includes an upstream duplicate inactive MLP; MAPE was not persisted.
Compact + Echo,weather,96,336,ok,0.2575580281716527,0.28329122832030995,13.924736522066295,0.50750175189,7582,,,7582,0.028923035,locked_3seed_actual_param_count,"2024,2025,2026",67.55405720074971,,,,98.1435546875,local_compact_echo_locked_3seed_mean,validation-locked production route; three matched seeds; one deferred held-out test per checkpoint,analysis_exp/source_snapshot_0721v1/compact_echo_true9_88cells.csv,,,Production route arm=asy1_echo_fallback; MAPE was streamed during the 0717v2 completion.
TQNet,weather,96,336,ok,0.2639539837837219,0.28825294971466064,,0.513764521725,787616,,,787616,3.004516602,logged_n_param,2026,84.8224,,2.1423,,,local_legacy_reproduction,validation-selected legacy run; test loss logged during training,note/results.csv,,,Held-out test MSE/MAE from the local legacy log; MAPE was not persisted.
CycleNet,weather,96,336,ok,0.2755826413631439,0.2966414988040924,,0.524959656891,35616,,,35616,0.135864258,logged_n_param,2026,93.9393,,1.6124,,,local_legacy_reproduction,validation-selected legacy run; test loss logged during training,note/results.csv,,,Held-out test MSE/MAE from the local legacy log; MAPE was not persisted.
FITS,weather,96,336,ok,0.30197423696517944,0.31900888681411743,,0.549521825741,27,,,54,0.000205994,logged_n_param,2026,145.5344,,2.3659,,,local_legacy_reproduction,validation-selected legacy run; test loss logged during training,note/results.csv,,,Held-out test MSE/MAE from the local legacy log; MAPE was not persisted.
SparseTSF,weather,96,336,ok,0.30254876613616943,0.3172979950904846,,0.550044331064,81,,,81,0.000308990,logged_n_param,2026,44.631,,1.5417,,,local_legacy_reproduction,validation-selected legacy run; test loss logged during training,note/results.csv,,,Held-out test MSE/MAE from the local legacy log; MAPE was not persisted.
FreTS,weather,96,336,ok,0.26343536376953125,0.3086055517196655,,0.513259548152,3298512,,,3298512,12.582824707,logged_n_param,2026,126.2945,,3.3103,,,local_legacy_reproduction,validation-selected legacy run; test loss logged during training,note/results.csv,,,Held-out test MSE/MAE from the local legacy log; MAPE was not persisted.
FilterNet,weather,96,336,ok,0.2717088758945465,0.29633083939552307,,0.521257015199,90362,,,90362,0.344703674,logged_n_param,2026,65.5644,,1.8186,,,local_legacy_reproduction,validation-selected legacy run; test loss logged during training,note/results.csv,,,Held-out test MSE/MAE from the local legacy log; MAPE was not persisted.
iTransformer,weather,96,336,ok,0.2805626690387726,0.2987540364265442,,0.529681667645,4957008,,,4957008,18.909484863,logged_n_param,2026,114.5558,,3.4371,,,local_legacy_reproduction,validation-selected legacy run; test loss logged during training,note/results.csv,,,Held-out test MSE/MAE from the local legacy log; MAPE was not persisted.
PatchTST,weather,96,336,ok,0.2753213346004486,0.29569974541664124,,0.524710715157,917584,,,917584,3.500305176,logged_n_param,2026,301.5585,,2.0969,,,local_legacy_reproduction,validation-selected legacy run; test loss logged during training,note/results.csv,,,Held-out test MSE/MAE from the local legacy log; MAPE was not persisted.
DLinear,weather,96,336,ok,0.3027713894844055,0.3591051697731018,,0.550246662402,65184,,,65184,0.248657227,logged_n_param,2026,42.5039,,2.9935,,,local_legacy_reproduction,validation-selected legacy run; test loss logged during training,note/results.csv,,,Held-out test MSE/MAE from the local legacy log; MAPE was not persisted.
MixLinear,weather,96,336,ok,0.2935345470905304,0.30875444412231445,,0.541788286225,283,,,461,0.001758575,logged_n_param,2026,98.8186,,2.2344,,,local_legacy_reproduction,validation-selected legacy run; test loss logged during training,note/results.csv,,,Held-out test MSE/MAE from the local legacy log; MAPE was not persisted.
PhaseFormer,weather,96,336,ok,0.2829121947288513,0.2967873215675354,,0.531894909478,3106,,,3106,0.011848450,audited_baseline_param_count,2021,552.0,,,,,local_phaseformer_run_summary,standalone held-out test from validation-monitored run summary,baseline_2026_results/phaseformer/run_summary.json,,,Weather/Electricity locked reproduction; MAPE was not persisted.
FreqCycle,weather,96,336,ok,0.2624896249009338,0.2888913953952286,,0.512337413138,115132,59372,55760,115132,0.439193726,audited_registered_and_forward_active_numel,2026,96.36334204673767,,1.9694428443908691,,87.60302734375,local_strict_official_reproduction,validation-selected checkpoint; deferred held-out test; sample-weighted metrics,outputs/freqcycle_official/freqcycle_0716v1_results.csv,,,Official-port reproduction; registered count includes an upstream duplicate inactive MLP; MAPE was not persisted.
Compact + Echo,weather,96,720,ok,0.3385557441235448,0.33624643932821463,,0.581855432323,13726,,,13726,0.052360535,locked_3seed_actual_param_count,"2024,2025,2026",85.28962071736653,,,,150.45458984375,local_compact_echo_locked_3seed_mean,validation-locked production route; three matched seeds; one deferred held-out test per checkpoint,analysis_exp/source_snapshot_0721v1/compact_echo_true9_88cells.csv,,,Production route arm=asy1_echo; MAPE was not persisted for this anchor.
TQNet,weather,96,720,ok,0.34301629662513733,0.34186428785324097,,0.585675931403,984608,,,984608,3.755981445,logged_n_param,2026,155.9673,,2.9691,,,local_legacy_reproduction,validation-selected legacy run; test loss logged during training,note/results.csv,,,Held-out test MSE/MAE from the local legacy log; MAPE was not persisted.
CycleNet,weather,96,720,ok,0.35015812516212463,0.34560149908065796,,0.591741603373,72864,,,72864,0.277954102,logged_n_param,2026,74.7016,,2.2395,,,local_legacy_reproduction,validation-selected legacy run; test loss logged during training,note/results.csv,,,Held-out test MSE/MAE from the local legacy log; MAPE was not persisted.
FITS,weather,96,720,ok,0.3718358874320984,0.3621978163719177,,0.60978347586,51,,,102,0.000389099,logged_n_param,2026,201.1512,,3.1384,,,local_legacy_reproduction,validation-selected legacy run; test loss logged during training,note/results.csv,,,Held-out test MSE/MAE from the local legacy log; MAPE was not persisted.
SparseTSF,weather,96,720,ok,0.3720264434814453,0.3604784309864044,,0.609939704792,145,,,145,0.000553131,logged_n_param,2026,73.0548,,2.3043,,,local_legacy_reproduction,validation-selected legacy run; test loss logged during training,note/results.csv,,,Held-out test MSE/MAE from the local legacy log; MAPE was not persisted.
FreTS,weather,96,720,ok,0.3387443423271179,0.3671630322933197,,0.582017475964,3397200,,,3397200,12.959289551,logged_n_param,2026,125.1832,,4.3038,,,local_legacy_reproduction,validation-selected legacy run; test loss logged during training,note/results.csv,,,Held-out test MSE/MAE from the local legacy log; MAPE was not persisted.
FilterNet,weather,96,720,ok,0.3563435673713684,0.35059434175491333,,0.596945196288,139898,,,139898,0.533668518,logged_n_param,2026,77.9665,,2.484,,,local_legacy_reproduction,validation-selected legacy run; test loss logged during training,note/results.csv,,,Held-out test MSE/MAE from the local legacy log; MAPE was not persisted.
iTransformer,weather,96,720,ok,0.3603188693523407,0.34973570704460144,,0.600265665645,5154000,,,5154000,19.660949707,logged_n_param,2026,115.2787,,4.5289,,,local_legacy_reproduction,validation-selected legacy run; test loss logged during training,note/results.csv,,,Held-out test MSE/MAE from the local legacy log; MAPE was not persisted.
PatchTST,weather,96,720,ok,0.35196372866630554,0.34583067893981934,,0.59326531052,1507792,,,1507792,5.751770020,logged_n_param,2026,635.9254,,2.7454,,,local_legacy_reproduction,validation-selected legacy run; test loss logged during training,note/results.csv,,,Held-out test MSE/MAE from the local legacy log; MAPE was not persisted.
DLinear,weather,96,720,ok,0.35780173540115356,0.3989208936691284,,0.598165307755,139680,,,139680,0.532836914,logged_n_param,2026,109.6187,,4.0165,,,local_legacy_reproduction,validation-selected legacy run; test loss logged during training,note/results.csv,,,Held-out test MSE/MAE from the local legacy log; MAPE was not persisted.
MixLinear,weather,96,720,ok,0.3669140934944153,0.35547786951065063,,0.605734342344,515,,,885,0.003376007,logged_n_param,2026,167.1754,,2.9948,,,local_legacy_reproduction,validation-selected legacy run; test loss logged during training,note/results.csv,,,Held-out test MSE/MAE from the local legacy log; MAPE was not persisted.
PhaseFormer,weather,96,720,ok,0.35947564244270325,0.34557268023490906,,0.599562876138,3250,,,3250,0.012397766,audited_baseline_param_count,2021,529.0,,,,,local_phaseformer_run_summary,standalone held-out test from validation-monitored run summary,baseline_2026_results/phaseformer/run_summary.json,,,Weather/Electricity locked reproduction; MAPE was not persisted.
FreqCycle,weather,96,720,ok,0.3447168182813452,0.34457911015224074,,0.587125896449,214204,108908,105296,214204,0.817123413,audited_registered_and_forward_active_numel,2026,123.36319851875305,,2.0670969486236572,,105.4423828125,local_strict_official_reproduction,validation-selected checkpoint; deferred held-out test; sample-weighted metrics,outputs/freqcycle_official/freqcycle_0716v1_results.csv,,,Official-port reproduction; registered count includes an upstream duplicate inactive MLP; MAPE was not persisted.
Compact + Echo,electricity,96,96,ok,0.13973544543994398,0.2344177716044732,,0.373812045606,40674,,,40674,0.155158997,locked_3seed_actual_param_count,"2024,2025,2026",151.41211756070456,,,,108.255859375,local_compact_echo_locked_3seed_mean,validation-locked production route; three matched seeds; one deferred held-out test per checkpoint,analysis_exp/source_snapshot_0721v1/compact_echo_true9_88cells.csv,,,Production route arm=asy1_echo; MAPE was not persisted for this anchor.
TQNet,electricity,96,96,ok,0.13745570182800293,0.23449137806892395,,0.3707501879,715400,,,715400,2.729034424,logged_n_param,2026,279.1821,,3.3639,,,local_legacy_reproduction,validation-selected legacy run; test loss logged during training,note/results.csv,,,Held-out test MSE/MAE from the local legacy log; MAPE was not persisted.
CycleNet,electricity,96,96,ok,0.1413920819759369,0.2344805747270584,,0.376021384998,63240,,,63240,0.241241455,logged_n_param,2026,216.7989,,2.7056,,,local_legacy_reproduction,validation-selected legacy run; test loss logged during training,note/results.csv,,,Held-out test MSE/MAE from the local legacy log; MAPE was not persisted.
FITS,electricity,96,96,ok,0.2062828540802002,0.2876940369606018,,0.454183722826,1300,,,2600,0.009918213,logged_n_param,2026,228.2671,,3.0155,,,local_legacy_reproduction,validation-selected legacy run; test loss logged during training,note/results.csv,,,Held-out test MSE/MAE from the local legacy log; MAPE was not persisted.
SparseTSF,electricity,96,96,ok,0.2099839448928833,0.2806510031223297,,0.458240051603,41,,,41,0.000156403,logged_n_param,2026,112.638,,2.5958,,,local_legacy_reproduction,validation-selected legacy run; test loss logged during training,note/results.csv,,,Held-out test MSE/MAE from the local legacy log; MAPE was not persisted.
FreTS,electricity,96,96,ok,0.18481771647930145,0.27167949080467224,,0.429904310841,3236832,,,3236832,12.347534180,logged_n_param,2026,710.9621,,5.3535,,,local_legacy_reproduction,validation-selected legacy run; test loss logged during training,note/results.csv,,,Held-out test MSE/MAE from the local legacy log; MAPE was not persisted.
FilterNet,electricity,96,96,ok,0.14445221424102783,0.2404378056526184,,0.380068696739,631010,,,631010,2.407112122,logged_n_param,2026,600.1744,,10.897,,,local_legacy_reproduction,validation-selected legacy run; test loss logged during training,note/results.csv,,,Held-out test MSE/MAE from the local legacy log; MAPE was not persisted.
iTransformer,electricity,96,96,ok,0.1478460133075714,0.23986370861530304,,0.384507494475,4833888,,,4833888,18.439819336,logged_n_param,2026,331.1229,,5.188,,,local_legacy_reproduction,validation-selected legacy run; test loss logged during training,note/results.csv,,,Held-out test MSE/MAE from the local legacy log; MAPE was not persisted.
PatchTST,electricity,96,96,ok,0.16634152829647064,0.2521957755088806,,0.407849884512,548704,,,548704,2.093139648,logged_n_param,2026,2999.3493,,5.8861,,,local_legacy_reproduction,validation-selected legacy run; test loss logged during training,note/results.csv,,,Held-out test MSE/MAE from the local legacy log; MAPE was not persisted.
DLinear,electricity,96,96,ok,0.19456423819065094,0.2773839831352234,,0.44109436427,18624,,,18624,0.071044922,logged_n_param,2026,284.1123,,4.5758,,,local_legacy_reproduction,validation-selected legacy run; test loss logged during training,note/results.csv,,,Held-out test MSE/MAE from the local legacy log; MAPE was not persisted.
MixLinear,electricity,96,96,ok,0.20975777506828308,0.279826283454895,,0.457993204173,49,,,67,0.000255585,logged_n_param,2026,381.5111,,2.9272,,,local_legacy_reproduction,validation-selected legacy run; test loss logged during training,note/results.csv,,,Held-out test MSE/MAE from the local legacy log; MAPE was not persisted.
PhaseFormer,electricity,96,96,ok,0.18439264595508575,0.25876283645629883,,0.429409648186,3016,,,3016,0.011505127,audited_baseline_param_count,2021,523.0,,,,,local_phaseformer_run_summary,standalone held-out test from validation-monitored run summary,baseline_2026_results/phaseformer/run_summary.json,,,Weather/Electricity locked reproduction; MAPE was not persisted.
FreqCycle,electricity,96,96,ok,0.1389417925197132,0.2332157010335008,,0.372748967161,104312,79512,24800,104312,0.397918701,audited_registered_and_forward_active_numel,2026,160.49624752998352,,2.379211902618408,,459.177734375,local_strict_official_reproduction,validation-selected checkpoint; deferred held-out test; sample-weighted metrics,outputs/freqcycle_official/freqcycle_0716v1_results.csv,,,Official-port reproduction; registered count includes an upstream duplicate inactive MLP; MAPE was not persisted.
Compact + Echo,electricity,96,192,ok,0.15438063607403169,0.24709998306313402,2.4471133697207574,0.392913013368,46818,,,46818,0.178596497,locked_3seed_actual_param_count,"2024,2025,2026",220.99886266390482,,,,181.3193359375,local_compact_echo_locked_3seed_mean,validation-locked production route; three matched seeds; one deferred held-out test per checkpoint,analysis_exp/source_snapshot_0721v1/compact_echo_true9_88cells.csv,,,Production route arm=asy1_echo_fallback; MAPE was streamed during the 0717v2 completion.
TQNet,electricity,96,192,ok,0.15692611038684845,0.2520286440849304,,0.39613900387,764648,,,764648,2.916900635,logged_n_param,2026,383.058,,4.469,,,local_legacy_reproduction,validation-selected legacy run; test loss logged during training,note/results.csv,,,Held-out test MSE/MAE from the local legacy log; MAPE was not persisted.
CycleNet,electricity,96,192,ok,0.15549464523792267,0.24714484810829163,,0.394328093392,72552,,,72552,0.276763916,logged_n_param,2026,347.8511,,4.0612,,,local_legacy_reproduction,validation-selected legacy run; test loss logged during training,note/results.csv,,,Held-out test MSE/MAE from the local legacy log; MAPE was not persisted.
FITS,electricity,96,192,ok,0.20551545917987823,0.2895432412624359,,0.453338128972,1950,,,3900,0.014877319,logged_n_param,2026,344.0156,,4.1875,,,local_legacy_reproduction,validation-selected legacy run; test loss logged during training,note/results.csv,,,Held-out test MSE/MAE from the local legacy log; MAPE was not persisted.
SparseTSF,electricity,96,192,ok,0.20551154017448425,0.2808113694190979,,0.453333806565,57,,,57,0.000217438,logged_n_param,2026,230.5704,,3.7034,,,local_legacy_reproduction,validation-selected legacy run; test loss logged during training,note/results.csv,,,Held-out test MSE/MAE from the local legacy log; MAPE was not persisted.
FreTS,electricity,96,192,ok,0.18908950686454773,0.27628815174102783,,0.434844232875,3261504,,,3261504,12.441650391,logged_n_param,2026,769.3106,,6.2983,,,local_legacy_reproduction,validation-selected legacy run; test loss logged during training,note/results.csv,,,Held-out test MSE/MAE from the local legacy log; MAPE was not persisted.
FilterNet,electricity,96,192,ok,0.16210322082042694,0.25628361105918884,,0.402620442626,680258,,,680258,2.594978333,logged_n_param,2026,669.0965,,11.8788,,,local_legacy_reproduction,validation-selected legacy run; test loss logged during training,note/results.csv,,,Held-out test MSE/MAE from the local legacy log; MAPE was not persisted.
iTransformer,electricity,96,192,ok,0.1630818098783493,0.2547614574432373,,0.403833888967,4883136,,,4883136,18.627685547,logged_n_param,2026,328.5848,,6.5274,,,local_legacy_reproduction,validation-selected legacy run; test loss logged during training,note/results.csv,,,Held-out test MSE/MAE from the local legacy log; MAPE was not persisted.
PatchTST,electricity,96,192,ok,0.1746583878993988,0.2606467604637146,,0.417921509257,696256,,,696256,2.656005859,logged_n_param,2026,3267.7984,,6.8544,,,local_legacy_reproduction,validation-selected legacy run; test loss logged during training,note/results.csv,,,Held-out test MSE/MAE from the local legacy log; MAPE was not persisted.
DLinear,electricity,96,192,ok,0.19380542635917664,0.2797583043575287,,0.440233377153,37248,,,37248,0.142089844,logged_n_param,2026,277.8515,,5.62,,,local_legacy_reproduction,validation-selected legacy run; test loss logged during training,note/results.csv,,,Held-out test MSE/MAE from the local legacy log; MAPE was not persisted.
MixLinear,electricity,96,192,ok,0.20551900565624237,0.28075385093688965,,0.453342040469,61,,,87,0.000331879,logged_n_param,2026,468.1253,,4.1134,,,local_legacy_reproduction,validation-selected legacy run; test loss logged during training,note/results.csv,,,Held-out test MSE/MAE from the local legacy log; MAPE was not persisted.
PhaseFormer,electricity,96,192,ok,0.17802974581718445,0.2567254602909088,,0.421935712896,269832,,,269832,1.029327393,audited_baseline_param_count,2021,631.0,,,,,local_phaseformer_run_summary,standalone held-out test from validation-monitored run summary,baseline_2026_results/phaseformer/run_summary.json,,,Weather/Electricity locked reproduction; MAPE was not persisted.
FreqCycle,electricity,96,192,ok,0.154766582572324,0.2473285737257175,,0.393403841583,129080,91896,37184,129080,0.492401123,audited_registered_and_forward_active_numel,2026,220.27357411384583,,3.419539451599121,,492.3662109375,local_strict_official_reproduction,validation-selected checkpoint; deferred held-out test; sample-weighted metrics,outputs/freqcycle_official/freqcycle_0716v1_results.csv,,,Official-port reproduction; registered count includes an upstream duplicate inactive MLP; MAPE was not persisted.
Compact + Echo,electricity,96,336,ok,0.17139908223585978,0.2647643349280261,2.474236659583527,0.41400372249,56034,,,56034,0.213752747,locked_3seed_actual_param_count,"2024,2025,2026",298.6307219664256,,,,268.072265625,local_compact_echo_locked_3seed_mean,validation-locked production route; three matched seeds; one deferred held-out test per checkpoint,analysis_exp/source_snapshot_0721v1/compact_echo_true9_88cells.csv,,,Production route arm=asy1_echo_fallback; MAPE was streamed during the 0717v2 completion.
TQNet,electricity,96,336,ok,0.17231066524982452,0.2688722610473633,,0.415103198313,838520,,,838520,3.198699951,logged_n_param,2026,532.7292,,6.0816,,,local_legacy_reproduction,validation-selected legacy run; test loss logged during training,note/results.csv,,,Held-out test MSE/MAE from the local legacy log; MAPE was not persisted.
CycleNet,electricity,96,336,ok,0.1724998503923416,0.26470619440078735,,0.415331013039,86520,,,86520,0.330047607,logged_n_param,2026,445.4538,,5.9545,,,local_legacy_reproduction,validation-selected legacy run; test loss logged during training,note/results.csv,,,Held-out test MSE/MAE from the local legacy log; MAPE was not persisted.
FITS,electricity,96,336,ok,0.2194596379995346,0.3033126890659332,,0.468465194011,2912,,,5824,0.022216797,logged_n_param,2026,518.4152,,6.2395,,,local_legacy_reproduction,validation-selected legacy run; test loss logged during training,note/results.csv,,,Held-out test MSE/MAE from the local legacy log; MAPE was not persisted.
SparseTSF,electricity,96,336,ok,0.2187333106994629,0.2963319420814514,,0.467689331394,81,,,81,0.000308990,logged_n_param,2026,309.0006,,4.9361,,,local_legacy_reproduction,validation-selected legacy run; test loss logged during training,note/results.csv,,,Held-out test MSE/MAE from the local legacy log; MAPE was not persisted.
FreTS,electricity,96,336,ok,0.2053210735321045,0.2945186197757721,,0.453123684585,3298512,,,3298512,12.582824707,logged_n_param,2026,789.7477,,8.1599,,,local_legacy_reproduction,validation-selected legacy run; test loss logged during training,note/results.csv,,,Held-out test MSE/MAE from the local legacy log; MAPE was not persisted.
FilterNet,electricity,96,336,ok,0.184602290391922,0.28152531385421753,,0.42965368658,754130,,,754130,2.876777649,logged_n_param,2026,766.2618,,13.456,,,local_legacy_reproduction,validation-selected legacy run; test loss logged during training,note/results.csv,,,Held-out test MSE/MAE from the local legacy log; MAPE was not persisted.
iTransformer,electricity,96,336,ok,0.17672975361347198,0.2710563838481903,,0.420392380537,4957008,,,4957008,18.909484863,logged_n_param,2026,624.1673,,7.9629,,,local_legacy_reproduction,validation-selected legacy run; test loss logged during training,note/results.csv,,,Held-out test MSE/MAE from the local legacy log; MAPE was not persisted.
PatchTST,electricity,96,336,ok,0.19044287502765656,0.27709999680519104,,0.436397611162,917584,,,917584,3.500305176,logged_n_param,2026,3660.1053,,8.2865,,,local_legacy_reproduction,validation-selected legacy run; test loss logged during training,note/results.csv,,,Held-out test MSE/MAE from the local legacy log; MAPE was not persisted.
DLinear,electricity,96,336,ok,0.20672845840454102,0.29587873816490173,,0.454674013338,65184,,,65184,0.248657227,logged_n_param,2026,454.1937,,7.2303,,,local_legacy_reproduction,validation-selected legacy run; test loss logged during training,note/results.csv,,,Held-out test MSE/MAE from the local legacy log; MAPE was not persisted.
MixLinear,electricity,96,336,ok,0.2184697538614273,0.29525965452194214,,0.467407481606,77,,,115,0.000438690,logged_n_param,2026,600.2843,,5.7262,,,local_legacy_reproduction,validation-selected legacy run; test loss logged during training,note/results.csv,,,Held-out test MSE/MAE from the local legacy log; MAPE was not persisted.
PhaseFormer,electricity,96,336,ok,0.2067832499742508,0.28293779492378235,,0.454734263031,3106,,,3106,0.011848450,audited_baseline_param_count,2021,656.0,,,,,local_phaseformer_run_summary,standalone held-out test from validation-monitored run summary,baseline_2026_results/phaseformer/run_summary.json,,,Weather/Electricity locked reproduction; MAPE was not persisted.
FreqCycle,electricity,96,336,ok,0.17183536494620072,0.26491867567750577,,0.414530294365,166232,110472,55760,166232,0.634124756,audited_registered_and_forward_active_numel,2026,306.41677951812744,,3.627358913421631,,535.00048828125,local_strict_official_reproduction,validation-selected checkpoint; deferred held-out test; sample-weighted metrics,outputs/freqcycle_official/freqcycle_0716v1_results.csv,,,Official-port reproduction; registered count includes an upstream duplicate inactive MLP; MAPE was not persisted.
Compact + Echo,electricity,96,720,ok,0.2089435026498218,0.29622841873287337,,0.45710338289,27106,,,27106,0.103401184,locked_3seed_actual_param_count,"2024,2025,2026",475.28453127543133,,,,454.20166015625,local_compact_echo_locked_3seed_mean,validation-locked production route; three matched seeds; one deferred held-out test per checkpoint,analysis_exp/source_snapshot_0721v1/compact_echo_true9_88cells.csv,,,Production route arm=compact_echo; MAPE was not persisted for this anchor.
TQNet,electricity,96,720,ok,0.21114085614681244,0.3043377995491028,,0.459500659572,1035512,,,1035512,3.950164795,logged_n_param,2026,834.5534,,10.5322,,,local_legacy_reproduction,validation-selected legacy run; test loss logged during training,note/results.csv,,,Held-out test MSE/MAE from the local legacy log; MAPE was not persisted.
CycleNet,electricity,96,720,ok,0.21063557267189026,0.2968824803829193,,0.458950512225,123768,,,123768,0.472137451,logged_n_param,2026,912.1361,,8.8361,,,local_legacy_reproduction,validation-selected legacy run; test loss logged during training,note/results.csv,,,Held-out test MSE/MAE from the local legacy log; MAPE was not persisted.
FITS,electricity,96,720,ok,0.2604956030845642,0.33489754796028137,,0.510387698798,5512,,,11024,0.042053223,logged_n_param,2026,956.7385,,10.4353,,,local_legacy_reproduction,validation-selected legacy run; test loss logged during training,note/results.csv,,,Held-out test MSE/MAE from the local legacy log; MAPE was not persisted.
SparseTSF,electricity,96,720,ok,0.2601870894432068,0.32834234833717346,,0.510085374661,145,,,145,0.000553131,logged_n_param,2026,698.3761,,8.6704,,,local_legacy_reproduction,validation-selected legacy run; test loss logged during training,note/results.csv,,,Held-out test MSE/MAE from the local legacy log; MAPE was not persisted.
FreTS,electricity,96,720,ok,0.2554318904876709,0.34267500042915344,,0.505402701306,3397200,,,3397200,12.959289551,logged_n_param,2026,392.733,,11.82,,,local_legacy_reproduction,validation-selected legacy run; test loss logged during training,note/results.csv,,,Held-out test MSE/MAE from the local legacy log; MAPE was not persisted.
FilterNet,electricity,96,720,ok,0.26031455397605896,0.3438429534435272,,0.510210303675,951122,,,951122,3.628242493,logged_n_param,2026,965.2616,,17.8553,,,local_legacy_reproduction,validation-selected legacy run; test loss logged during training,note/results.csv,,,Held-out test MSE/MAE from the local legacy log; MAPE was not persisted.
iTransformer,electricity,96,720,ok,0.20887112617492676,0.29781970381736755,,0.457024207428,5154000,,,5154000,19.660949707,logged_n_param,2026,409.6954,,12.8271,,,local_legacy_reproduction,validation-selected legacy run; test loss logged during training,note/results.csv,,,Held-out test MSE/MAE from the local legacy log; MAPE was not persisted.
PatchTST,electricity,96,720,ok,0.2331569790840149,0.31361740827560425,,0.482863313044,1507792,,,1507792,5.751770020,logged_n_param,2026,2908.2346,,12.6454,,,local_legacy_reproduction,validation-selected legacy run; test loss logged during training,note/results.csv,,,Held-out test MSE/MAE from the local legacy log; MAPE was not persisted.
DLinear,electricity,96,720,ok,0.24211779236793518,0.32809144258499146,,0.492054664004,139680,,,139680,0.532836914,logged_n_param,2026,526.6282,,11.6322,,,local_legacy_reproduction,validation-selected legacy run; test loss logged during training,note/results.csv,,,Held-out test MSE/MAE from the local legacy log; MAPE was not persisted.
MixLinear,electricity,96,720,ok,0.26017746329307556,0.32869940996170044,,0.510075938751,117,,,187,0.000713348,logged_n_param,2026,931.9434,,8.7246,,,local_legacy_reproduction,validation-selected legacy run; test loss logged during training,note/results.csv,,,Held-out test MSE/MAE from the local legacy log; MAPE was not persisted.
PhaseFormer,electricity,96,720,ok,0.23428267240524292,0.3066548705101013,,0.484027553353,272670,,,272670,1.040153503,audited_baseline_param_count,2021,1168.0,,,,,local_phaseformer_run_summary,standalone held-out test from validation-monitored run summary,baseline_2026_results/phaseformer/run_summary.json,,,Weather/Electricity locked reproduction; MAPE was not persisted.
FreqCycle,electricity,96,720,ok,0.20934712997287092,0.2967681436758062,,0.457544675385,265304,160008,105296,265304,1.012054443,audited_registered_and_forward_active_numel,2026,564.1960709095001,,5.122231483459473,,656.31640625,local_strict_official_reproduction,validation-selected checkpoint; deferred held-out test; sample-weighted metrics,outputs/freqcycle_official/freqcycle_0716v1_results.csv,,,Official-port reproduction; registered count includes an upstream duplicate inactive MLP; MAPE was not persisted.
Compact + Echo,traffic,96,96,ok,0.4484165918057793,0.28933570056754626,3.4829875847995764,0.669639150443,13882,,,13882,0.052955627,locked_3seed_actual_param_count,"2024,2025,2026",171.37585028012595,,,,255.25341796875,local_compact_echo_locked_3seed_mean,validation-locked production route; three matched seeds; one deferred held-out test per checkpoint,analysis_exp/source_snapshot_0721v1/compact_echo_true9_88cells.csv,,,Production route arm=true_compact_echo; MAPE was streamed during the 0717v2 completion.
TQNet,traffic,96,96,ok,0.4219597578048706,0.26678770780563354,,0.64958429615,806288,,,806288,3.075744629,logged_n_param,2026,458.3284,,5.3208,,,local_legacy_reproduction,validation-selected legacy run; test loss logged during training,note/results.csv,,,Held-out test MSE/MAE from the local legacy log; MAPE was not persisted.
CycleNet,traffic,96,96,ok,0.4811263084411621,0.31481269001960754,,0.693632689859,154128,,,154128,0.587951660,logged_n_param,2026,224.4131,,4.0618,,,local_legacy_reproduction,validation-selected legacy run; test loss logged during training,note/results.csv,,,Held-out test MSE/MAE from the local legacy log; MAPE was not persisted.
FITS,traffic,96,96,ok,0.6579460501670837,0.39802396297454834,,0.811138736695,1300,,,2600,0.009918213,logged_n_param,2026,365.2554,,4.477,,,local_legacy_reproduction,validation-selected legacy run; test loss logged during training,note/results.csv,,,Held-out test MSE/MAE from the local legacy log; MAPE was not persisted.
SparseTSF,traffic,96,96,ok,0.6632261872291565,0.3924395740032196,,0.814387000896,41,,,41,0.000156403,logged_n_param,2026,322.9345,,3.491,,,local_legacy_reproduction,validation-selected legacy run; test loss logged during training,note/results.csv,,,Held-out test MSE/MAE from the local legacy log; MAPE was not persisted.
FreTS,traffic,96,96,ok,0.546420693397522,0.3548300862312317,,0.739202741741,3236832,,,3236832,12.347534180,logged_n_param,2026,998.7508,,8.2037,,,local_legacy_reproduction,validation-selected legacy run; test loss logged during training,note/results.csv,,,Held-out test MSE/MAE from the local legacy log; MAPE was not persisted.
FilterNet,traffic,96,96,ok,0.41720446944236755,0.28530439734458923,,0.645913670271,317212,,,317212,1.210067749,logged_n_param,2026,297.8425,,5.103,,,local_legacy_reproduction,validation-selected legacy run; test loss logged during training,note/results.csv,,,Held-out test MSE/MAE from the local legacy log; MAPE was not persisted.
iTransformer,traffic,96,96,ok,0.3870082199573517,0.26306799054145813,,0.622099847257,6411872,,,6411872,24.459350586,logged_n_param,2026,1249.9744,,7.5748,,,local_legacy_reproduction,validation-selected legacy run; test loss logged during training,note/results.csv,,,Held-out test MSE/MAE from the local legacy log; MAPE was not persisted.
PatchTST,traffic,96,96,ok,0.47421544790267944,0.30426889657974243,,0.688633028472,548704,,,548704,2.093139648,logged_n_param,2026,1525.9186,,8.9148,,,local_legacy_reproduction,validation-selected legacy run; test loss logged during training,note/results.csv,,,Held-out test MSE/MAE from the local legacy log; MAPE was not persisted.
DLinear,traffic,96,96,ok,0.661794900894165,0.4103458821773529,,0.813507775559,18624,,,18624,0.071044922,logged_n_param,2026,81.1168,,5.198,,,local_legacy_reproduction,validation-selected legacy run; test loss logged during training,note/results.csv,,,Held-out test MSE/MAE from the local legacy log; MAPE was not persisted.
MixLinear,traffic,96,96,ok,0.6627912521362305,0.3929395377635956,,0.81411992491,49,,,67,0.000255585,logged_n_param,2026,472.537,,4.1058,,,local_legacy_reproduction,validation-selected legacy run; test loss logged during training,note/results.csv,,,Held-out test MSE/MAE from the local legacy log; MAPE was not persisted.
PhaseFormer,traffic,96,96,ok,0.4963602239957273,0.2920030341237185,2.893881627287603,0.704528369901,34632,,,34632,0.132110596,0716v2_audited_param_count,2021,897.3539266586304,,5.292999505996704,0.5911977157974165,176.56689453125,local_completion_strict,validation-selected checkpoint; one deferred held-out test; sample-weighted streaming metrics,outputs/completion_0716v2/COMPLETION_MATRIX_0716V2_RESULTS.csv,,,0716v2 missing-cell completion; MAPE computed with the locked historical no-epsilon definition.
FreqCycle,traffic,96,96,ok,0.45379215797943245,0.28777214128683487,3.197114826114964,0.673640971126,195200,170400,24800,195200,0.744628906,0716v2_audited_param_count,2026,208.25303673744202,,3.137119770050049,0.158282029318331,616.21826171875,local_completion_strict,validation-selected checkpoint; one deferred held-out test; sample-weighted streaming metrics,outputs/completion_0716v2/COMPLETION_MATRIX_0716V2_RESULTS.csv,,,0716v2 missing-cell completion; MAPE computed with the locked historical no-epsilon definition.
Compact + Echo,traffic,96,192,ok,0.45732854138839935,0.29538255090500903,3.484147627795609,0.676260705193,16250,,,16250,0.061988831,locked_3seed_actual_param_count,"2024,2025,2026",195.75078598658243,,,,417.26708984375,local_compact_echo_locked_3seed_mean,validation-locked production route; three matched seeds; one deferred held-out test per checkpoint,analysis_exp/source_snapshot_0721v1/compact_echo_true9_88cells.csv,,,Production route arm=true_compact_echo; MAPE was streamed during the 0717v2 completion.
TQNet,traffic,96,192,ok,0.4449966847896576,0.28036490082740784,,0.667080718346,855536,,,855536,3.263610840,logged_n_param,2026,672.3844,,7.4918,,,local_legacy_reproduction,validation-selected legacy run; test loss logged during training,note/results.csv,,,Held-out test MSE/MAE from the local legacy log; MAPE was not persisted.
CycleNet,traffic,96,192,ok,0.4831235706806183,0.3149402141571045,,0.695070910541,163440,,,163440,0.623474121,logged_n_param,2026,426.3505,,5.5738,,,local_legacy_reproduction,validation-selected legacy run; test loss logged during training,note/results.csv,,,Held-out test MSE/MAE from the local legacy log; MAPE was not persisted.
FITS,traffic,96,192,ok,0.6081821322441101,0.3756004571914673,,0.779860328677,1950,,,3900,0.014877319,logged_n_param,2026,610.003,,6.426,,,local_legacy_reproduction,validation-selected legacy run; test loss logged during training,note/results.csv,,,Held-out test MSE/MAE from the local legacy log; MAPE was not persisted.
SparseTSF,traffic,96,192,ok,0.6113904714584351,0.3655189871788025,,0.781914619034,57,,,57,0.000217438,logged_n_param,2026,543.1509,,5.5545,,,local_legacy_reproduction,validation-selected legacy run; test loss logged during training,note/results.csv,,,Held-out test MSE/MAE from the local legacy log; MAPE was not persisted.
FreTS,traffic,96,192,ok,0.5478094220161438,0.34982672333717346,,0.740141487836,3261504,,,3261504,12.441650391,logged_n_param,2026,1647.1827,,10.3358,,,local_legacy_reproduction,validation-selected legacy run; test loss logged during training,note/results.csv,,,Held-out test MSE/MAE from the local legacy log; MAPE was not persisted.
FilterNet,traffic,96,192,ok,0.438961386680603,0.2906910479068756,,0.662541611282,341884,,,341884,1.304183960,logged_n_param,2026,422.2372,,7.0998,,,local_legacy_reproduction,validation-selected legacy run; test loss logged during training,note/results.csv,,,Held-out test MSE/MAE from the local legacy log; MAPE was not persisted.
iTransformer,traffic,96,192,ok,0.4092092514038086,0.2759467363357544,,0.639694654819,6461120,,,6461120,24.647216797,logged_n_param,2026,1240.355,,9.4254,,,local_legacy_reproduction,validation-selected legacy run; test loss logged during training,note/results.csv,,,Held-out test MSE/MAE from the local legacy log; MAPE was not persisted.
PatchTST,traffic,96,192,ok,0.47798019647598267,0.3033086657524109,,0.691361118719,696256,,,696256,2.656005859,logged_n_param,2026,1670.3149,,10.9596,,,local_legacy_reproduction,validation-selected legacy run; test loss logged during training,note/results.csv,,,Held-out test MSE/MAE from the local legacy log; MAPE was not persisted.
DLinear,traffic,96,192,ok,0.6108559370040894,0.3841077983379364,,0.781572733022,37248,,,37248,0.142089844,logged_n_param,2026,117.1531,,7.0972,,,local_legacy_reproduction,validation-selected legacy run; test loss logged during training,note/results.csv,,,Held-out test MSE/MAE from the local legacy log; MAPE was not persisted.
MixLinear,traffic,96,192,ok,0.6115205883979797,0.368522047996521,,0.781997818666,61,,,87,0.000331879,logged_n_param,2026,361.0673,,5.4367,,,local_legacy_reproduction,validation-selected legacy run; test loss logged during training,note/results.csv,,,Held-out test MSE/MAE from the local legacy log; MAPE was not persisted.
PhaseFormer,traffic,96,192,ok,0.46637023062658955,0.27260380709664556,2.588512577106731,0.682913047632,269832,,,269832,1.029327393,0716v2_audited_param_count,2021,880.6633288860321,,6.3269383907318115,0.7146775518171433,542.69921875,local_completion_strict,validation-selected checkpoint; one deferred held-out test; sample-weighted streaming metrics,outputs/completion_0716v2/COMPLETION_MATRIX_0716V2_RESULTS.csv,,,0716v2 missing-cell completion; MAPE computed with the locked historical no-epsilon definition.
FreqCycle,traffic,96,192,ok,0.4646030014319113,0.2949849248573512,3.2698451602398335,0.681617929218,219968,182784,37184,219968,0.839111328,0716v2_audited_param_count,2026,276.5515410900116,,3.798384666442871,0.1735344457835687,666.6806640625,local_completion_strict,validation-selected checkpoint; one deferred held-out test; sample-weighted streaming metrics,outputs/completion_0716v2/COMPLETION_MATRIX_0716V2_RESULTS.csv,,,0716v2 missing-cell completion; MAPE computed with the locked historical no-epsilon definition.
Compact + Echo,traffic,96,336,ok,0.4701608300287612,0.3018934789425133,3.49112872198147,0.685682747361,16250,,,16250,0.061988831,locked_3seed_actual_param_count,"2024,2025,2026",284.5629141330719,,,,660.8515625,local_compact_echo_locked_3seed_mean,validation-locked production route; three matched seeds; one deferred held-out test per checkpoint,analysis_exp/source_snapshot_0721v1/compact_echo_true9_88cells.csv,,,Production route arm=true_compact_echo; MAPE was streamed during the 0717v2 completion.
TQNet,traffic,96,336,ok,0.4616840183734894,0.28806832432746887,,0.679473338972,929408,,,929408,3.545410156,logged_n_param,2026,899.3575,,10.0684,,,local_legacy_reproduction,validation-selected legacy run; test loss logged during training,note/results.csv,,,Held-out test MSE/MAE from the local legacy log; MAPE was not persisted.
CycleNet,traffic,96,336,ok,0.476717472076416,0.303751140832901,,0.690447298551,177408,,,177408,0.676757812,logged_n_param,2026,797.3652,,8.1937,,,local_legacy_reproduction,validation-selected legacy run; test loss logged during training,note/results.csv,,,Held-out test MSE/MAE from the local legacy log; MAPE was not persisted.
FITS,traffic,96,336,ok,0.6158593893051147,0.37767845392227173,,0.784767092394,2912,,,5824,0.022216797,logged_n_param,2026,910.6091,,9.4804,,,local_legacy_reproduction,validation-selected legacy run; test loss logged during training,note/results.csv,,,Held-out test MSE/MAE from the local legacy log; MAPE was not persisted.
SparseTSF,traffic,96,336,ok,0.617026686668396,0.3680407702922821,,0.785510462482,81,,,81,0.000308990,logged_n_param,2026,455.2372,,8.0475,,,local_legacy_reproduction,validation-selected legacy run; test loss logged during training,note/results.csv,,,Held-out test MSE/MAE from the local legacy log; MAPE was not persisted.
FreTS,traffic,96,336,ok,0.5728921890258789,0.3575168550014496,,0.756896418954,3298512,,,3298512,12.582824707,logged_n_param,2026,1826.3866,,11.928,,,local_legacy_reproduction,validation-selected legacy run; test loss logged during training,note/results.csv,,,Held-out test MSE/MAE from the local legacy log; MAPE was not persisted.
FilterNet,traffic,96,336,ok,0.45751357078552246,0.29947519302368164,,0.676397494662,378892,,,378892,1.445358276,logged_n_param,2026,576.6525,,9.5065,,,local_legacy_reproduction,validation-selected legacy run; test loss logged during training,note/results.csv,,,Held-out test MSE/MAE from the local legacy log; MAPE was not persisted.
iTransformer,traffic,96,336,ok,0.4132896065711975,0.2778241038322449,,0.642876042928,6534992,,,6534992,24.929016113,logged_n_param,2026,1495.2993,,12.6204,,,local_legacy_reproduction,validation-selected legacy run; test loss logged during training,note/results.csv,,,Held-out test MSE/MAE from the local legacy log; MAPE was not persisted.
PatchTST,traffic,96,336,ok,0.4912334382534027,0.30851566791534424,,0.700880473585,917584,,,917584,3.500305176,logged_n_param,2026,1869.9559,,13.9365,,,local_legacy_reproduction,validation-selected legacy run; test loss logged during training,note/results.csv,,,Held-out test MSE/MAE from the local legacy log; MAPE was not persisted.
DLinear,traffic,96,336,ok,0.615199625492096,0.38449835777282715,,0.784346623306,65184,,,65184,0.248657227,logged_n_param,2026,167.1058,,10.2674,,,local_legacy_reproduction,validation-selected legacy run; test loss logged during training,note/results.csv,,,Held-out test MSE/MAE from the local legacy log; MAPE was not persisted.
MixLinear,traffic,96,336,ok,0.6171572804450989,0.3674338161945343,,0.785593584778,77,,,115,0.000438690,logged_n_param,2026,1055.0081,,7.7213,,,local_legacy_reproduction,validation-selected legacy run; test loss logged during training,note/results.csv,,,Held-out test MSE/MAE from the local legacy log; MAPE was not persisted.
PhaseFormer,traffic,96,336,ok,0.48164954301820895,0.2796298620689192,2.613118874077371,0.694009757149,270606,,,270606,1.032279968,0716v2_audited_param_count,2021,1009.9587700366974,,7.255884647369385,0.7289704396203043,551.97509765625,local_completion_strict,validation-selected checkpoint; one deferred held-out test; sample-weighted streaming metrics,outputs/completion_0716v2/COMPLETION_MATRIX_0716V2_RESULTS.csv,,,0716v2 missing-cell completion; MAPE computed with the locked historical no-epsilon definition.
FreqCycle,traffic,96,336,ok,0.48380754231699796,0.2963926587505513,3.236315948712461,0.69556275225,257120,201360,55760,257120,0.980834961,0716v2_audited_param_count,2026,487.0025806427002,,4.478839874267578,0.1743041962770269,744.62353515625,local_completion_strict,validation-selected checkpoint; one deferred held-out test; sample-weighted streaming metrics,outputs/completion_0716v2/COMPLETION_MATRIX_0716V2_RESULTS.csv,,,0716v2 missing-cell completion; MAPE computed with the locked historical no-epsilon definition.
Compact + Echo,traffic,96,720,ok,0.5090763644755636,0.3173735588548917,3.569124483199367,0.713495875584,16346,,,16346,0.062355042,locked_3seed_actual_param_count,"2024,2025,2026",641.228717247645,,,,1312.01416015625,local_compact_echo_locked_3seed_mean,validation-locked production route; three matched seeds; one deferred held-out test per checkpoint,analysis_exp/source_snapshot_0721v1/compact_echo_true9_88cells.csv,,,Production route arm=true_compact_echo; MAPE was streamed during the 0717v2 completion.
TQNet,traffic,96,720,ok,0.4980546832084656,0.30612456798553467,,0.705729893946,1126400,,,1126400,4.296875000,logged_n_param,2026,1520.5519,,14.7874,,,local_legacy_reproduction,validation-selected legacy run; test loss logged during training,note/results.csv,,,Held-out test MSE/MAE from the local legacy log; MAPE was not persisted.
CycleNet,traffic,96,720,ok,0.5026708245277405,0.3197212219238281,,0.708992824031,214656,,,214656,0.818847656,logged_n_param,2026,888.46,,13.6953,,,local_legacy_reproduction,validation-selected legacy run; test loss logged during training,note/results.csv,,,Held-out test MSE/MAE from the local legacy log; MAPE was not persisted.
FITS,traffic,96,720,ok,0.661274254322052,0.41368183493614197,,0.813187711615,5512,,,11024,0.042053223,logged_n_param,2026,1573.4231,,16.362,,,local_legacy_reproduction,validation-selected legacy run; test loss logged during training,note/results.csv,,,Held-out test MSE/MAE from the local legacy log; MAPE was not persisted.
SparseTSF,traffic,96,720,ok,0.6547159552574158,0.38750746846199036,,0.809145200355,145,,,145,0.000553131,logged_n_param,2026,669.6482,,13.512,,,local_legacy_reproduction,validation-selected legacy run; test loss logged during training,note/results.csv,,,Held-out test MSE/MAE from the local legacy log; MAPE was not persisted.
FreTS,traffic,96,720,ok,0.6248689889907837,0.38110440969467163,,0.790486552062,3397200,,,3397200,12.959289551,logged_n_param,2026,2340.6971,,17.3307,,,local_legacy_reproduction,validation-selected legacy run; test loss logged during training,note/results.csv,,,Held-out test MSE/MAE from the local legacy log; MAPE was not persisted.
FilterNet,traffic,96,720,ok,0.49540919065475464,0.31950849294662476,,0.703853103037,477580,,,477580,1.821823120,logged_n_param,2026,1036.9045,,14.272,,,local_legacy_reproduction,validation-selected legacy run; test loss logged during training,note/results.csv,,,Held-out test MSE/MAE from the local legacy log; MAPE was not persisted.
iTransformer,traffic,96,720,ok,0.43802881240844727,0.29041412472724915,,0.661837451651,6731984,,,6731984,25.680480957,logged_n_param,2026,1756.6186,,16.3601,,,local_legacy_reproduction,validation-selected legacy run; test loss logged during training,note/results.csv,,,Held-out test MSE/MAE from the local legacy log; MAPE was not persisted.
PatchTST,traffic,96,720,ok,0.5246371030807495,0.327362596988678,,0.724318371354,1507792,,,1507792,5.751770020,logged_n_param,2026,2390.2686,,18.0388,,,local_legacy_reproduction,validation-selected legacy run; test loss logged during training,note/results.csv,,,Held-out test MSE/MAE from the local legacy log; MAPE was not persisted.
DLinear,traffic,96,720,ok,0.6573818325996399,0.4078359305858612,,0.810790868597,139680,,,139680,0.532836914,logged_n_param,2026,307.1237,,14.49,,,local_legacy_reproduction,validation-selected legacy run; test loss logged during training,note/results.csv,,,Held-out test MSE/MAE from the local legacy log; MAPE was not persisted.
MixLinear,traffic,96,720,ok,0.6544039845466614,0.3882283866405487,,0.808952399432,117,,,187,0.000713348,logged_n_param,2026,936.1437,,13.2456,,,local_legacy_reproduction,validation-selected legacy run; test loss logged during training,note/results.csv,,,Held-out test MSE/MAE from the local legacy log; MAPE was not persisted.
PhaseFormer,traffic,96,720,ok,0.5124392730710207,0.2978255347171134,2.744942557282669,0.71584863838,272670,,,272670,1.040153503,0716v2_audited_param_count,2021,1201.6924295425415,,8.14031457901001,0.732733514433738,576.9716796875,local_completion_strict,validation-selected checkpoint; one deferred held-out test; sample-weighted streaming metrics,outputs/completion_0716v2/COMPLETION_MATRIX_0716V2_RESULTS.csv,,,0716v2 missing-cell completion; MAPE computed with the locked historical no-epsilon definition.
FreqCycle,traffic,96,720,ok,0.5145731650669414,0.3111161803009401,3.335255735506068,0.717337553086,356192,250896,105296,356192,1.358764648,0716v2_audited_param_count,2026,848.4083850383759,,6.706724405288696,0.21647723867832097,946.095703125,local_completion_strict,validation-selected checkpoint; one deferred held-out test; sample-weighted streaming metrics,outputs/completion_0716v2/COMPLETION_MATRIX_0716V2_RESULTS.csv,,,0716v2 missing-cell completion; MAPE computed with the locked historical no-epsilon definition.
Compact + Echo,PEMS03,96,12,ok,0.0700812364580122,0.17988562876567646,1.4255550044624787,0.264728609066,8122,,,8122,0.030982971,locked_3seed_actual_param_count,"2024,2025,2026",93.76409697532654,,,,155.7890625,local_compact_echo_locked_3seed_mean,validation-locked production route; three matched seeds; one deferred held-out test per checkpoint,analysis_exp/source_snapshot_0721v1/compact_echo_true9_88cells.csv,,,Production route arm=true_compact_echo; MAPE was streamed during the 0717v2 completion.
TQNet,PEMS03,96,12,ok,0.05989682301878929,0.16076910495758057,,0.244738274528,721484,,,721484,2.752243042,logged_n_param,2026,197.3469,,2.3014,,,local_legacy_reproduction,validation-selected legacy run; test loss logged during training,note/results.csv,,,Held-out test MSE/MAE from the local legacy log; MAPE was not persisted.
CycleNet,PEMS03,96,12,ok,0.08074407279491425,0.19348108768463135,,0.284155015432,104268,,,104268,0.397750854,logged_n_param,2026,110.5173,,1.504,,,local_legacy_reproduction,validation-selected legacy run; test loss logged during training,note/results.csv,,,Held-out test MSE/MAE from the local legacy log; MAPE was not persisted.
FITS,PEMS03,96,12,ok,0.12001078575849533,0.23020026087760925,,0.346425729065,675,,,1350,0.005149841,logged_n_param,2026,214.3765,,3.1499,,,local_legacy_reproduction,validation-selected legacy run; test loss logged during training,note/results.csv,,,Held-out test MSE/MAE from the local legacy log; MAPE was not persisted.
SparseTSF,PEMS03,96,12,ok,0.15972057631346895,0.2810597796548598,2.056414490592488,0.399650567763,21,,,21,0.000080109,0716v2_audited_param_count,2026,63.04183340072632,,2.233034133911133,0.09663696249459032,95.08935546875,local_completion_strict,validation-selected checkpoint; one deferred held-out test; sample-weighted streaming metrics,outputs/completion_0716v2/COMPLETION_MATRIX_0716V2_RESULTS.csv,,,0716v2 missing-cell completion; MAPE computed with the locked historical no-epsilon definition.
FreTS,PEMS03,96,12,ok,0.0805475115776062,0.18980887532234192,,0.283808934986,3215244,,,3215244,12.265182495,logged_n_param,2026,840.4968,,4.4501,,,local_legacy_reproduction,validation-selected legacy run; test loss logged during training,note/results.csv,,,Held-out test MSE/MAE from the local legacy log; MAPE was not persisted.
FilterNet,PEMS03,96,12,ok,0.06746017187833786,0.17250944674015045,,0.259730960569,587992,,,587992,2.243011475,logged_n_param,2026,529.4705,,9.6961,,,local_legacy_reproduction,validation-selected legacy run; test loss logged during training,note/results.csv,,,Held-out test MSE/MAE from the local legacy log; MAPE was not persisted.
iTransformer,PEMS03,96,12,ok,0.06709934771060944,0.17141462862491608,,0.259035417869,4790796,,,4790796,18.275436401,logged_n_param,2026,465.9879,,4.0616,,,local_legacy_reproduction,validation-selected legacy run; test loss logged during training,note/results.csv,,,Held-out test MSE/MAE from the local legacy log; MAPE was not persisted.
PatchTST,PEMS03,96,12,ok,0.08683314174413681,0.19565826654434204,,0.29467463709,419596,,,419596,1.600631714,logged_n_param,2026,866.0335,,4.868,,,local_legacy_reproduction,validation-selected legacy run; test loss logged during training,note/results.csv,,,Held-out test MSE/MAE from the local legacy log; MAPE was not persisted.
DLinear,PEMS03,96,12,ok,0.10339632630348206,0.21670156717300415,,0.321552991439,2328,,,2328,0.008880615,logged_n_param,2026,126.9701,,2.1098,,,local_legacy_reproduction,validation-selected legacy run; test loss logged during training,note/results.csv,,,Held-out test MSE/MAE from the local legacy log; MAPE was not persisted.
MixLinear,PEMS03,96,12,ok,0.18540608882904053,0.296534925699234,,0.430588073255,31,,,43,0.000164032,logged_n_param,2026,103.3497,,1.8169,,,local_legacy_reproduction,validation-selected legacy run; test loss logged during training,note/results.csv,,,Held-out test MSE/MAE from the local legacy log; MAPE was not persisted.
PhaseFormer,PEMS03,96,12,ok,0.09807339428777577,0.20850360885285268,1.7299961989150252,0.313166719636,2897,,,2897,0.011051178,0716v2_audited_param_count,2021,561.2573039531708,,3.986931085586548,0.24590937333469978,52.37353515625,local_completion_strict,validation-selected checkpoint; one deferred held-out test; sample-weighted streaming metrics,outputs/completion_0716v2/COMPLETION_MATRIX_0716V2_RESULTS.csv,,,0716v2 missing-cell completion; MAPE computed with the locked historical no-epsilon definition.
FreqCycle,PEMS03,96,12,ok,0.06764451171706107,0.17311358325323056,1.4073458832075345,0.26008558537,131424,117460,13964,131424,0.501342773,0716v2_audited_param_count,2026,205.6318485736847,,2.727637767791748,0.11412848326258261,94.1875,local_completion_strict,validation-selected checkpoint; one deferred held-out test; sample-weighted streaming metrics,outputs/completion_0716v2/COMPLETION_MATRIX_0716V2_RESULTS.csv,,,0716v2 missing-cell completion; MAPE computed with the locked historical no-epsilon definition.
Compact + Echo,PEMS03,96,24,ok,0.09370700360347142,0.20861309785904053,1.647065348746153,0.306115996974,8506,,,8506,0.032447815,locked_3seed_actual_param_count,"2024,2025,2026",99.7260193824768,,,,176.80224609375,local_compact_echo_locked_3seed_mean,validation-locked production route; three matched seeds; one deferred held-out test per checkpoint,analysis_exp/source_snapshot_0721v1/compact_echo_true9_88cells.csv,,,Production route arm=true_compact_echo; MAPE was streamed during the 0717v2 completion.
TQNet,PEMS03,96,24,ok,0.0763738602399826,0.18203113973140717,,0.27635821001,727640,,,727640,2.775726318,logged_n_param,2026,214.3913,,2.4736,,,local_legacy_reproduction,validation-selected legacy run; test loss logged during training,note/results.csv,,,Held-out test MSE/MAE from the local legacy log; MAPE was not persisted.
CycleNet,PEMS03,96,24,ok,0.1248183622956276,0.24172361195087433,,0.353296422704,105432,,,105432,0.402191162,logged_n_param,2026,150.5696,,1.7255,,,local_legacy_reproduction,validation-selected legacy run; test loss logged during training,note/results.csv,,,Held-out test MSE/MAE from the local legacy log; MAPE was not persisted.
FITS,PEMS03,96,24,ok,0.2394111454486847,0.32832077145576477,,0.489296582298,750,,,1500,0.005722046,logged_n_param,2026,235.2471,,3.5256,,,local_legacy_reproduction,validation-selected legacy run; test loss logged during training,note/results.csv,,,Held-out test MSE/MAE from the local legacy log; MAPE was not persisted.
SparseTSF,PEMS03,96,24,ok,0.32168424129486084,0.4231143593788147,,0.567172144322,29,,,29,0.000110626,logged_n_param,2026,130.0874,,1.7795,,,local_legacy_reproduction,validation-selected legacy run; test loss logged during training,note/results.csv,,,Held-out test MSE/MAE from the local legacy log; MAPE was not persisted.
FreTS,PEMS03,96,24,ok,0.12233417481184006,0.2359355092048645,,0.349763026651,3218328,,,3218328,12.276947021,logged_n_param,2026,856.4916,,4.7688,,,local_legacy_reproduction,validation-selected legacy run; test loss logged during training,note/results.csv,,,Held-out test MSE/MAE from the local legacy log; MAPE was not persisted.
FilterNet,PEMS03,96,24,ok,0.09543900191783905,0.20446136593818665,,0.308932034464,594148,,,594148,2.266494751,logged_n_param,2026,539.0859,,10.0904,,,local_legacy_reproduction,validation-selected legacy run; test loss logged during training,note/results.csv,,,Held-out test MSE/MAE from the local legacy log; MAPE was not persisted.
iTransformer,PEMS03,96,24,ok,0.0927206501364708,0.20231454074382782,,0.304500657038,4796952,,,4796952,18.298919678,logged_n_param,2026,481.9177,,4.3442,,,local_legacy_reproduction,validation-selected legacy run; test loss logged during training,note/results.csv,,,Held-out test MSE/MAE from the local legacy log; MAPE was not persisted.
PatchTST,PEMS03,96,24,ok,0.1391206979751587,0.24961921572685242,,0.372988871114,438040,,,438040,1.670989990,logged_n_param,2026,874.7711,,5.0319,,,local_legacy_reproduction,validation-selected legacy run; test loss logged during training,note/results.csv,,,Held-out test MSE/MAE from the local legacy log; MAPE was not persisted.
DLinear,PEMS03,96,24,ok,0.18015779554843903,0.29369163513183594,,0.424449991811,4656,,,4656,0.017761230,logged_n_param,2026,175.1925,,2.4533,,,local_legacy_reproduction,validation-selected legacy run; test loss logged during training,note/results.csv,,,Held-out test MSE/MAE from the local legacy log; MAPE was not persisted.
MixLinear,PEMS03,96,24,ok,0.3241387605667114,0.3972198963165283,,0.569331854516,39,,,53,0.000202179,logged_n_param,2026,171.1982,,2.218,,,local_legacy_reproduction,validation-selected legacy run; test loss logged during training,note/results.csv,,,Held-out test MSE/MAE from the local legacy log; MAPE was not persisted.
PhaseFormer,PEMS03,96,24,ok,0.16621950458770202,0.2714748702541643,2.3187352397726344,0.407700263169,2906,,,2906,0.011085510,0716v2_audited_param_count,2021,564.2300226688385,,3.9581069946289062,0.2428532875046254,53.02880859375,local_completion_strict,validation-selected checkpoint; one deferred held-out test; sample-weighted streaming metrics,outputs/completion_0716v2/COMPLETION_MATRIX_0716V2_RESULTS.csv,,,0716v2 missing-cell completion; MAPE computed with the locked historical no-epsilon definition.
FreqCycle,PEMS03,96,24,ok,0.09697372788782094,0.20802819837307301,1.6716296540867726,0.311406049857,134520,119008,15512,134520,0.513153076,0716v2_audited_param_count,2026,212.26402187347412,,2.952075481414795,0.1237734989111407,95.51220703125,local_completion_strict,validation-selected checkpoint; one deferred held-out test; sample-weighted streaming metrics,outputs/completion_0716v2/COMPLETION_MATRIX_0716V2_RESULTS.csv,,,0716v2 missing-cell completion; MAPE computed with the locked historical no-epsilon definition.
Compact + Echo,PEMS03,96,48,ok,0.13882099086656102,0.24522875917631637,1.9126704590030783,0.372586890358,9274,,,9274,0.035377502,locked_3seed_actual_param_count,"2024,2025,2026",114.22244064013164,,,,236.08056640625,local_compact_echo_locked_3seed_mean,validation-locked production route; three matched seeds; one deferred held-out test per checkpoint,analysis_exp/source_snapshot_0721v1/compact_echo_true9_88cells.csv,,,Production route arm=true_compact_echo; MAPE was streamed during the 0717v2 completion.
TQNet,PEMS03,96,48,ok,0.10813553631305695,0.21567097306251526,,0.32883968178,739952,,,739952,2.822692871,logged_n_param,2026,248.2977,,2.9628,,,local_legacy_reproduction,validation-selected legacy run; test loss logged during training,note/results.csv,,,Held-out test MSE/MAE from the local legacy log; MAPE was not persisted.
CycleNet,PEMS03,96,48,ok,0.20829887688159943,0.31712162494659424,,0.456397717875,107760,,,107760,0.411071777,logged_n_param,2026,137.3976,,2.1061,,,local_legacy_reproduction,validation-selected legacy run; test loss logged during training,note/results.csv,,,Held-out test MSE/MAE from the local legacy log; MAPE was not persisted.
FITS,PEMS03,96,48,ok,0.5470492839813232,0.5254224538803101,,0.739627800979,900,,,1800,0.006866455,logged_n_param,2026,273.9155,,4.1895,,,local_legacy_reproduction,validation-selected legacy run; test loss logged during training,note/results.csv,,,Held-out test MSE/MAE from the local legacy log; MAPE was not persisted.
SparseTSF,PEMS03,96,48,ok,0.44370871782302856,0.5104646682739258,,0.666114643153,33,,,33,0.000125885,logged_n_param,2026,242.176,,2.348,,,local_legacy_reproduction,validation-selected legacy run; test loss logged during training,note/results.csv,,,Held-out test MSE/MAE from the local legacy log; MAPE was not persisted.
FreTS,PEMS03,96,48,ok,0.19749866425991058,0.30530333518981934,,0.444408218038,3224496,,,3224496,12.300476074,logged_n_param,2026,822.9828,,5.111,,,local_legacy_reproduction,validation-selected legacy run; test loss logged during training,note/results.csv,,,Held-out test MSE/MAE from the local legacy log; MAPE was not persisted.
FilterNet,PEMS03,96,48,ok,0.14990073442459106,0.2607572078704834,,0.387170162105,606460,,,606460,2.313461304,logged_n_param,2026,564.3364,,10.6883,,,local_legacy_reproduction,validation-selected legacy run; test loss logged during training,note/results.csv,,,Held-out test MSE/MAE from the local legacy log; MAPE was not persisted.
iTransformer,PEMS03,96,48,ok,0.14899951219558716,0.25836747884750366,,0.386004549449,4809264,,,4809264,18.345886230,logged_n_param,2026,511.1206,,4.6355,,,local_legacy_reproduction,validation-selected legacy run; test loss logged during training,note/results.csv,,,Held-out test MSE/MAE from the local legacy log; MAPE was not persisted.
PatchTST,PEMS03,96,48,ok,0.25270646810531616,0.3436179459095001,,0.502699182519,474928,,,474928,1.811706543,logged_n_param,2026,904.8214,,5.4493,,,local_legacy_reproduction,validation-selected legacy run; test loss logged during training,note/results.csv,,,Held-out test MSE/MAE from the local legacy log; MAPE was not persisted.
DLinear,PEMS03,96,48,ok,0.3180282711982727,0.4098265767097473,,0.56393995354,9312,,,9312,0.035522461,logged_n_param,2026,163.8997,,2.8723,,,local_legacy_reproduction,validation-selected legacy run; test loss logged during training,note/results.csv,,,Held-out test MSE/MAE from the local legacy log; MAPE was not persisted.
MixLinear,PEMS03,96,48,ok,0.6500186324119568,0.5855863094329834,,0.806237330078,43,,,61,0.000232697,logged_n_param,2026,166.2878,,2.3555,,,local_legacy_reproduction,validation-selected legacy run; test loss logged during training,note/results.csv,,,Held-out test MSE/MAE from the local legacy log; MAPE was not persisted.
PhaseFormer,PEMS03,96,48,ok,0.32492625363244354,0.39143672466808965,2.9521515883460787,0.570023029037,2924,,,2924,0.011154175,0716v2_audited_param_count,2021,576.5804996490479,,3.6256561279296875,0.23249521959841274,54.341796875,local_completion_strict,validation-selected checkpoint; one deferred held-out test; sample-weighted streaming metrics,outputs/completion_0716v2/COMPLETION_MATRIX_0716V2_RESULTS.csv,,,0716v2 missing-cell completion; MAPE computed with the locked historical no-epsilon definition.
FreqCycle,PEMS03,96,48,ok,0.15882029791845115,0.2674038272639127,1.9644543003440949,0.398522644173,140712,122104,18608,140712,0.536773682,0716v2_audited_param_count,2026,224.91848754882812,,3.2405755519866943,0.11244579890730705,99.103515625,local_completion_strict,validation-selected checkpoint; one deferred held-out test; sample-weighted streaming metrics,outputs/completion_0716v2/COMPLETION_MATRIX_0716V2_RESULTS.csv,,,0716v2 missing-cell completion; MAPE computed with the locked historical no-epsilon definition.
Compact + Echo,PEMS03,96,96,ok,0.18478179329999736,0.2786528187701882,2.1894288616822775,0.429862528374,10810,,,10810,0.041236877,locked_3seed_actual_param_count,"2024,2025,2026",156.38406038284302,,,,373.57177734375,local_compact_echo_locked_3seed_mean,validation-locked production route; three matched seeds; one deferred held-out test per checkpoint,analysis_exp/source_snapshot_0721v1/compact_echo_true9_88cells.csv,,,Production route arm=true_compact_echo; MAPE was streamed during the 0717v2 completion.
TQNet,PEMS03,96,96,ok,0.14159342646598816,0.25235241651535034,,0.376289019858,764576,,,764576,2.916625977,logged_n_param,2026,313.7458,,3.86,,,local_legacy_reproduction,validation-selected legacy run; test loss logged during training,note/results.csv,,,Held-out test MSE/MAE from the local legacy log; MAPE was not persisted.
CycleNet,PEMS03,96,96,ok,0.29904142022132874,0.3845345675945282,,0.546846797761,112416,,,112416,0.428833008,logged_n_param,2026,262.9609,,2.5921,,,local_legacy_reproduction,validation-selected legacy run; test loss logged during training,note/results.csv,,,Held-out test MSE/MAE from the local legacy log; MAPE was not persisted.
FITS,PEMS03,96,96,ok,1.0679467916488647,0.7935665845870972,,1.033415111,1200,,,2400,0.009155273,logged_n_param,2026,343.4979,,5.0245,,,local_legacy_reproduction,validation-selected legacy run; test loss logged during training,note/results.csv,,,Held-out test MSE/MAE from the local legacy log; MAPE was not persisted.
SparseTSF,PEMS03,96,96,ok,0.5239710211753845,0.5648054480552673,,0.723858426196,41,,,41,0.000156403,logged_n_param,2026,122.2641,,3.1973,,,local_legacy_reproduction,validation-selected legacy run; test loss logged during training,note/results.csv,,,Held-out test MSE/MAE from the local legacy log; MAPE was not persisted.
FreTS,PEMS03,96,96,ok,0.2653208076953888,0.3648478090763092,,0.515093008781,3236832,,,3236832,12.347534180,logged_n_param,2026,897.7743,,5.9032,,,local_legacy_reproduction,validation-selected legacy run; test loss logged during training,note/results.csv,,,Held-out test MSE/MAE from the local legacy log; MAPE was not persisted.
FilterNet,PEMS03,96,96,ok,0.23060376942157745,0.32765302062034607,,0.480212212903,631084,,,631084,2.407394409,logged_n_param,2026,607.1523,,11.5734,,,local_legacy_reproduction,validation-selected legacy run; test loss logged during training,note/results.csv,,,Held-out test MSE/MAE from the local legacy log; MAPE was not persisted.
iTransformer,PEMS03,96,96,ok,0.22716641426086426,0.3274228274822235,,0.476619779553,4833888,,,4833888,18.439819336,logged_n_param,2026,520.6239,,5.5927,,,local_legacy_reproduction,validation-selected legacy run; test loss logged during training,note/results.csv,,,Held-out test MSE/MAE from the local legacy log; MAPE was not persisted.
PatchTST,PEMS03,96,96,ok,0.43325722217559814,0.4702683389186859,,0.658222775491,548704,,,548704,2.093139648,logged_n_param,2026,951.5564,,6.1934,,,local_legacy_reproduction,validation-selected legacy run; test loss logged during training,note/results.csv,,,Held-out test MSE/MAE from the local legacy log; MAPE was not persisted.
DLinear,PEMS03,96,96,ok,0.4540484845638275,0.5092261433601379,,0.673831198865,18624,,,18624,0.071044922,logged_n_param,2026,120.2211,,3.6161,,,local_legacy_reproduction,validation-selected legacy run; test loss logged during training,note/results.csv,,,Held-out test MSE/MAE from the local legacy log; MAPE was not persisted.
MixLinear,PEMS03,96,96,ok,1.1865453720092773,0.8464546799659729,,1.08928663446,57,,,83,0.000316620,logged_n_param,2026,236.3463,,3.6562,,,local_legacy_reproduction,validation-selected legacy run; test loss logged during training,note/results.csv,,,Held-out test MSE/MAE from the local legacy log; MAPE was not persisted.
PhaseFormer,PEMS03,96,96,ok,0.5515327796224846,0.5252846340629886,3.040873156180632,0.742652529533,2960,,,2960,0.011291504,0716v2_audited_param_count,2021,596.3155190944672,,4.097014904022217,0.2319372132032519,56.96826171875,local_completion_strict,validation-selected checkpoint; one deferred held-out test; sample-weighted streaming metrics,outputs/completion_0716v2/COMPLETION_MATRIX_0716V2_RESULTS.csv,,,0716v2 missing-cell completion; MAPE computed with the locked historical no-epsilon definition.
FreqCycle,PEMS03,96,96,ok,0.251073853313313,0.3421638703557273,2.0970275485439753,0.501072702622,153096,128296,24800,153096,0.584014893,0716v2_audited_param_count,2026,260.4369742870331,,2.652966260910034,0.07791771289497597,104.375,local_completion_strict,validation-selected checkpoint; one deferred held-out test; sample-weighted streaming metrics,outputs/completion_0716v2/COMPLETION_MATRIX_0716V2_RESULTS.csv,,,0716v2 missing-cell completion; MAPE computed with the locked historical no-epsilon definition.
Compact + Echo,PEMS04,96,12,ok,0.08806900410423699,0.19964866284837596,1.378286790255237,0.296764223087,7714,,,7714,0.029426575,locked_3seed_actual_param_count,"2024,2025,2026",61.592547496159874,,,,136.70556640625,local_compact_echo_locked_3seed_mean,validation-locked production route; three matched seeds; one deferred held-out test per checkpoint,analysis_exp/source_snapshot_0721v1/compact_echo_true9_88cells.csv,,,Production route arm=true_compact_echo; MAPE was streamed during the 0717v2 completion.
TQNet,PEMS04,96,12,ok,0.06787731498479843,0.16881413757801056,,0.26053275223,706796,,,706796,2.696212769,logged_n_param,2026,129.0908,,1.7004,,,local_legacy_reproduction,validation-selected legacy run; test loss logged during training,note/results.csv,,,Held-out test MSE/MAE from the local legacy log; MAPE was not persisted.
CycleNet,PEMS04,96,12,ok,0.0934174656867981,0.20889517664909363,,0.305642709199,89580,,,89580,0.341720581,logged_n_param,2026,90.1863,,1.2024,,,local_legacy_reproduction,validation-selected legacy run; test loss logged during training,note/results.csv,,,Held-out test MSE/MAE from the local legacy log; MAPE was not persisted.
FITS,PEMS04,96,12,ok,0.13351035118103027,0.24610035121440887,,0.365390682942,675,,,1350,0.005149841,logged_n_param,2026,133.9327,,2.1458,,,local_legacy_reproduction,validation-selected legacy run; test loss logged during training,note/results.csv,,,Held-out test MSE/MAE from the local legacy log; MAPE was not persisted.
SparseTSF,PEMS04,96,12,ok,0.16794539485762192,0.2892021122582127,1.9418744327278643,0.409811413772,21,,,21,0.000080109,0716v2_audited_param_count,2026,58.33806109428406,,2.5262300968170166,0.26178748118915246,86.12451171875,local_completion_strict,validation-selected checkpoint; one deferred held-out test; sample-weighted streaming metrics,outputs/completion_0716v2/COMPLETION_MATRIX_0716V2_RESULTS.csv,,,0716v2 missing-cell completion; MAPE computed with the locked historical no-epsilon definition.
FreTS,PEMS04,96,12,ok,0.09576735645532608,0.20692798495292664,,0.309463013065,3215244,,,3215244,12.265182495,logged_n_param,2026,479.8124,,2.6394,,,local_legacy_reproduction,validation-selected legacy run; test loss logged during training,note/results.csv,,,Held-out test MSE/MAE from the local legacy log; MAPE was not persisted.
FilterNet,PEMS04,96,12,ok,0.0775541439652443,0.1835460215806961,,0.278485446595,587890,,,587890,2.242622375,logged_n_param,2026,354.2788,,6.3696,,,local_legacy_reproduction,validation-selected legacy run; test loss logged during training,note/results.csv,,,Held-out test MSE/MAE from the local legacy log; MAPE was not persisted.
iTransformer,PEMS04,96,12,ok,0.08466869592666626,0.18856604397296906,,0.290978858213,4790796,,,4790796,18.275436401,logged_n_param,2026,212.5746,,2.6196,,,local_legacy_reproduction,validation-selected legacy run; test loss logged during training,note/results.csv,,,Held-out test MSE/MAE from the local legacy log; MAPE was not persisted.
PatchTST,PEMS04,96,12,ok,0.10087845474481583,0.20962141454219818,,0.317613687905,419596,,,419596,1.600631714,logged_n_param,2026,1601.6208,,3.0134,,,local_legacy_reproduction,validation-selected legacy run; test loss logged during training,note/results.csv,,,Held-out test MSE/MAE from the local legacy log; MAPE was not persisted.
DLinear,PEMS04,96,12,ok,0.11387927830219269,0.22800074517726898,,0.337460039563,2328,,,2328,0.008880615,logged_n_param,2026,71.7374,,1.6892,,,local_legacy_reproduction,validation-selected legacy run; test loss logged during training,note/results.csv,,,Held-out test MSE/MAE from the local legacy log; MAPE was not persisted.
MixLinear,PEMS04,96,12,ok,0.19666960835456848,0.31276872754096985,,0.443474473171,31,,,43,0.000164032,logged_n_param,2026,43.616,,1.323,,,local_legacy_reproduction,validation-selected legacy run; test loss logged during training,note/results.csv,,,Held-out test MSE/MAE from the local legacy log; MAPE was not persisted.
PhaseFormer,PEMS04,96,12,ok,0.11646454387765852,0.2291748671645306,1.7328706629678299,0.341269019804,2897,,,2897,0.011051178,0716v2_audited_param_count,2021,365.2934808731079,,2.9787588119506836,0.27673134085583956,49.41650390625,local_completion_strict,validation-selected checkpoint; one deferred held-out test; sample-weighted streaming metrics,outputs/completion_0716v2/COMPLETION_MATRIX_0716V2_RESULTS.csv,,,0716v2 missing-cell completion; MAPE computed with the locked historical no-epsilon definition.
FreqCycle,PEMS04,96,12,ok,0.07952950700001492,0.18650122081265819,1.4091492549562321,0.282009764015,116736,102772,13964,116736,0.445312500,0716v2_audited_param_count,2026,137.3294870853424,,2.341574192047119,0.16093597911542448,84.60400390625,local_completion_strict,validation-selected checkpoint; one deferred held-out test; sample-weighted streaming metrics,outputs/completion_0716v2/COMPLETION_MATRIX_0716V2_RESULTS.csv,,,0716v2 missing-cell completion; MAPE computed with the locked historical no-epsilon definition.
Compact + Echo,PEMS04,96,24,ok,0.11484821211997356,0.2309019387313848,1.582356973744936,0.33889262624,8098,,,8098,0.030891418,locked_3seed_actual_param_count,"2024,2025,2026",67.70222473144531,,,,154.73046875,local_compact_echo_locked_3seed_mean,validation-locked production route; three matched seeds; one deferred held-out test per checkpoint,analysis_exp/source_snapshot_0721v1/compact_echo_true9_88cells.csv,,,Production route arm=true_compact_echo; MAPE was streamed during the 0717v2 completion.
TQNet,PEMS04,96,24,ok,0.07915566116571426,0.18397538363933563,,0.281346158967,712952,,,712952,2.719696045,logged_n_param,2026,140.2327,,1.8345,,,local_legacy_reproduction,validation-selected legacy run; test loss logged during training,note/results.csv,,,Held-out test MSE/MAE from the local legacy log; MAPE was not persisted.
CycleNet,PEMS04,96,24,ok,0.1301552653312683,0.25063058733940125,,0.360770377569,90744,,,90744,0.346160889,logged_n_param,2026,101.5621,,1.2415,,,local_legacy_reproduction,validation-selected legacy run; test loss logged during training,note/results.csv,,,Held-out test MSE/MAE from the local legacy log; MAPE was not persisted.
FITS,PEMS04,96,24,ok,0.2548922300338745,0.3466920554637909,,0.504868527474,750,,,1500,0.005722046,logged_n_param,2026,147.1191,,2.3158,,,local_legacy_reproduction,validation-selected legacy run; test loss logged during training,note/results.csv,,,Held-out test MSE/MAE from the local legacy log; MAPE was not persisted.
SparseTSF,PEMS04,96,24,ok,0.3238491415977478,0.42312511801719666,,0.569077447803,29,,,29,0.000110626,logged_n_param,2026,117.167,,1.5544,,,local_legacy_reproduction,validation-selected legacy run; test loss logged during training,note/results.csv,,,Held-out test MSE/MAE from the local legacy log; MAPE was not persisted.
FreTS,PEMS04,96,24,ok,0.1436293125152588,0.2597993314266205,,0.378984580841,3218328,,,3218328,12.276947021,logged_n_param,2026,390.0409,,2.9067,,,local_legacy_reproduction,validation-selected legacy run; test loss logged during training,note/results.csv,,,Held-out test MSE/MAE from the local legacy log; MAPE was not persisted.
FilterNet,PEMS04,96,24,ok,0.09704479575157166,0.20921590924263,,0.311520136992,594046,,,594046,2.266105652,logged_n_param,2026,359.5011,,6.9075,,,local_legacy_reproduction,validation-selected legacy run; test loss logged during training,note/results.csv,,,Held-out test MSE/MAE from the local legacy log; MAPE was not persisted.
iTransformer,PEMS04,96,24,ok,0.11598598212003708,0.2228662222623825,,0.34056714774,4796952,,,4796952,18.298919678,logged_n_param,2026,209.2053,,2.8176,,,local_legacy_reproduction,validation-selected legacy run; test loss logged during training,note/results.csv,,,Held-out test MSE/MAE from the local legacy log; MAPE was not persisted.
PatchTST,PEMS04,96,24,ok,0.16110190749168396,0.26760709285736084,,0.401375021011,438040,,,438040,1.670989990,logged_n_param,2026,1626.3568,,3.1916,,,local_legacy_reproduction,validation-selected legacy run; test loss logged during training,note/results.csv,,,Held-out test MSE/MAE from the local legacy log; MAPE was not persisted.
DLinear,PEMS04,96,24,ok,0.18767514824867249,0.30062201619148254,,0.433214898461,4656,,,4656,0.017761230,logged_n_param,2026,49.1377,,1.5621,,,local_legacy_reproduction,validation-selected legacy run; test loss logged during training,note/results.csv,,,Held-out test MSE/MAE from the local legacy log; MAPE was not persisted.
MixLinear,PEMS04,96,24,ok,0.3362785279750824,0.41453322768211365,,0.579895273282,39,,,53,0.000202179,logged_n_param,2026,72.7285,,1.4162,,,local_legacy_reproduction,validation-selected legacy run; test loss logged during training,note/results.csv,,,Held-out test MSE/MAE from the local legacy log; MAPE was not persisted.
PhaseFormer,PEMS04,96,24,ok,0.1984203423921864,0.3030454502358161,2.419924560774948,0.44544398345,2906,,,2906,0.011085510,0716v2_audited_param_count,2021,365.3724629878998,,3.011397361755371,0.2686533970344398,49.97900390625,local_completion_strict,validation-selected checkpoint; one deferred held-out test; sample-weighted streaming metrics,outputs/completion_0716v2/COMPLETION_MATRIX_0716V2_RESULTS.csv,,,0716v2 missing-cell completion; MAPE computed with the locked historical no-epsilon definition.
FreqCycle,PEMS04,96,24,ok,0.10832855631636436,0.22077236067104697,1.6616172763469357,0.329133037412,119832,104320,15512,119832,0.457122803,0716v2_audited_param_count,2026,138.8291289806366,,2.630483627319336,0.18029221450840985,85.74072265625,local_completion_strict,validation-selected checkpoint; one deferred held-out test; sample-weighted streaming metrics,outputs/completion_0716v2/COMPLETION_MATRIX_0716V2_RESULTS.csv,,,0716v2 missing-cell completion; MAPE computed with the locked historical no-epsilon definition.
Compact + Echo,PEMS04,96,48,ok,0.14733540860692018,0.2609841786164911,1.7416323194943992,0.383842947841,8866,,,8866,0.033821106,locked_3seed_actual_param_count,"2024,2025,2026",74.35704644521077,,,,205.6416015625,local_compact_echo_locked_3seed_mean,validation-locked production route; three matched seeds; one deferred held-out test per checkpoint,analysis_exp/source_snapshot_0721v1/compact_echo_true9_88cells.csv,,,Production route arm=true_compact_echo; MAPE was streamed during the 0717v2 completion.
TQNet,PEMS04,96,48,ok,0.09853562712669373,0.2092662751674652,,0.31390385013,725264,,,725264,2.766662598,logged_n_param,2026,138.6781,,1.855,,,local_legacy_reproduction,validation-selected legacy run; test loss logged during training,note/results.csv,,,Held-out test MSE/MAE from the local legacy log; MAPE was not persisted.
CycleNet,PEMS04,96,48,ok,0.19622166454792023,0.3148329257965088,,0.442969146271,93072,,,93072,0.355041504,logged_n_param,2026,120.0508,,1.4589,,,local_legacy_reproduction,validation-selected legacy run; test loss logged during training,note/results.csv,,,Held-out test MSE/MAE from the local legacy log; MAPE was not persisted.
FITS,PEMS04,96,48,ok,0.5758996605873108,0.5464926958084106,,0.758880531169,900,,,1800,0.006866455,logged_n_param,2026,164.0373,,2.6203,,,local_legacy_reproduction,validation-selected legacy run; test loss logged during training,note/results.csv,,,Held-out test MSE/MAE from the local legacy log; MAPE was not persisted.
SparseTSF,PEMS04,96,48,ok,0.4447318911552429,0.5038568377494812,,0.666882216853,33,,,33,0.000125885,logged_n_param,2026,139.1746,,1.7815,,,local_legacy_reproduction,validation-selected legacy run; test loss logged during training,note/results.csv,,,Held-out test MSE/MAE from the local legacy log; MAPE was not persisted.
FreTS,PEMS04,96,48,ok,0.22439295053482056,0.330071359872818,,0.473701330518,3224496,,,3224496,12.300476074,logged_n_param,2026,336.0176,,2.9821,,,local_legacy_reproduction,validation-selected legacy run; test loss logged during training,note/results.csv,,,Held-out test MSE/MAE from the local legacy log; MAPE was not persisted.
FilterNet,PEMS04,96,48,ok,0.13598473370075226,0.254036545753479,,0.368761079428,606358,,,606358,2.313072205,logged_n_param,2026,370.2072,,7.0982,,,local_legacy_reproduction,validation-selected legacy run; test loss logged during training,note/results.csv,,,Held-out test MSE/MAE from the local legacy log; MAPE was not persisted.
iTransformer,PEMS04,96,48,ok,0.17713943123817444,0.28037357330322266,,0.42087935473,4809264,,,4809264,18.345886230,logged_n_param,2026,302.4134,,2.962,,,local_legacy_reproduction,validation-selected legacy run; test loss logged during training,note/results.csv,,,Held-out test MSE/MAE from the local legacy log; MAPE was not persisted.
PatchTST,PEMS04,96,48,ok,0.29633593559265137,0.3720419406890869,,0.544367463753,474928,,,474928,1.811706543,logged_n_param,2026,1686.6381,,3.3137,,,local_legacy_reproduction,validation-selected legacy run; test loss logged during training,note/results.csv,,,Held-out test MSE/MAE from the local legacy log; MAPE was not persisted.
DLinear,PEMS04,96,48,ok,0.3183562755584717,0.4052181839942932,,0.564230693563,9312,,,9312,0.035522461,logged_n_param,2026,64.8417,,1.9162,,,local_legacy_reproduction,validation-selected legacy run; test loss logged during training,note/results.csv,,,Held-out test MSE/MAE from the local legacy log; MAPE was not persisted.
MixLinear,PEMS04,96,48,ok,0.6750228404998779,0.6085198521614075,,0.821597736426,43,,,61,0.000232697,logged_n_param,2026,80.6101,,1.7788,,,local_legacy_reproduction,validation-selected legacy run; test loss logged during training,note/results.csv,,,Held-out test MSE/MAE from the local legacy log; MAPE was not persisted.
PhaseFormer,PEMS04,96,48,ok,0.39335275094380096,0.4377004548075518,3.332001370195222,0.627178404398,2924,,,2924,0.011154175,0716v2_audited_param_count,2021,377.8502802848816,,3.352893352508545,0.2899618515863201,51.10400390625,local_completion_strict,validation-selected checkpoint; one deferred held-out test; sample-weighted streaming metrics,outputs/completion_0716v2/COMPLETION_MATRIX_0716V2_RESULTS.csv,,,0716v2 missing-cell completion; MAPE computed with the locked historical no-epsilon definition.
FreqCycle,PEMS04,96,48,ok,0.1707029308599732,0.2812455652781018,1.9725775269017782,0.413162112082,126024,107416,18608,126024,0.480743408,0716v2_audited_param_count,2026,143.5295112133026,,2.2390503883361816,0.16091370683300144,88.01708984375,local_completion_strict,validation-selected checkpoint; one deferred held-out test; sample-weighted streaming metrics,outputs/completion_0716v2/COMPLETION_MATRIX_0716V2_RESULTS.csv,,,0716v2 missing-cell completion; MAPE computed with the locked historical no-epsilon definition.
Compact + Echo,PEMS04,96,96,ok,0.17677543557084663,0.28608108290083006,1.9014554467583287,0.420446709549,10402,,,10402,0.039680481,locked_3seed_actual_param_count,"2024,2025,2026",94.66971198717754,,,,321.8203125,local_compact_echo_locked_3seed_mean,validation-locked production route; three matched seeds; one deferred held-out test per checkpoint,analysis_exp/source_snapshot_0721v1/compact_echo_true9_88cells.csv,,,Production route arm=true_compact_echo; MAPE was streamed during the 0717v2 completion.
TQNet,PEMS04,96,96,ok,0.12302212417125702,0.23449435830116272,,0.350745098571,749888,,,749888,2.860595703,logged_n_param,2026,193.8645,,2.4745,,,local_legacy_reproduction,validation-selected legacy run; test loss logged during training,note/results.csv,,,Held-out test MSE/MAE from the local legacy log; MAPE was not persisted.
CycleNet,PEMS04,96,96,ok,0.2463838905096054,0.3627537190914154,,0.496370718828,97728,,,97728,0.372802734,logged_n_param,2026,157.9893,,2.0041,,,local_legacy_reproduction,validation-selected legacy run; test loss logged during training,note/results.csv,,,Held-out test MSE/MAE from the local legacy log; MAPE was not persisted.
FITS,PEMS04,96,96,ok,1.1731433868408203,0.8427734971046448,,1.08311743908,1200,,,2400,0.009155273,logged_n_param,2026,200.5709,,2.9844,,,local_legacy_reproduction,validation-selected legacy run; test loss logged during training,note/results.csv,,,Held-out test MSE/MAE from the local legacy log; MAPE was not persisted.
SparseTSF,PEMS04,96,96,ok,0.5069230198860168,0.5422043800354004,,0.711985266621,41,,,41,0.000156403,logged_n_param,2026,105.6863,,1.9912,,,local_legacy_reproduction,validation-selected legacy run; test loss logged during training,note/results.csv,,,Held-out test MSE/MAE from the local legacy log; MAPE was not persisted.
FreTS,PEMS04,96,96,ok,0.2890251576900482,0.38126495480537415,,0.537610600426,3236832,,,3236832,12.347534180,logged_n_param,2026,404.8494,,3.5728,,,local_legacy_reproduction,validation-selected legacy run; test loss logged during training,note/results.csv,,,Held-out test MSE/MAE from the local legacy log; MAPE was not persisted.
FilterNet,PEMS04,96,96,ok,0.2008068859577179,0.3148347735404968,,0.448114813366,630982,,,630982,2.407005310,logged_n_param,2026,391.2925,,7.6448,,,local_legacy_reproduction,validation-selected legacy run; test loss logged during training,note/results.csv,,,Held-out test MSE/MAE from the local legacy log; MAPE was not persisted.
iTransformer,PEMS04,96,96,ok,0.2728925347328186,0.35758110880851746,,0.522391170229,4833888,,,4833888,18.439819336,logged_n_param,2026,336.229,,3.412,,,local_legacy_reproduction,validation-selected legacy run; test loss logged during training,note/results.csv,,,Held-out test MSE/MAE from the local legacy log; MAPE was not persisted.
PatchTST,PEMS04,96,96,ok,0.5128247737884521,0.5083620548248291,,0.716117849092,548704,,,548704,2.093139648,logged_n_param,2026,1383.8005,,3.7472,,,local_legacy_reproduction,validation-selected legacy run; test loss logged during training,note/results.csv,,,Held-out test MSE/MAE from the local legacy log; MAPE was not persisted.
DLinear,PEMS04,96,96,ok,0.42406243085861206,0.48018306493759155,,0.651200760794,18624,,,18624,0.071044922,logged_n_param,2026,105.2509,,2.3121,,,local_legacy_reproduction,validation-selected legacy run; test loss logged during training,note/results.csv,,,Held-out test MSE/MAE from the local legacy log; MAPE was not persisted.
MixLinear,PEMS04,96,96,ok,1.267011046409607,0.887286365032196,,1.12561585206,57,,,83,0.000316620,logged_n_param,2026,117.1966,,1.9981,,,local_legacy_reproduction,validation-selected legacy run; test loss logged during training,note/results.csv,,,Held-out test MSE/MAE from the local legacy log; MAPE was not persisted.
PhaseFormer,PEMS04,96,96,ok,0.6990224614870949,0.6044743216626377,3.7077181347845514,0.83607563144,2960,,,2960,0.011291504,0716v2_audited_param_count,2021,388.6517164707184,,2.7376415729522705,0.25728708536308026,53.35693359375,local_completion_strict,validation-selected checkpoint; one deferred held-out test; sample-weighted streaming metrics,outputs/completion_0716v2/COMPLETION_MATRIX_0716V2_RESULTS.csv,,,0716v2 missing-cell completion; MAPE computed with the locked historical no-epsilon definition.
FreqCycle,PEMS04,96,96,ok,0.26341813952530724,0.3608414491392328,2.3111784725898628,0.513242768605,138408,113608,24800,138408,0.527984619,0716v2_audited_param_count,2026,162.08426904678345,,2.4676716327667236,0.15348323138417744,92.78271484375,local_completion_strict,validation-selected checkpoint; one deferred held-out test; sample-weighted streaming metrics,outputs/completion_0716v2/COMPLETION_MATRIX_0716V2_RESULTS.csv,,,0716v2 missing-cell completion; MAPE computed with the locked historical no-epsilon definition.
Compact + Echo,PEMS07,96,12,ok,0.06831292999257803,0.17350168863131735,1.7251931378181078,0.261367423358,12322,,,12322,0.047004700,locked_3seed_actual_param_count,"2024,2025,2026",197.17821208635965,,,,332.47314453125,local_compact_echo_locked_3seed_mean,validation-locked production route; three matched seeds; one deferred held-out test per checkpoint,analysis_exp/source_snapshot_0721v1/compact_echo_true9_88cells.csv,,,Production route arm=true_compact_echo; MAPE was streamed during the 0717v2 completion.
TQNet,PEMS07,96,12,ok,0.051688890904188156,0.14501740038394928,,0.227351909832,872684,,,872684,3.329025269,logged_n_param,2026,399.3478,,3.6706,,,local_legacy_reproduction,validation-selected legacy run; test loss logged during training,note/results.csv,,,Held-out test MSE/MAE from the local legacy log; MAPE was not persisted.
CycleNet,PEMS07,96,12,ok,0.0765509158372879,0.1851307600736618,,0.276678361708,255468,,,255468,0.974533081,logged_n_param,2026,291.0379,,2.8662,,,local_legacy_reproduction,validation-selected legacy run; test loss logged during training,note/results.csv,,,Held-out test MSE/MAE from the local legacy log; MAPE was not persisted.
FITS,PEMS07,96,12,ok,0.11320488899946213,0.22700625658035278,,0.336459342268,675,,,1350,0.005149841,logged_n_param,2026,360.1879,,4.4987,,,local_legacy_reproduction,validation-selected legacy run; test loss logged during training,note/results.csv,,,Held-out test MSE/MAE from the local legacy log; MAPE was not persisted.
SparseTSF,PEMS07,96,12,ok,0.15947780266870185,0.2873712455340029,2.361509100275051,0.399346719867,21,,,21,0.000080109,0716v2_audited_param_count,2026,116.53357934951782,,3.1989314556121826,0.10030056696637113,189.20263671875,local_completion_strict,validation-selected checkpoint; one deferred held-out test; sample-weighted streaming metrics,outputs/completion_0716v2/COMPLETION_MATRIX_0716V2_RESULTS.csv,,,0716v2 missing-cell completion; MAPE computed with the locked historical no-epsilon definition.
FreTS,PEMS07,96,12,ok,0.07637016475200653,0.18303853273391724,,0.276351523882,3215244,,,3215244,12.265182495,logged_n_param,2026,2079.4295,,9.1778,,,local_legacy_reproduction,validation-selected legacy run; test loss logged during training,note/results.csv,,,Held-out test MSE/MAE from the local legacy log; MAPE was not persisted.
FilterNet,PEMS07,96,12,ok,0.06176598370075226,0.15998688340187073,,0.248527631664,589042,,,589042,2.247016907,logged_n_param,2026,644.3295,,11.402,,,local_legacy_reproduction,validation-selected legacy run; test loss logged during training,note/results.csv,,,Held-out test MSE/MAE from the local legacy log; MAPE was not persisted.
iTransformer,PEMS07,96,12,ok,0.06449693441390991,0.16244111955165863,,0.253962466546,4790796,,,4790796,18.275436401,logged_n_param,2026,703.6524,,7.4676,,,local_legacy_reproduction,validation-selected legacy run; test loss logged during training,note/results.csv,,,Held-out test MSE/MAE from the local legacy log; MAPE was not persisted.
PatchTST,PEMS07,96,12,ok,0.0815201997756958,0.18947811424732208,,0.285517424645,419596,,,419596,1.600631714,logged_n_param,2026,2101.6206,,10.4013,,,local_legacy_reproduction,validation-selected legacy run; test loss logged during training,note/results.csv,,,Held-out test MSE/MAE from the local legacy log; MAPE was not persisted.
DLinear,PEMS07,96,12,ok,0.09960801154375076,0.2138722985982895,,0.31560736928,2328,,,2328,0.008880615,logged_n_param,2026,178.0651,,3.2444,,,local_legacy_reproduction,validation-selected legacy run; test loss logged during training,note/results.csv,,,Held-out test MSE/MAE from the local legacy log; MAPE was not persisted.
MixLinear,PEMS07,96,12,ok,0.17938554286956787,0.2995176911354065,,0.423539304988,31,,,43,0.000164032,logged_n_param,2026,202.1556,,2.9339,,,local_legacy_reproduction,validation-selected legacy run; test loss logged during training,note/results.csv,,,Held-out test MSE/MAE from the local legacy log; MAPE was not persisted.
PhaseFormer,PEMS07,96,12,ok,0.08925219917087507,0.20030698341536238,1.9363901814178897,0.298751065556,2897,,,2897,0.011051178,0716v2_audited_param_count,2021,1191.2223646640778,,7.165423393249512,0.43310586296282505,57.61962890625,local_completion_strict,validation-selected checkpoint; one deferred held-out test; sample-weighted streaming metrics,outputs/completion_0716v2/COMPLETION_MATRIX_0716V2_RESULTS.csv,,,0716v2 missing-cell completion; MAPE computed with the locked historical no-epsilon definition.
FreqCycle,PEMS07,96,12,ok,0.06206769980922821,0.16140970143722155,1.5732167165454365,0.249133899358,282624,268660,13964,282624,1.078125000,0716v2_audited_param_count,2026,439.51518058776855,,4.277054309844971,0.15308071485362298,109.81298828125,local_completion_strict,validation-selected checkpoint; one deferred held-out test; sample-weighted streaming metrics,outputs/completion_0716v2/COMPLETION_MATRIX_0716V2_RESULTS.csv,,,0716v2 missing-cell completion; MAPE computed with the locked historical no-epsilon definition.
Compact + Echo,PEMS07,96,24,ok,0.09390762851204291,0.20329791629218644,1.9744683928108202,0.306443516022,12706,,,12706,0.048469543,locked_3seed_actual_param_count,"2024,2025,2026",217.6298488775889,,,,384.248046875,local_compact_echo_locked_3seed_mean,validation-locked production route; three matched seeds; one deferred held-out test per checkpoint,analysis_exp/source_snapshot_0721v1/compact_echo_true9_88cells.csv,,,Production route arm=true_compact_echo; MAPE was streamed during the 0717v2 completion.
TQNet,PEMS07,96,24,ok,0.0634087398648262,0.1610792726278305,,0.251810920861,878840,,,878840,3.352508545,logged_n_param,2026,442.6074,,4.2851,,,local_legacy_reproduction,validation-selected legacy run; test loss logged during training,note/results.csv,,,Held-out test MSE/MAE from the local legacy log; MAPE was not persisted.
CycleNet,PEMS07,96,24,ok,0.12224359065294266,0.23362086713314056,,0.349633509053,256632,,,256632,0.978973389,logged_n_param,2026,332.468,,3.2655,,,local_legacy_reproduction,validation-selected legacy run; test loss logged during training,note/results.csv,,,Held-out test MSE/MAE from the local legacy log; MAPE was not persisted.
FITS,PEMS07,96,24,ok,0.23571327328681946,0.33256444334983826,,0.485503113571,750,,,1500,0.005722046,logged_n_param,2026,408.9338,,5.0523,,,local_legacy_reproduction,validation-selected legacy run; test loss logged during training,note/results.csv,,,Held-out test MSE/MAE from the local legacy log; MAPE was not persisted.
SparseTSF,PEMS07,96,24,ok,0.3502029776573181,0.44837579131126404,,0.591779500876,29,,,29,0.000110626,logged_n_param,2026,555.2094,,3.4438,,,local_legacy_reproduction,validation-selected legacy run; test loss logged during training,note/results.csv,,,Held-out test MSE/MAE from the local legacy log; MAPE was not persisted.
FreTS,PEMS07,96,24,ok,0.12611083686351776,0.23794017732143402,,0.355120876412,3218328,,,3218328,12.276947021,logged_n_param,2026,1831.2454,,10.1501,,,local_legacy_reproduction,validation-selected legacy run; test loss logged during training,note/results.csv,,,Held-out test MSE/MAE from the local legacy log; MAPE was not persisted.
FilterNet,PEMS07,96,24,ok,0.08546534180641174,0.1886475384235382,,0.292344560077,595198,,,595198,2.270500183,logged_n_param,2026,672.6089,,13.1017,,,local_legacy_reproduction,validation-selected legacy run; test loss logged during training,note/results.csv,,,Held-out test MSE/MAE from the local legacy log; MAPE was not persisted.
iTransformer,PEMS07,96,24,ok,0.0899365022778511,0.19155141711235046,,0.29989415179,4796952,,,4796952,18.298919678,logged_n_param,2026,1177.8435,,7.9861,,,local_legacy_reproduction,validation-selected legacy run; test loss logged during training,note/results.csv,,,Held-out test MSE/MAE from the local legacy log; MAPE was not persisted.
PatchTST,PEMS07,96,24,ok,0.14177773892879486,0.25219690799713135,,0.376533848318,438040,,,438040,1.670989990,logged_n_param,2026,2147.7632,,11.1539,,,local_legacy_reproduction,validation-selected legacy run; test loss logged during training,note/results.csv,,,Held-out test MSE/MAE from the local legacy log; MAPE was not persisted.
DLinear,PEMS07,96,24,ok,0.18840716779232025,0.3001418709754944,,0.434058945067,4656,,,4656,0.017761230,logged_n_param,2026,222.5173,,3.6855,,,local_legacy_reproduction,validation-selected legacy run; test loss logged during training,note/results.csv,,,Held-out test MSE/MAE from the local legacy log; MAPE was not persisted.
MixLinear,PEMS07,96,24,ok,0.32710468769073486,0.4064851701259613,,0.571930666856,39,,,53,0.000202179,logged_n_param,2026,349.8873,,3.533,,,local_legacy_reproduction,validation-selected legacy run; test loss logged during training,note/results.csv,,,Held-out test MSE/MAE from the local legacy log; MAPE was not persisted.
PhaseFormer,PEMS07,96,24,ok,0.16186992343201576,0.2706927760627326,2.435009925472085,0.402330614585,2906,,,2906,0.011085510,0716v2_audited_param_count,2021,1219.061270236969,,7.218176364898682,0.4300388643904802,58.42822265625,local_completion_strict,validation-selected checkpoint; one deferred held-out test; sample-weighted streaming metrics,outputs/completion_0716v2/COMPLETION_MATRIX_0716V2_RESULTS.csv,,,0716v2 missing-cell completion; MAPE computed with the locked historical no-epsilon definition.
FreqCycle,PEMS07,96,24,ok,0.08844696366837541,0.19392885608758664,1.8396394658139754,0.297400342415,285720,270208,15512,285720,1.089935303,0716v2_audited_param_count,2026,452.48801708221436,,4.2930381298065186,0.15432895733657584,111.44189453125,local_completion_strict,validation-selected checkpoint; one deferred held-out test; sample-weighted streaming metrics,outputs/completion_0716v2/COMPLETION_MATRIX_0716V2_RESULTS.csv,,,0716v2 missing-cell completion; MAPE computed with the locked historical no-epsilon definition.
Compact + Echo,PEMS07,96,48,ok,0.14088219543466576,0.24038325532024207,2.2156655281216944,0.375342770591,13474,,,13474,0.051399231,locked_3seed_actual_param_count,"2024,2025,2026",271.6209029356639,,,,532.0966796875,local_compact_echo_locked_3seed_mean,validation-locked production route; three matched seeds; one deferred held-out test per checkpoint,analysis_exp/source_snapshot_0721v1/compact_echo_true9_88cells.csv,,,Production route arm=true_compact_echo; MAPE was streamed during the 0717v2 completion.
TQNet,PEMS07,96,48,ok,0.08153162151575089,0.18266886472702026,,0.285537425771,891152,,,891152,3.399475098,logged_n_param,2026,538.6494,,5.4146,,,local_legacy_reproduction,validation-selected legacy run; test loss logged during training,note/results.csv,,,Held-out test MSE/MAE from the local legacy log; MAPE was not persisted.
CycleNet,PEMS07,96,48,ok,0.21671047806739807,0.30969762802124023,,0.46552172674,258960,,,258960,0.987854004,logged_n_param,2026,323.8544,,4.0445,,,local_legacy_reproduction,validation-selected legacy run; test loss logged during training,note/results.csv,,,Held-out test MSE/MAE from the local legacy log; MAPE was not persisted.
FITS,PEMS07,96,48,ok,0.557212233543396,0.5366507172584534,,0.746466498608,900,,,1800,0.006866455,logged_n_param,2026,497.9392,,6.2247,,,local_legacy_reproduction,validation-selected legacy run; test loss logged during training,note/results.csv,,,Held-out test MSE/MAE from the local legacy log; MAPE was not persisted.
SparseTSF,PEMS07,96,48,ok,0.5309286117553711,0.5512072443962097,,0.728648482984,33,,,33,0.000125885,logged_n_param,2026,277.2188,,4.0626,,,local_legacy_reproduction,validation-selected legacy run; test loss logged during training,note/results.csv,,,Held-out test MSE/MAE from the local legacy log; MAPE was not persisted.
FreTS,PEMS07,96,48,ok,0.22561503946781158,0.32231420278549194,,0.474989515114,3224496,,,3224496,12.300476074,logged_n_param,2026,2032.2344,,10.5125,,,local_legacy_reproduction,validation-selected legacy run; test loss logged during training,note/results.csv,,,Held-out test MSE/MAE from the local legacy log; MAPE was not persisted.
FilterNet,PEMS07,96,48,ok,0.12383144348859787,0.23109178245067596,,0.351896921681,607510,,,607510,2.317466736,logged_n_param,2026,736.1206,,13.03,,,local_legacy_reproduction,validation-selected legacy run; test loss logged during training,note/results.csv,,,Held-out test MSE/MAE from the local legacy log; MAPE was not persisted.
iTransformer,PEMS07,96,48,ok,0.13615143299102783,0.23856857419013977,,0.368987036345,4809264,,,4809264,18.345886230,logged_n_param,2026,1093.1396,,8.798,,,local_legacy_reproduction,validation-selected legacy run; test loss logged during training,note/results.csv,,,Held-out test MSE/MAE from the local legacy log; MAPE was not persisted.
PatchTST,PEMS07,96,48,ok,0.2730798125267029,0.35766565799713135,,0.522570390021,474928,,,474928,1.811706543,logged_n_param,2026,2219.8342,,11.7598,,,local_legacy_reproduction,validation-selected legacy run; test loss logged during training,note/results.csv,,,Held-out test MSE/MAE from the local legacy log; MAPE was not persisted.
DLinear,PEMS07,96,48,ok,0.37291374802589417,0.43317973613739014,,0.610666642306,9312,,,9312,0.035522461,logged_n_param,2026,266.6931,,4.5909,,,local_legacy_reproduction,validation-selected legacy run; test loss logged during training,note/results.csv,,,Held-out test MSE/MAE from the local legacy log; MAPE was not persisted.
MixLinear,PEMS07,96,48,ok,0.6751923561096191,0.6057159900665283,,0.821700892119,43,,,61,0.000232697,logged_n_param,2026,424.362,,4.5197,,,local_legacy_reproduction,validation-selected legacy run; test loss logged during training,note/results.csv,,,Held-out test MSE/MAE from the local legacy log; MAPE was not persisted.
PhaseFormer,PEMS07,96,48,ok,0.33753383067855863,0.40011488824910085,3.210287797186164,0.580976618014,2924,,,2924,0.011154175,0716v2_audited_param_count,2021,1236.379136800766,,6.576894998550415,0.40198910108832175,60.04541015625,local_completion_strict,validation-selected checkpoint; one deferred held-out test; sample-weighted streaming metrics,outputs/completion_0716v2/COMPLETION_MATRIX_0716V2_RESULTS.csv,,,0716v2 missing-cell completion; MAPE computed with the locked historical no-epsilon definition.
FreqCycle,PEMS07,96,48,ok,0.1442346356888496,0.2534152016239311,2.190482299719185,0.379782353051,291912,273304,18608,291912,1.113555908,0716v2_audited_param_count,2026,501.84619760513306,,4.596707582473755,0.1515540190684022,115.2978515625,local_completion_strict,validation-selected checkpoint; one deferred held-out test; sample-weighted streaming metrics,outputs/completion_0716v2/COMPLETION_MATRIX_0716V2_RESULTS.csv,,,0716v2 missing-cell completion; MAPE computed with the locked historical no-epsilon definition.
Compact + Echo,PEMS07,96,96,ok,0.19210225983242504,0.27315143360603694,2.3862826976983653,0.438294718007,15010,,,15010,0.057258606,locked_3seed_actual_param_count,"2024,2025,2026",369.413697719574,,,,861.837890625,local_compact_echo_locked_3seed_mean,validation-locked production route; three matched seeds; one deferred held-out test per checkpoint,analysis_exp/source_snapshot_0721v1/compact_echo_true9_88cells.csv,,,Production route arm=true_compact_echo; MAPE was streamed during the 0717v2 completion.
TQNet,PEMS07,96,96,ok,0.10945811867713928,0.2107541710138321,,0.330844553646,915776,,,915776,3.493408203,logged_n_param,2026,727.9992,,7.1092,,,local_legacy_reproduction,validation-selected legacy run; test loss logged during training,note/results.csv,,,Held-out test MSE/MAE from the local legacy log; MAPE was not persisted.
CycleNet,PEMS07,96,96,ok,0.3074699640274048,0.3663732409477234,,0.554499742135,263616,,,263616,1.005615234,logged_n_param,2026,654.1183,,5.5481,,,local_legacy_reproduction,validation-selected legacy run; test loss logged during training,note/results.csv,,,Held-out test MSE/MAE from the local legacy log; MAPE was not persisted.
FITS,PEMS07,96,96,ok,1.116594672203064,0.8124346733093262,,1.05669043348,1200,,,2400,0.009155273,logged_n_param,2026,731.4506,,9.0747,,,local_legacy_reproduction,validation-selected legacy run; test loss logged during training,note/results.csv,,,Held-out test MSE/MAE from the local legacy log; MAPE was not persisted.
SparseTSF,PEMS07,96,96,ok,0.6660770177841187,0.6097815632820129,,0.816135416328,41,,,41,0.000156403,logged_n_param,2026,511.9589,,5.4174,,,local_legacy_reproduction,validation-selected legacy run; test loss logged during training,note/results.csv,,,Held-out test MSE/MAE from the local legacy log; MAPE was not persisted.
FreTS,PEMS07,96,96,ok,0.3231920897960663,0.392354816198349,,0.568499859099,3236832,,,3236832,12.347534180,logged_n_param,2026,2331.6481,,12.7481,,,local_legacy_reproduction,validation-selected legacy run; test loss logged during training,note/results.csv,,,Held-out test MSE/MAE from the local legacy log; MAPE was not persisted.
FilterNet,PEMS07,96,96,ok,0.1799178123474121,0.28837883472442627,,0.424167198576,632134,,,632134,2.411399841,logged_n_param,2026,863.031,,16.0101,,,local_legacy_reproduction,validation-selected legacy run; test loss logged during training,note/results.csv,,,Held-out test MSE/MAE from the local legacy log; MAPE was not persisted.
iTransformer,PEMS07,96,96,ok,0.19943006336688995,0.2965117394924164,,0.446575932364,4833888,,,4833888,18.439819336,logged_n_param,2026,1220.357,,11.1442,,,local_legacy_reproduction,validation-selected legacy run; test loss logged during training,note/results.csv,,,Held-out test MSE/MAE from the local legacy log; MAPE was not persisted.
PatchTST,PEMS07,96,96,ok,0.4496149718761444,0.4718672037124634,,0.670533348817,548704,,,548704,2.093139648,logged_n_param,2026,2362.1783,,13.5571,,,local_legacy_reproduction,validation-selected legacy run; test loss logged during training,note/results.csv,,,Held-out test MSE/MAE from the local legacy log; MAPE was not persisted.
DLinear,PEMS07,96,96,ok,0.5765706896781921,0.5387219786643982,,0.759322520197,18624,,,18624,0.071044922,logged_n_param,2026,347.1573,,6.5412,,,local_legacy_reproduction,validation-selected legacy run; test loss logged during training,note/results.csv,,,Held-out test MSE/MAE from the local legacy log; MAPE was not persisted.
MixLinear,PEMS07,96,96,ok,1.2532037496566772,0.8800389766693115,,1.11946583229,57,,,83,0.000316620,logged_n_param,2026,357.5455,,6.4746,,,local_legacy_reproduction,validation-selected legacy run; test loss logged during training,note/results.csv,,,Held-out test MSE/MAE from the local legacy log; MAPE was not persisted.
PhaseFormer,PEMS07,96,96,ok,0.6285960225078492,0.5626670124686558,3.946626836179077,0.792840477339,2960,,,2960,0.011291504,0716v2_audited_param_count,2021,1366.9517204761505,,7.971694707870483,0.42691746913601547,63.27978515625,local_completion_strict,validation-selected checkpoint; one deferred held-out test; sample-weighted streaming metrics,outputs/completion_0716v2/COMPLETION_MATRIX_0716V2_RESULTS.csv,,,0716v2 missing-cell completion; MAPE computed with the locked historical no-epsilon definition.
FreqCycle,PEMS07,96,96,ok,0.23135988127316873,0.3278373110812018,2.5448569747246053,0.480998837081,304296,279496,24800,304296,1.160797119,0716v2_audited_param_count,2026,586.8583118915558,,4.804902791976929,0.1534154249436094,122.08056640625,local_completion_strict,validation-selected checkpoint; one deferred held-out test; sample-weighted streaming metrics,outputs/completion_0716v2/COMPLETION_MATRIX_0716V2_RESULTS.csv,,,0716v2 missing-cell completion; MAPE computed with the locked historical no-epsilon definition.
Compact + Echo,PEMS08,96,12,ok,0.0869343814927152,0.19622207933749156,1.64181532352217,0.294846369306,6618,,,6618,0.025245667,locked_3seed_actual_param_count,"2024,2025,2026",47.798139810562134,,,,106.740234375,local_compact_echo_locked_3seed_mean,validation-locked production route; three matched seeds; one deferred held-out test per checkpoint,analysis_exp/source_snapshot_0721v1/compact_echo_true9_88cells.csv,,,Production route arm=true_compact_echo; MAPE was streamed during the 0717v2 completion.
TQNet,PEMS08,96,12,ok,0.08628656715154648,0.18315669894218445,,0.293745752568,667340,,,667340,2.545700073,logged_n_param,2026,58.0021,,1.3894,,,local_legacy_reproduction,validation-selected legacy run; test loss logged during training,note/results.csv,,,Held-out test MSE/MAE from the local legacy log; MAPE was not persisted.
CycleNet,PEMS08,96,12,ok,0.09474222362041473,0.20713476836681366,,0.307802247588,50124,,,50124,0.191207886,logged_n_param,2026,56.099,,0.9652,,,local_legacy_reproduction,validation-selected legacy run; test loss logged during training,note/results.csv,,,Held-out test MSE/MAE from the local legacy log; MAPE was not persisted.
FITS,PEMS08,96,12,ok,0.1264660656452179,0.23912332952022552,,0.355620676628,675,,,1350,0.005149841,logged_n_param,2026,121.5256,,2.023,,,local_legacy_reproduction,validation-selected legacy run; test loss logged during training,note/results.csv,,,Held-out test MSE/MAE from the local legacy log; MAPE was not persisted.
SparseTSF,PEMS08,96,12,ok,0.18854693863206096,0.3040574079973212,2.425693209671431,0.434219919663,21,,,21,0.000080109,0716v2_audited_param_count,2026,42.407553911209106,,1.9836516380310059,0.16335576191921247,69.09814453125,local_completion_strict,validation-selected checkpoint; one deferred held-out test; sample-weighted streaming metrics,outputs/completion_0716v2/COMPLETION_MATRIX_0716V2_RESULTS.csv,,,0716v2 missing-cell completion; MAPE computed with the locked historical no-epsilon definition.
FreTS,PEMS08,96,12,ok,0.0946640744805336,0.20026907324790955,,0.307675274406,3215244,,,3215244,12.265182495,logged_n_param,2026,224.5424,,2.2173,,,local_legacy_reproduction,validation-selected legacy run; test loss logged during training,note/results.csv,,,Held-out test MSE/MAE from the local legacy log; MAPE was not persisted.
FilterNet,PEMS08,96,12,ok,0.07764003425836563,0.1784392148256302,,0.278639613584,587616,,,587616,2.241577148,logged_n_param,2026,344.7239,,6.7377,,,local_legacy_reproduction,validation-selected legacy run; test loss logged during training,note/results.csv,,,Held-out test MSE/MAE from the local legacy log; MAPE was not persisted.
iTransformer,PEMS08,96,12,ok,0.07768919318914413,0.17764687538146973,,0.278727812012,4790796,,,4790796,18.275436401,logged_n_param,2026,144.1867,,2.2643,,,local_legacy_reproduction,validation-selected legacy run; test loss logged during training,note/results.csv,,,Held-out test MSE/MAE from the local legacy log; MAPE was not persisted.
PatchTST,PEMS08,96,12,ok,0.09108401089906693,0.19606252014636993,,0.301801277166,419596,,,419596,1.600631714,logged_n_param,2026,1010.504,,2.3116,,,local_legacy_reproduction,validation-selected legacy run; test loss logged during training,note/results.csv,,,Held-out test MSE/MAE from the local legacy log; MAPE was not persisted.
DLinear,PEMS08,96,12,ok,0.11319271475076675,0.2233719676733017,,0.336441250073,2328,,,2328,0.008880615,logged_n_param,2026,35.8617,,1.4306,,,local_legacy_reproduction,validation-selected legacy run; test loss logged during training,note/results.csv,,,Held-out test MSE/MAE from the local legacy log; MAPE was not persisted.
MixLinear,PEMS08,96,12,ok,0.18847796320915222,0.30317237973213196,,0.434140487871,31,,,43,0.000164032,logged_n_param,2026,75.0441,,1.1293,,,local_legacy_reproduction,validation-selected legacy run; test loss logged during training,note/results.csv,,,Held-out test MSE/MAE from the local legacy log; MAPE was not persisted.
PhaseFormer,PEMS08,96,12,ok,0.10979046651025119,0.21936794964573106,1.8068099115765193,0.331346444843,2897,,,2897,0.011051178,0716v2_audited_param_count,2021,365.2366473674774,,3.1227023601531982,0.27375611806225575,41.6640625,local_completion_strict,validation-selected checkpoint; one deferred held-out test; sample-weighted streaming metrics,outputs/completion_0716v2/COMPLETION_MATRIX_0716V2_RESULTS.csv,,,0716v2 missing-cell completion; MAPE computed with the locked historical no-epsilon definition.
FreqCycle,PEMS08,96,12,ok,0.07994767782878894,0.1845821203603599,1.5472816831865022,0.282750203941,77280,63316,13964,77280,0.294799805,0716v2_audited_param_count,2026,127.82441115379333,,2.361288070678711,0.15663294241962472,61.18994140625,local_completion_strict,validation-selected checkpoint; one deferred held-out test; sample-weighted streaming metrics,outputs/completion_0716v2/COMPLETION_MATRIX_0716V2_RESULTS.csv,,,0716v2 missing-cell completion; MAPE computed with the locked historical no-epsilon definition.
Compact + Echo,PEMS08,96,24,ok,0.12927178192993835,0.24196796369816323,1.990888139443038,0.359543852583,7002,,,7002,0.026710510,locked_3seed_actual_param_count,"2024,2025,2026",51.021490255991615,,,,116.73779296875,local_compact_echo_locked_3seed_mean,validation-locked production route; three matched seeds; one deferred held-out test per checkpoint,analysis_exp/source_snapshot_0721v1/compact_echo_true9_88cells.csv,,,Production route arm=true_compact_echo; MAPE was streamed during the 0717v2 completion.
TQNet,PEMS08,96,24,ok,0.1366931051015854,0.2244630753993988,,0.369720306585,673496,,,673496,2.569183350,logged_n_param,2026,90.6024,,1.4356,,,local_legacy_reproduction,validation-selected legacy run; test loss logged during training,note/results.csv,,,Held-out test MSE/MAE from the local legacy log; MAPE was not persisted.
CycleNet,PEMS08,96,24,ok,0.14564797282218933,0.2560206353664398,,0.381638536867,51288,,,51288,0.195648193,logged_n_param,2026,69.9063,,0.9302,,,local_legacy_reproduction,validation-selected legacy run; test loss logged during training,note/results.csv,,,Held-out test MSE/MAE from the local legacy log; MAPE was not persisted.
FITS,PEMS08,96,24,ok,0.24473802745342255,0.3395227789878845,,0.494710043817,750,,,1500,0.005722046,logged_n_param,2026,126.9591,,2.2369,,,local_legacy_reproduction,validation-selected legacy run; test loss logged during training,note/results.csv,,,Held-out test MSE/MAE from the local legacy log; MAPE was not persisted.
SparseTSF,PEMS08,96,24,ok,0.3463408350944519,0.4287269115447998,,0.588507294003,29,,,29,0.000110626,logged_n_param,2026,85.432,,1.0694,,,local_legacy_reproduction,validation-selected legacy run; test loss logged during training,note/results.csv,,,Held-out test MSE/MAE from the local legacy log; MAPE was not persisted.
FreTS,PEMS08,96,24,ok,0.14921848475933075,0.2564557194709778,,0.386288085189,3218328,,,3218328,12.276947021,logged_n_param,2026,146.0274,,2.2263,,,local_legacy_reproduction,validation-selected legacy run; test loss logged during training,note/results.csv,,,Held-out test MSE/MAE from the local legacy log; MAPE was not persisted.
FilterNet,PEMS08,96,24,ok,0.11117029190063477,0.21657410264015198,,0.3334220927,593772,,,593772,2.265060425,logged_n_param,2026,259.3384,,6.7179,,,local_legacy_reproduction,validation-selected legacy run; test loss logged during training,note/results.csv,,,Held-out test MSE/MAE from the local legacy log; MAPE was not persisted.
iTransformer,PEMS08,96,24,ok,0.11294998228549957,0.2113352119922638,,0.336080321182,4796952,,,4796952,18.298919678,logged_n_param,2026,162.7102,,2.4002,,,local_legacy_reproduction,validation-selected legacy run; test loss logged during training,note/results.csv,,,Held-out test MSE/MAE from the local legacy log; MAPE was not persisted.
PatchTST,PEMS08,96,24,ok,0.14520525932312012,0.24871204793453217,,0.381058078675,438040,,,438040,1.670989990,logged_n_param,2026,1023.8576,,2.2694,,,local_legacy_reproduction,validation-selected legacy run; test loss logged during training,note/results.csv,,,Held-out test MSE/MAE from the local legacy log; MAPE was not persisted.
DLinear,PEMS08,96,24,ok,0.19705654680728912,0.30102425813674927,,0.443910516667,4656,,,4656,0.017761230,logged_n_param,2026,49.0899,,1.4287,,,local_legacy_reproduction,validation-selected legacy run; test loss logged during training,note/results.csv,,,Held-out test MSE/MAE from the local legacy log; MAPE was not persisted.
MixLinear,PEMS08,96,24,ok,0.32273077964782715,0.40495291352272034,,0.568093988393,39,,,53,0.000202179,logged_n_param,2026,80.4818,,1.3547,,,local_legacy_reproduction,validation-selected legacy run; test loss logged during training,note/results.csv,,,Held-out test MSE/MAE from the local legacy log; MAPE was not persisted.
PhaseFormer,PEMS08,96,24,ok,0.18110467680200132,0.28286947569741466,2.443211982431684,0.425563951483,2906,,,2906,0.011085510,0716v2_audited_param_count,2021,365.549512386322,,3.135512113571167,0.28424910973156925,41.97509765625,local_completion_strict,validation-selected checkpoint; one deferred held-out test; sample-weighted streaming metrics,outputs/completion_0716v2/COMPLETION_MATRIX_0716V2_RESULTS.csv,,,0716v2 missing-cell completion; MAPE computed with the locked historical no-epsilon definition.
FreqCycle,PEMS08,96,24,ok,0.11690947606832466,0.22458286519699047,1.8938745092216875,0.341920277358,80376,64864,15512,80376,0.306610107,0716v2_audited_param_count,2026,129.3686273097992,,2.226602792739868,0.14289000358751722,61.826171875,local_completion_strict,validation-selected checkpoint; one deferred held-out test; sample-weighted streaming metrics,outputs/completion_0716v2/COMPLETION_MATRIX_0716V2_RESULTS.csv,,,0716v2 missing-cell completion; MAPE computed with the locked historical no-epsilon definition.
Compact + Echo,PEMS08,96,48,ok,0.22581089501485227,0.3237118876715778,2.472833471435819,0.475195638674,7770,,,7770,0.029640198,locked_3seed_actual_param_count,"2024,2025,2026",55.4271035194397,,,,145.15673828125,local_compact_echo_locked_3seed_mean,validation-locked production route; three matched seeds; one deferred held-out test per checkpoint,analysis_exp/source_snapshot_0721v1/compact_echo_true9_88cells.csv,,,Production route arm=true_compact_echo; MAPE was streamed during the 0717v2 completion.
TQNet,PEMS08,96,48,ok,0.2507878243923187,0.3056947588920593,,0.500787204701,685808,,,685808,2.616149902,logged_n_param,2026,46.4115,,1.5823,,,local_legacy_reproduction,validation-selected legacy run; test loss logged during training,note/results.csv,,,Held-out test MSE/MAE from the local legacy log; MAPE was not persisted.
CycleNet,PEMS08,96,48,ok,0.2598176896572113,0.33904287219047546,,0.509723150011,53616,,,53616,0.204528809,logged_n_param,2026,47.4006,,1.0782,,,local_legacy_reproduction,validation-selected legacy run; test loss logged during training,note/results.csv,,,Held-out test MSE/MAE from the local legacy log; MAPE was not persisted.
FITS,PEMS08,96,48,ok,0.5759686231613159,0.5486019849777222,,0.758925966851,900,,,1800,0.006866455,logged_n_param,2026,139.9803,,2.393,,,local_legacy_reproduction,validation-selected legacy run; test loss logged during training,note/results.csv,,,Held-out test MSE/MAE from the local legacy log; MAPE was not persisted.
SparseTSF,PEMS08,96,48,ok,0.5459172129631042,0.5373502969741821,,0.738862106866,33,,,33,0.000125885,logged_n_param,2026,44.1188,,1.2932,,,local_legacy_reproduction,validation-selected legacy run; test loss logged during training,note/results.csv,,,Held-out test MSE/MAE from the local legacy log; MAPE was not persisted.
FreTS,PEMS08,96,48,ok,0.2451937049627304,0.33390599489212036,,0.495170379731,3224496,,,3224496,12.300476074,logged_n_param,2026,182.1369,,2.37,,,local_legacy_reproduction,validation-selected legacy run; test loss logged during training,note/results.csv,,,Held-out test MSE/MAE from the local legacy log; MAPE was not persisted.
FilterNet,PEMS08,96,48,ok,0.17075802385807037,0.26826047897338867,,0.413228779078,606084,,,606084,2.312026978,logged_n_param,2026,299.764,,7.0462,,,local_legacy_reproduction,validation-selected legacy run; test loss logged during training,note/results.csv,,,Held-out test MSE/MAE from the local legacy log; MAPE was not persisted.
iTransformer,PEMS08,96,48,ok,0.1807032972574234,0.26716282963752747,,0.42509210444,4809264,,,4809264,18.345886230,logged_n_param,2026,169.9234,,2.6936,,,local_legacy_reproduction,validation-selected legacy run; test loss logged during training,note/results.csv,,,Held-out test MSE/MAE from the local legacy log; MAPE was not persisted.
PatchTST,PEMS08,96,48,ok,0.2540849447250366,0.33230721950531006,,0.504068392904,474928,,,474928,1.811706543,logged_n_param,2026,1055.1224,,2.4186,,,local_legacy_reproduction,validation-selected legacy run; test loss logged during training,note/results.csv,,,Held-out test MSE/MAE from the local legacy log; MAPE was not persisted.
DLinear,PEMS08,96,48,ok,0.39145830273628235,0.4302433133125305,,0.625666287038,9312,,,9312,0.035522461,logged_n_param,2026,35.7094,,1.5379,,,local_legacy_reproduction,validation-selected legacy run; test loss logged during training,note/results.csv,,,Held-out test MSE/MAE from the local legacy log; MAPE was not persisted.
MixLinear,PEMS08,96,48,ok,0.6773122549057007,0.608083963394165,,0.822989826733,43,,,61,0.000232697,logged_n_param,2026,90.9196,,1.3538,,,local_legacy_reproduction,validation-selected legacy run; test loss logged during training,note/results.csv,,,Held-out test MSE/MAE from the local legacy log; MAPE was not persisted.
PhaseFormer,PEMS08,96,48,ok,0.36912217424840954,0.415135328986728,3.3904617926743725,0.607554256218,2924,,,2924,0.011154175,0716v2_audited_param_count,2021,370.91600465774536,,2.6263694763183594,0.2657252445258834,42.599609375,local_completion_strict,validation-selected checkpoint; one deferred held-out test; sample-weighted streaming metrics,outputs/completion_0716v2/COMPLETION_MATRIX_0716V2_RESULTS.csv,,,0716v2 missing-cell completion; MAPE computed with the locked historical no-epsilon definition.
FreqCycle,PEMS08,96,48,ok,0.19679371320399489,0.2885324788946349,2.280365358442725,0.443614374433,86568,67960,18608,86568,0.330230713,0716v2_audited_param_count,2026,135.9417142868042,,2.1720900535583496,0.148026441661567,63.09912109375,local_completion_strict,validation-selected checkpoint; one deferred held-out test; sample-weighted streaming metrics,outputs/completion_0716v2/COMPLETION_MATRIX_0716V2_RESULTS.csv,,,0716v2 missing-cell completion; MAPE computed with the locked historical no-epsilon definition.
Compact + Echo,PEMS08,96,96,ok,0.3999620829889229,0.431372416970039,2.883783105298717,0.632425555294,9306,,,9306,0.035499573,locked_3seed_actual_param_count,"2024,2025,2026",66.39776976903279,,,,209.89794921875,local_compact_echo_locked_3seed_mean,validation-locked production route; three matched seeds; one deferred held-out test per checkpoint,analysis_exp/source_snapshot_0721v1/compact_echo_true9_88cells.csv,,,Production route arm=true_compact_echo; MAPE was streamed during the 0717v2 completion.
TQNet,PEMS08,96,96,ok,0.39178434014320374,0.357980877161026,,0.62592678497,710432,,,710432,2.710083008,logged_n_param,2026,106.565,,1.804,,,local_legacy_reproduction,validation-selected legacy run; test loss logged during training,note/results.csv,,,Held-out test MSE/MAE from the local legacy log; MAPE was not persisted.
CycleNet,PEMS08,96,96,ok,0.3591977059841156,0.39444881677627563,,0.59933104874,58272,,,58272,0.222290039,logged_n_param,2026,98.4946,,1.3125,,,local_legacy_reproduction,validation-selected legacy run; test loss logged during training,note/results.csv,,,Held-out test MSE/MAE from the local legacy log; MAPE was not persisted.
FITS,PEMS08,96,96,ok,1.2444989681243896,0.856412947177887,,1.11557113988,1200,,,2400,0.009155273,logged_n_param,2026,159.5975,,2.5057,,,local_legacy_reproduction,validation-selected legacy run; test loss logged during training,note/results.csv,,,Held-out test MSE/MAE from the local legacy log; MAPE was not persisted.
SparseTSF,PEMS08,96,96,ok,0.7557899951934814,0.6054753065109253,,0.869361832147,41,,,41,0.000156403,logged_n_param,2026,64.2404,,1.5051,,,local_legacy_reproduction,validation-selected legacy run; test loss logged during training,note/results.csv,,,Held-out test MSE/MAE from the local legacy log; MAPE was not persisted.
FreTS,PEMS08,96,96,ok,0.35469919443130493,0.39764460921287537,,0.595566280469,3236832,,,3236832,12.347534180,logged_n_param,2026,312.1501,,2.7121,,,local_legacy_reproduction,validation-selected legacy run; test loss logged during training,note/results.csv,,,Held-out test MSE/MAE from the local legacy log; MAPE was not persisted.
FilterNet,PEMS08,96,96,ok,0.2924198508262634,0.3337368369102478,,0.540758588306,630708,,,630708,2.405960083,logged_n_param,2026,367.5146,,8.326,,,local_legacy_reproduction,validation-selected legacy run; test loss logged during training,note/results.csv,,,Held-out test MSE/MAE from the local legacy log; MAPE was not persisted.
iTransformer,PEMS08,96,96,ok,0.3034994304180145,0.34613075852394104,,0.550907823885,4833888,,,4833888,18.439819336,logged_n_param,2026,275.069,,2.7677,,,local_legacy_reproduction,validation-selected legacy run; test loss logged during training,note/results.csv,,,Held-out test MSE/MAE from the local legacy log; MAPE was not persisted.
PatchTST,PEMS08,96,96,ok,0.438340425491333,0.4456843137741089,,0.662072824915,548704,,,548704,2.093139648,logged_n_param,2026,887.2845,,2.7739,,,local_legacy_reproduction,validation-selected legacy run; test loss logged during training,note/results.csv,,,Held-out test MSE/MAE from the local legacy log; MAPE was not persisted.
DLinear,PEMS08,96,96,ok,0.6512500047683716,0.5414467453956604,,0.807000622533,18624,,,18624,0.071044922,logged_n_param,2026,44.0581,,1.9609,,,local_legacy_reproduction,validation-selected legacy run; test loss logged during training,note/results.csv,,,Held-out test MSE/MAE from the local legacy log; MAPE was not persisted.
MixLinear,PEMS08,96,96,ok,1.345379114151001,0.8998231291770935,,1.15990478667,57,,,83,0.000316620,logged_n_param,2026,100.7661,,1.6381,,,local_legacy_reproduction,validation-selected legacy run; test loss logged during training,note/results.csv,,,Held-out test MSE/MAE from the local legacy log; MAPE was not persisted.
PhaseFormer,PEMS08,96,96,ok,0.765168846037587,0.5992468209399484,4.000307915516138,0.874739301757,2960,,,2960,0.011291504,0716v2_audited_param_count,2021,374.54471373558044,,2.5341386795043945,0.24146841886111453,43.84912109375,local_completion_strict,validation-selected checkpoint; one deferred held-out test; sample-weighted streaming metrics,outputs/completion_0716v2/COMPLETION_MATRIX_0716V2_RESULTS.csv,,,0716v2 missing-cell completion; MAPE computed with the locked historical no-epsilon definition.
FreqCycle,PEMS08,96,96,ok,0.35843706570905076,0.3818325317897204,2.5763441084578678,0.598696138044,98952,74152,24800,98952,0.377471924,0716v2_audited_param_count,2026,142.4278588294983,,2.673301935195923,0.14727205087369688,65.64501953125,local_completion_strict,validation-selected checkpoint; one deferred held-out test; sample-weighted streaming metrics,outputs/completion_0716v2/COMPLETION_MATRIX_0716V2_RESULTS.csv,,,0716v2 missing-cell completion; MAPE computed with the locked historical no-epsilon definition.
Compact + Echo,ETTh1,720,96,ok,0.3528043852106795,0.391402503040677,9.44548614721793,0.593973387628,6146,,,6146,0.023445129,locked_3seed_actual_param_count,"2024,2025,2026",34.21224101384481,,,,61.212890625,local_compact_echo_locked_3seed_mean,validation-locked production route; three matched seeds; one deferred held-out test per checkpoint,analysis_exp/source_snapshot_0721v1/compact_echo_true9_88cells.csv,,,Production route arm=true_compact_echo; MAPE was streamed during the 0717v2 completion.
TQNet,ETTh1,720,96,ok,0.3779054284095764,0.4035109281539917,,0.614740130795,3020360,,,3020360,11.521759033,logged_n_param,2026,16.8102,,0.6576,,,local_legacy_reproduction,validation-selected legacy run; test loss logged during training,note/results.csv,,,Held-out test MSE/MAE from the local legacy log; MAPE was not persisted.
CycleNet,ETTh1,720,96,ok,0.3799045979976654,0.40370243787765503,,0.616364014198,69384,,,69384,0.264678955,logged_n_param,2026,25.2089,,0.7026,,,local_legacy_reproduction,validation-selected legacy run; test loss logged during training,note/results.csv,,,Held-out test MSE/MAE from the local legacy log; MAPE was not persisted.
FITS,ETTh1,720,96,ok,0.37906983494758606,0.4020942449569702,,0.615686474553,37310,,,74620,0.284652710,logged_n_param,2026,51.9482,,0.9626,,,local_legacy_reproduction,validation-selected legacy run; test loss logged during training,note/results.csv,0.382,SparseTSF paper Tables 10-11 (transcribed in RESULTS.md),Held-out test MSE/MAE from the local legacy log; MAPE was not persisted.
SparseTSF,ETTh1,720,96,ok,0.3791796565055847,0.4137553870677948,,0.615775654363,145,,,145,0.000553131,logged_n_param,2026,55.3096,,0.6954,,,local_legacy_reproduction,validation-selected legacy run; test loss logged during training,note/results.csv,0.362,SparseTSF paper Tables 10-11 (transcribed in RESULTS.md),Held-out test MSE/MAE from the local legacy log; MAPE was not persisted.
FreTS,ETTh1,720,96,ok,0.4557300806045532,0.47059890627861023,,0.675077832997,23684064,,,23684064,90.347534180,logged_n_param,2026,34.0232,,1.4364,,,local_legacy_reproduction,validation-selected legacy run; test loss logged during training,note/results.csv,,,Held-out test MSE/MAE from the local legacy log; MAPE was not persisted.
FilterNet,ETTh1,720,96,ok,0.4004894196987152,0.42628613114356995,,0.632842333997,209982,,,209982,0.801017761,logged_n_param,2026,24.2088,,1.7272,,,local_legacy_reproduction,validation-selected legacy run; test loss logged during training,note/results.csv,,,Held-out test MSE/MAE from the local legacy log; MAPE was not persisted.
iTransformer,ETTh1,720,96,ok,0.3960539400577545,0.4271228313446045,,0.629328165632,1001312,,,1001312,3.819702148,logged_n_param,2026,25.1707,,1.2964,,,local_legacy_reproduction,validation-selected legacy run; test loss logged during training,note/results.csv,,,Held-out test MSE/MAE from the local legacy log; MAPE was not persisted.
PatchTST,ETTh1,720,96,ok,0.38734200596809387,0.4175139367580414,,0.622368063101,156224,,,156224,0.595947266,logged_n_param,2026,53.9566,,0.8826,,,local_legacy_reproduction,validation-selected legacy run; test loss logged during training,note/results.csv,0.385,SparseTSF paper Tables 10-11 (transcribed in RESULTS.md),Held-out test MSE/MAE from the local legacy log; MAPE was not persisted.
DLinear,ETTh1,720,96,ok,0.4074092209339142,0.4323776960372925,,0.638286159128,138432,,,138432,0.528076172,logged_n_param,2026,13.3678,,1.177,,,local_legacy_reproduction,validation-selected legacy run; test loss logged during training,note/results.csv,0.384,SparseTSF paper Tables 10-11 (transcribed in RESULTS.md),Held-out test MSE/MAE from the local legacy log; MAPE was not persisted.
MixLinear,ETTh1,720,96,ok,0.37407511472702026,0.4099274277687073,,0.61161680383,67,,,85,0.000324249,logged_n_param,2026,44.6612,,0.7759,,,local_legacy_reproduction,validation-selected legacy run; test loss logged during training,note/results.csv,,,Held-out test MSE/MAE from the local legacy log; MAPE was not persisted.
PhaseFormer,ETTh1,720,96,ok,0.36683531186571705,0.38909442969084695,8.749369132714437,0.605669309001,2072,,,2072,0.007904053,0716v2_audited_param_count,2021,141.6787827014923,,2.183499336242676,0.23438152581239302,35.24755859375,local_completion_strict,validation-selected checkpoint; one deferred held-out test; sample-weighted streaming metrics,outputs/completion_0716v2/COMPLETION_MATRIX_0716V2_RESULTS.csv,,,0716v2 missing-cell completion; MAPE computed with the locked historical no-epsilon definition.
FreqCycle,ETTh1,720,96,ok,0.3761642448534256,0.408509514137072,10.620118272774215,0.613322300959,252832,148160,104672,252832,0.964477539,0716v2_audited_param_count,2026,73.97402477264404,,1.765946388244629,0.17936778985485569,484.5576171875,local_completion_strict,validation-selected checkpoint; one deferred held-out test; sample-weighted streaming metrics,outputs/completion_0716v2/COMPLETION_MATRIX_0716V2_RESULTS.csv,,,0716v2 missing-cell completion; MAPE computed with the locked historical no-epsilon definition.
Compact + Echo,ETTh1,720,192,ok,0.38875871877556606,0.4133553489437579,9.788888866803417,0.623505187449,6274,,,6274,0.023933411,locked_3seed_actual_param_count,"2024,2025,2026",32.13147711753845,,,,67.04345703125,local_compact_echo_locked_3seed_mean,validation-locked production route; three matched seeds; one deferred held-out test per checkpoint,analysis_exp/source_snapshot_0721v1/compact_echo_true9_88cells.csv,,,Production route arm=true_compact_echo; MAPE was streamed during the 0717v2 completion.
TQNet,ETTh1,720,192,ok,0.4141155779361725,0.42972567677497864,,0.643518125569,3069608,,,3069608,11.709625244,logged_n_param,2026,17.0402,,0.7371,,,local_legacy_reproduction,validation-selected legacy run; test loss logged during training,note/results.csv,,,Held-out test MSE/MAE from the local legacy log; MAPE was not persisted.
CycleNet,ETTh1,720,192,ok,0.4143056273460388,0.4239436388015747,,0.643665773011,138600,,,138600,0.528717041,logged_n_param,2026,38.2369,,0.6499,,,local_legacy_reproduction,validation-selected legacy run; test loss logged during training,note/results.csv,,,Held-out test MSE/MAE from the local legacy log; MAPE was not persisted.
FITS,ETTh1,720,192,ok,0.41361215710639954,0.4225175678730011,,0.643126859264,41678,,,83356,0.317977905,logged_n_param,2026,54.2418,,1.0239,,,local_legacy_reproduction,validation-selected legacy run; test loss logged during training,note/results.csv,0.417,SparseTSF paper Tables 10-11 (transcribed in RESULTS.md),Held-out test MSE/MAE from the local legacy log; MAPE was not persisted.
SparseTSF,ETTh1,720,192,ok,0.4029437005519867,0.41150444746017456,,0.634778465728,265,,,265,0.001010895,logged_n_param,2026,36.2867,,0.8986,,,local_legacy_reproduction,validation-selected legacy run; test loss logged during training,note/results.csv,0.403,SparseTSF paper Tables 10-11 (transcribed in RESULTS.md),Held-out test MSE/MAE from the local legacy log; MAPE was not persisted.
FreTS,ETTh1,720,192,ok,0.47743508219718933,0.4779393672943115,,0.690966773584,23708736,,,23708736,90.441650391,logged_n_param,2026,41.8537,,1.4721,,,local_legacy_reproduction,validation-selected legacy run; test loss logged during training,note/results.csv,,,Held-out test MSE/MAE from the local legacy log; MAPE was not persisted.
FilterNet,ETTh1,720,192,ok,0.4306679666042328,0.4501361846923828,,0.656252974549,234654,,,234654,0.895133972,logged_n_param,2026,22.1507,,1.7798,,,local_legacy_reproduction,validation-selected legacy run; test loss logged during training,note/results.csv,,,Held-out test MSE/MAE from the local legacy log; MAPE was not persisted.
iTransformer,ETTh1,720,192,ok,0.4344436228275299,0.45496997237205505,,0.659123374512,1025984,,,1025984,3.913818359,logged_n_param,2026,25.1912,,1.1943,,,local_legacy_reproduction,validation-selected legacy run; test loss logged during training,note/results.csv,,,Held-out test MSE/MAE from the local legacy log; MAPE was not persisted.
PatchTST,ETTh1,720,192,ok,0.4168654978275299,0.4354951083660126,,0.645651219954,294560,,,294560,1.123657227,logged_n_param,2026,57.0619,,0.8895,,,local_legacy_reproduction,validation-selected legacy run; test loss logged during training,note/results.csv,0.413,SparseTSF paper Tables 10-11 (transcribed in RESULTS.md),Held-out test MSE/MAE from the local legacy log; MAPE was not persisted.
DLinear,ETTh1,720,192,ok,0.4383701980113983,0.449484646320343,,0.662095308858,276864,,,276864,1.056152344,logged_n_param,2026,14.8714,,1.2098,,,local_legacy_reproduction,validation-selected legacy run; test loss logged during training,note/results.csv,0.443,SparseTSF paper Tables 10-11 (transcribed in RESULTS.md),Held-out test MSE/MAE from the local legacy log; MAPE was not persisted.
MixLinear,ETTh1,720,192,ok,0.409694641828537,0.4362536668777466,,0.640073934658,87,,,113,0.000431061,logged_n_param,2026,31.6947,,0.8139,,,local_legacy_reproduction,validation-selected legacy run; test loss logged during training,note/results.csv,,,Held-out test MSE/MAE from the local legacy log; MAPE was not persisted.
PhaseFormer,ETTh1,720,192,ok,0.3972869447343962,0.4085069641278778,9.7350020085799,0.630307024183,2092,,,2092,0.007980347,0716v2_audited_param_count,2021,69.77207088470459,,2.189896821975708,0.23254265151053802,35.48779296875,local_completion_strict,validation-selected checkpoint; one deferred held-out test; sample-weighted streaming metrics,outputs/completion_0716v2/COMPLETION_MATRIX_0716V2_RESULTS.csv,,,0716v2 missing-cell completion; MAPE computed with the locked historical no-epsilon definition.
FreqCycle,ETTh1,720,192,ok,0.4074214292585804,0.42838704570186187,10.146839034137317,0.638295722419,277600,160544,117056,277600,1.058959961,0716v2_audited_param_count,2026,73.3086748123169,,1.2768056392669678,0.10745923352445444,485.61328125,local_completion_strict,validation-selected checkpoint; one deferred held-out test; sample-weighted streaming metrics,outputs/completion_0716v2/COMPLETION_MATRIX_0716V2_RESULTS.csv,,,0716v2 missing-cell completion; MAPE computed with the locked historical no-epsilon definition.
Compact + Echo,ETTh1,720,336,ok,0.4175164320685205,0.43063318348536483,9.799080169022302,0.646155114557,6466,,,6466,0.024665833,locked_3seed_actual_param_count,"2024,2025,2026",29.66997496287028,,,,76.66259765625,local_compact_echo_locked_3seed_mean,validation-locked production route; three matched seeds; one deferred held-out test per checkpoint,analysis_exp/source_snapshot_0721v1/compact_echo_true9_88cells.csv,,,Production route arm=true_compact_echo; MAPE was streamed during the 0717v2 completion.
TQNet,ETTh1,720,336,ok,0.455739289522171,0.455806702375412,,0.675084653597,3143480,,,3143480,11.991424561,logged_n_param,2026,14.7777,,0.706,,,local_legacy_reproduction,validation-selected legacy run; test loss logged during training,note/results.csv,,,Held-out test MSE/MAE from the local legacy log; MAPE was not persisted.
CycleNet,ETTh1,720,336,ok,0.4455920159816742,0.4437824487686157,,0.66752679046,242424,,,242424,0.924774170,logged_n_param,2026,31.9896,,0.6181,,,local_legacy_reproduction,validation-selected legacy run; test loss logged during training,note/results.csv,,,Held-out test MSE/MAE from the local legacy log; MAPE was not persisted.
FITS,ETTh1,720,336,ok,0.43292757868766785,0.43993228673934937,,0.657972323649,48230,,,96460,0.367965698,logged_n_param,2026,46.7885,,0.9245,,,local_legacy_reproduction,validation-selected legacy run; test loss logged during training,note/results.csv,0.436,SparseTSF paper Tables 10-11 (transcribed in RESULTS.md),Held-out test MSE/MAE from the local legacy log; MAPE was not persisted.
SparseTSF,ETTh1,720,336,ok,0.4345642328262329,0.4278177320957184,,0.659214860896,445,,,445,0.001697540,logged_n_param,2026,21.8164,,0.7934,,,local_legacy_reproduction,validation-selected legacy run; test loss logged during training,note/results.csv,0.434,SparseTSF paper Tables 10-11 (transcribed in RESULTS.md),Held-out test MSE/MAE from the local legacy log; MAPE was not persisted.
FreTS,ETTh1,720,336,ok,0.5327762961387634,0.5147860050201416,,0.72991526641,23745744,,,23745744,90.582824707,logged_n_param,2026,34.0099,,1.3463,,,local_legacy_reproduction,validation-selected legacy run; test loss logged during training,note/results.csv,,,Held-out test MSE/MAE from the local legacy log; MAPE was not persisted.
FilterNet,ETTh1,720,336,ok,0.4505031406879425,0.46356743574142456,,0.671195307409,271662,,,271662,1.036308289,logged_n_param,2026,22.3034,,1.6371,,,local_legacy_reproduction,validation-selected legacy run; test loss logged during training,note/results.csv,,,Held-out test MSE/MAE from the local legacy log; MAPE was not persisted.
iTransformer,ETTh1,720,336,ok,0.4941021203994751,0.49454429745674133,,0.702923979104,3698512,,,3698512,14.108703613,logged_n_param,2026,23.0423,,1.1001,,,local_legacy_reproduction,validation-selected legacy run; test loss logged during training,note/results.csv,,,Held-out test MSE/MAE from the local legacy log; MAPE was not persisted.
PatchTST,ETTh1,720,336,ok,0.4494304955005646,0.45870718359947205,,0.670395775271,502064,,,502064,1.915222168,logged_n_param,2026,52.2939,,0.8659,,,local_legacy_reproduction,validation-selected legacy run; test loss logged during training,note/results.csv,0.440,SparseTSF paper Tables 10-11 (transcribed in RESULTS.md),Held-out test MSE/MAE from the local legacy log; MAPE was not persisted.
DLinear,ETTh1,720,336,ok,0.46796172857284546,0.4713420271873474,,0.684077282603,484512,,,484512,1.848266602,logged_n_param,2026,15.5535,,0.9919,,,local_legacy_reproduction,validation-selected legacy run; test loss logged during training,note/results.csv,0.446,SparseTSF paper Tables 10-11 (transcribed in RESULTS.md),Held-out test MSE/MAE from the local legacy log; MAPE was not persisted.
MixLinear,ETTh1,720,336,ok,0.41350579261779785,0.43624699115753174,,0.643044160706,111,,,149,0.000568390,logged_n_param,2026,48.1081,,0.786,,,local_legacy_reproduction,validation-selected legacy run; test loss logged during training,note/results.csv,,,Held-out test MSE/MAE from the local legacy log; MAPE was not persisted.
PhaseFormer,ETTh1,720,336,ok,0.42069972497236074,0.42183714006421885,9.432073184299307,0.648613694715,2122,,,2122,0.008094788,0716v2_audited_param_count,2021,67.76952052116394,,2.1837592124938965,0.24165919012607812,35.84814453125,local_completion_strict,validation-selected checkpoint; one deferred held-out test; sample-weighted streaming metrics,outputs/completion_0716v2/COMPLETION_MATRIX_0716V2_RESULTS.csv,,,0716v2 missing-cell completion; MAPE computed with the locked historical no-epsilon definition.
FreqCycle,ETTh1,720,336,ok,0.45578015727498766,0.46149956654164304,9.597630377562952,0.675114921532,1126528,585008,541520,1126528,4.297363281,0716v2_audited_param_count,2026,68.21390843391418,,1.6928246021270752,0.17250238173075885,490.29345703125,local_completion_strict,validation-selected checkpoint; one deferred held-out test; sample-weighted streaming metrics,outputs/completion_0716v2/COMPLETION_MATRIX_0716V2_RESULTS.csv,,,0716v2 missing-cell completion; MAPE computed with the locked historical no-epsilon definition.
Compact + Echo,ETTh1,720,720,ok,0.4358386222735263,0.4578737296699502,9.992879901705347,0.660180749699,6978,,,6978,0.026618958,locked_3seed_actual_param_count,"2024,2025,2026",36.51154716809591,,,,101.61572265625,local_compact_echo_locked_3seed_mean,validation-locked production route; three matched seeds; one deferred held-out test per checkpoint,analysis_exp/source_snapshot_0721v1/compact_echo_true9_88cells.csv,,,Production route arm=true_compact_echo; MAPE was streamed during the 0717v2 completion.
TQNet,ETTh1,720,720,ok,0.5055779814720154,0.5041306018829346,,0.71104007023,3340472,,,3340472,12.742889404,logged_n_param,2026,15.6686,,0.8898,,,local_legacy_reproduction,validation-selected legacy run; test loss logged during training,note/results.csv,,,Held-out test MSE/MAE from the local legacy log; MAPE was not persisted.
CycleNet,ETTh1,720,720,ok,0.47718533873558044,0.4819819927215576,,0.690786029633,519288,,,519288,1.980926514,logged_n_param,2026,25.5823,,0.7245,,,local_legacy_reproduction,validation-selected legacy run; test loss logged during training,note/results.csv,,,Held-out test MSE/MAE from the local legacy log; MAPE was not persisted.
FITS,ETTh1,720,720,ok,0.43090853095054626,0.45682865381240845,,0.656436235251,65884,,,131768,0.502655029,logged_n_param,2026,57.5627,,0.9953,,,local_legacy_reproduction,validation-selected legacy run; test loss logged during training,note/results.csv,0.433,SparseTSF paper Tables 10-11 (transcribed in RESULTS.md),Held-out test MSE/MAE from the local legacy log; MAPE was not persisted.
SparseTSF,ETTh1,720,720,ok,0.42561429738998413,0.4450589716434479,,0.652391214985,925,,,925,0.003528595,logged_n_param,2026,32.3056,,0.9095,,,local_legacy_reproduction,validation-selected legacy run; test loss logged during training,note/results.csv,0.426,SparseTSF paper Tables 10-11 (transcribed in RESULTS.md),Held-out test MSE/MAE from the local legacy log; MAPE was not persisted.
FreTS,ETTh1,720,720,ok,0.5945382118225098,0.5498382449150085,,0.771063040109,23844432,,,23844432,90.959289551,logged_n_param,2026,40.6602,,1.4034,,,local_legacy_reproduction,validation-selected legacy run; test loss logged during training,note/results.csv,,,Held-out test MSE/MAE from the local legacy log; MAPE was not persisted.
FilterNet,ETTh1,720,720,ok,0.502188503742218,0.5007496476173401,,0.708652597358,370350,,,370350,1.412773132,logged_n_param,2026,22.526,,1.5679,,,local_legacy_reproduction,validation-selected legacy run; test loss logged during training,note/results.csv,,,Held-out test MSE/MAE from the local legacy log; MAPE was not persisted.
iTransformer,ETTh1,720,720,ok,0.5749146342277527,0.5505433082580566,,0.758231253793,3895504,,,3895504,14.860168457,logged_n_param,2026,23.2791,,1.199,,,local_legacy_reproduction,validation-selected legacy run; test loss logged during training,note/results.csv,,,Held-out test MSE/MAE from the local legacy log; MAPE was not persisted.
PatchTST,ETTh1,720,720,ok,0.47029203176498413,0.48533669114112854,,0.685778413021,1055408,,,1055408,4.026062012,logged_n_param,2026,56.6182,,0.8945,,,local_legacy_reproduction,validation-selected legacy run; test loss logged during training,note/results.csv,0.456,SparseTSF paper Tables 10-11 (transcribed in RESULTS.md),Held-out test MSE/MAE from the local legacy log; MAPE was not persisted.
DLinear,ETTh1,720,720,ok,0.5079513192176819,0.5209159255027771,,0.712707036038,1038240,,,1038240,3.960571289,logged_n_param,2026,14.4739,,1.1549,,,local_legacy_reproduction,validation-selected legacy run; test loss logged during training,note/results.csv,0.504,SparseTSF paper Tables 10-11 (transcribed in RESULTS.md),Held-out test MSE/MAE from the local legacy log; MAPE was not persisted.
MixLinear,ETTh1,720,720,ok,0.42420992255210876,0.4573168456554413,,0.651313996896,167,,,237,0.000904083,logged_n_param,2026,34.9494,,0.8115,,,local_legacy_reproduction,validation-selected legacy run; test loss logged during training,note/results.csv,,,Held-out test MSE/MAE from the local legacy log; MAPE was not persisted.
PhaseFormer,ETTh1,720,720,ok,0.42282657818554875,0.44440911633925306,9.195235863931497,0.650251165463,60762,,,60762,0.231788635,0716v2_audited_param_count,2021,97.22778868675232,,2.2286369800567627,0.2927824571273604,40.37744140625,local_completion_strict,validation-selected checkpoint; one deferred held-out test; sample-weighted streaming metrics,outputs/completion_0716v2/COMPLETION_MATRIX_0716V2_RESULTS.csv,,,0716v2 missing-cell completion; MAPE computed with the locked historical no-epsilon definition.
FreqCycle,ETTh1,720,720,ok,0.4867874891367912,0.49520079611366524,9.987719185022877,0.697701575988,1520512,782000,738512,1520512,5.800292969,0716v2_audited_param_count,2026,66.84770464897156,,1.6735172271728516,0.19468823602972127,496.48046875,local_completion_strict,validation-selected checkpoint; one deferred held-out test; sample-weighted streaming metrics,outputs/completion_0716v2/COMPLETION_MATRIX_0716V2_RESULTS.csv,,,0716v2 missing-cell completion; MAPE computed with the locked historical no-epsilon definition.
Compact + Echo,ETTh2,720,96,ok,0.27183636185586063,0.33622367132836944,1.4684180756769774,0.521379287905,6146,,,6146,0.023445129,locked_3seed_actual_param_count,"2024,2025,2026",19.549346923828125,,,,61.212890625,local_compact_echo_locked_3seed_mean,validation-locked production route; three matched seeds; one deferred held-out test per checkpoint,analysis_exp/source_snapshot_0721v1/compact_echo_true9_88cells.csv,,,Production route arm=true_compact_echo; MAPE was streamed during the 0717v2 completion.
TQNet,ETTh2,720,96,ok,0.2887498438358307,0.35072454810142517,,0.537354486197,3020360,,,3020360,11.521759033,logged_n_param,2026,16.248,,0.731,,,local_legacy_reproduction,validation-selected legacy run; test loss logged during training,note/results.csv,,,Held-out test MSE/MAE from the local legacy log; MAPE was not persisted.
CycleNet,ETTh2,720,96,ok,0.27115511894226074,0.337828665971756,,0.520725569703,69384,,,69384,0.264678955,logged_n_param,2026,29.5258,,0.5498,,,local_legacy_reproduction,validation-selected legacy run; test loss logged during training,note/results.csv,,,Held-out test MSE/MAE from the local legacy log; MAPE was not persisted.
FITS,ETTh2,720,96,ok,0.27274051308631897,0.3382429778575897,,0.522245644392,37310,,,74620,0.284652710,logged_n_param,2026,55.8001,,0.9424,,,local_legacy_reproduction,validation-selected legacy run; test loss logged during training,note/results.csv,0.272,SparseTSF paper Tables 10-11 (transcribed in RESULTS.md),Held-out test MSE/MAE from the local legacy log; MAPE was not persisted.
SparseTSF,ETTh2,720,96,ok,0.28404802083969116,0.3423610031604767,,0.532961556625,145,,,145,0.000553131,logged_n_param,2026,36.4025,,0.8031,,,local_legacy_reproduction,validation-selected legacy run; test loss logged during training,note/results.csv,0.294,SparseTSF paper Tables 10-11 (transcribed in RESULTS.md),Held-out test MSE/MAE from the local legacy log; MAPE was not persisted.
FreTS,ETTh2,720,96,ok,0.3707292079925537,0.4145609140396118,,0.608875363266,23684064,,,23684064,90.347534180,logged_n_param,2026,68.9444,,1.3608,,,local_legacy_reproduction,validation-selected legacy run; test loss logged during training,note/results.csv,,,Held-out test MSE/MAE from the local legacy log; MAPE was not persisted.
FilterNet,ETTh2,720,96,ok,0.3217521905899048,0.3762148320674896,,0.567232042986,209982,,,209982,0.801017761,logged_n_param,2026,21.5728,,1.6273,,,local_legacy_reproduction,validation-selected legacy run; test loss logged during training,note/results.csv,,,Held-out test MSE/MAE from the local legacy log; MAPE was not persisted.
iTransformer,ETTh2,720,96,ok,0.3086549937725067,0.3621634840965271,,0.555567272049,304096,,,304096,1.160034180,logged_n_param,2026,28.5744,,1.2679,,,local_legacy_reproduction,validation-selected legacy run; test loss logged during training,note/results.csv,,,Held-out test MSE/MAE from the local legacy log; MAPE was not persisted.
PatchTST,ETTh2,720,96,ok,0.2772338092327118,0.3396688997745514,,0.526529969928,156224,,,156224,0.595947266,logged_n_param,2026,71.8896,,0.8383,,,local_legacy_reproduction,validation-selected legacy run; test loss logged during training,note/results.csv,0.274,SparseTSF paper Tables 10-11 (transcribed in RESULTS.md),Held-out test MSE/MAE from the local legacy log; MAPE was not persisted.
DLinear,ETTh2,720,96,ok,0.3480552136898041,0.4015803039073944,,0.589962044279,138432,,,138432,0.528076172,logged_n_param,2026,15.2245,,1.2144,,,local_legacy_reproduction,validation-selected legacy run; test loss logged during training,note/results.csv,0.282,SparseTSF paper Tables 10-11 (transcribed in RESULTS.md),Held-out test MSE/MAE from the local legacy log; MAPE was not persisted.
MixLinear,ETTh2,720,96,ok,0.28609880805015564,0.3452703654766083,,0.534882050596,87,,,125,0.000476837,logged_n_param,2026,42.7418,,1.0425,,,local_legacy_reproduction,validation-selected legacy run; test loss logged during training,note/results.csv,,,Held-out test MSE/MAE from the local legacy log; MAPE was not persisted.
PhaseFormer,ETTh2,720,96,ok,0.28082173777457065,0.3420242965856847,1.4004708366256415,0.529926162568,1716,,,1716,0.006546021,0716v2_audited_param_count,2021,51.59871506690979,,2.195845603942871,0.18251275800877456,35.21142578125,local_completion_strict,validation-selected checkpoint; one deferred held-out test; sample-weighted streaming metrics,outputs/completion_0716v2/COMPLETION_MATRIX_0716V2_RESULTS.csv,,,0716v2 missing-cell completion; MAPE computed with the locked historical no-epsilon definition.
FreqCycle,ETTh2,720,96,ok,0.28375551100771296,0.3449739611589283,1.5283931367728005,0.53268706668,252832,148160,104672,252832,0.964477539,0716v2_audited_param_count,2026,78.09758400917053,,1.8037047386169434,0.1681176935534931,484.5576171875,local_completion_strict,validation-selected checkpoint; one deferred held-out test; sample-weighted streaming metrics,outputs/completion_0716v2/COMPLETION_MATRIX_0716V2_RESULTS.csv,,,0716v2 missing-cell completion; MAPE computed with the locked historical no-epsilon definition.
Compact + Echo,ETTh2,720,192,ok,0.34257065129629816,0.38434614478579954,1.6499881650227737,0.585295353899,6274,,,6274,0.023933411,locked_3seed_actual_param_count,"2024,2025,2026",18.487871487935383,,,,67.04345703125,local_compact_echo_locked_3seed_mean,validation-locked production route; three matched seeds; one deferred held-out test per checkpoint,analysis_exp/source_snapshot_0721v1/compact_echo_true9_88cells.csv,,,Production route arm=true_compact_echo; MAPE was streamed during the 0717v2 completion.
TQNet,ETTh2,720,192,ok,0.36291444301605225,0.39711615443229675,,0.602423806814,3069608,,,3069608,11.709625244,logged_n_param,2026,18.3542,,0.7164,,,local_legacy_reproduction,validation-selected legacy run; test loss logged during training,note/results.csv,,,Held-out test MSE/MAE from the local legacy log; MAPE was not persisted.
CycleNet,ETTh2,720,192,ok,0.3313729465007782,0.3797982335090637,,0.575650020847,138600,,,138600,0.528717041,logged_n_param,2026,38.0757,,0.5936,,,local_legacy_reproduction,validation-selected legacy run; test loss logged during training,note/results.csv,,,Held-out test MSE/MAE from the local legacy log; MAPE was not persisted.
FITS,ETTh2,720,192,ok,0.33196765184402466,0.37570351362228394,,0.57616634043,41678,,,83356,0.317977905,logged_n_param,2026,57.1367,,0.9296,,,local_legacy_reproduction,validation-selected legacy run; test loss logged during training,note/results.csv,0.333,SparseTSF paper Tables 10-11 (transcribed in RESULTS.md),Held-out test MSE/MAE from the local legacy log; MAPE was not persisted.
SparseTSF,ETTh2,720,192,ok,0.34183478355407715,0.3785141110420227,,0.584666386544,265,,,265,0.001010895,logged_n_param,2026,25.1456,,0.7086,,,local_legacy_reproduction,validation-selected legacy run; test loss logged during training,note/results.csv,0.339,SparseTSF paper Tables 10-11 (transcribed in RESULTS.md),Held-out test MSE/MAE from the local legacy log; MAPE was not persisted.
FreTS,ETTh2,720,192,ok,0.5145644545555115,0.4894672632217407,,0.717331481643,23708736,,,23708736,90.441650391,logged_n_param,2026,45.5597,,1.3596,,,local_legacy_reproduction,validation-selected legacy run; test loss logged during training,note/results.csv,,,Held-out test MSE/MAE from the local legacy log; MAPE was not persisted.
FilterNet,ETTh2,720,192,ok,0.37776389718055725,0.4094568192958832,,0.614625005333,234654,,,234654,0.895133972,logged_n_param,2026,21.8022,,1.6662,,,local_legacy_reproduction,validation-selected legacy run; test loss logged during training,note/results.csv,,,Held-out test MSE/MAE from the local legacy log; MAPE was not persisted.
iTransformer,ETTh2,720,192,ok,0.38932549953460693,0.41134998202323914,,0.623959533571,316480,,,316480,1.207275391,logged_n_param,2026,28.7687,,1.305,,,local_legacy_reproduction,validation-selected legacy run; test loss logged during training,note/results.csv,,,Held-out test MSE/MAE from the local legacy log; MAPE was not persisted.
PatchTST,ETTh2,720,192,ok,0.3519377112388611,0.3888952434062958,,0.593243382802,294560,,,294560,1.123657227,logged_n_param,2026,92.7529,,0.8929,,,local_legacy_reproduction,validation-selected legacy run; test loss logged during training,note/results.csv,0.338,SparseTSF paper Tables 10-11 (transcribed in RESULTS.md),Held-out test MSE/MAE from the local legacy log; MAPE was not persisted.
DLinear,ETTh2,720,192,ok,0.38725677132606506,0.4228920042514801,,0.62229958326,276864,,,276864,1.056152344,logged_n_param,2026,33.8976,,1.0891,,,local_legacy_reproduction,validation-selected legacy run; test loss logged during training,note/results.csv,0.350,SparseTSF paper Tables 10-11 (transcribed in RESULTS.md),Held-out test MSE/MAE from the local legacy log; MAPE was not persisted.
MixLinear,ETTh2,720,192,ok,0.3425609767436981,0.37977486848831177,,0.585287089165,107,,,153,0.000583649,logged_n_param,2026,46.0769,,0.7601,,,local_legacy_reproduction,validation-selected legacy run; test loss logged during training,note/results.csv,,,Held-out test MSE/MAE from the local legacy log; MAPE was not persisted.
PhaseFormer,ETTh2,720,192,ok,0.34368438444588867,0.3825884273653326,1.5540056433374223,0.586246010175,1752,,,1752,0.006683350,0716v2_audited_param_count,2021,65.12428545951843,,1.5841524600982666,0.14708367065177083,35.45166015625,local_completion_strict,validation-selected checkpoint; one deferred held-out test; sample-weighted streaming metrics,outputs/completion_0716v2/COMPLETION_MATRIX_0716V2_RESULTS.csv,,,0716v2 missing-cell completion; MAPE computed with the locked historical no-epsilon definition.
FreqCycle,ETTh2,720,192,ok,0.35394702042991477,0.39308966036211757,1.6216733401138586,0.594934467341,277600,160544,117056,277600,1.058959961,0716v2_audited_param_count,2026,73.79602885246277,,1.7968673706054688,0.17100378355602208,485.61328125,local_completion_strict,validation-selected checkpoint; one deferred held-out test; sample-weighted streaming metrics,outputs/completion_0716v2/COMPLETION_MATRIX_0716V2_RESULTS.csv,,,0716v2 missing-cell completion; MAPE computed with the locked historical no-epsilon definition.
Compact + Echo,ETTh2,720,336,ok,0.3788769690770103,0.41448211134220886,1.8570056014564873,0.615529827934,6466,,,6466,0.024665833,locked_3seed_actual_param_count,"2024,2025,2026",18.280039469401043,,,,76.66259765625,local_compact_echo_locked_3seed_mean,validation-locked production route; three matched seeds; one deferred held-out test per checkpoint,analysis_exp/source_snapshot_0721v1/compact_echo_true9_88cells.csv,,,Production route arm=true_compact_echo; MAPE was streamed during the 0717v2 completion.
TQNet,ETTh2,720,336,ok,0.3828412592411041,0.41631078720092773,,0.618741674078,3143480,,,3143480,11.991424561,logged_n_param,2026,17.9869,,0.7609,,,local_legacy_reproduction,validation-selected legacy run; test loss logged during training,note/results.csv,,,Held-out test MSE/MAE from the local legacy log; MAPE was not persisted.
CycleNet,ETTh2,720,336,ok,0.3668234050273895,0.4114667773246765,,0.605659479433,242424,,,242424,0.924774170,logged_n_param,2026,24.0713,,0.7094,,,local_legacy_reproduction,validation-selected legacy run; test loss logged during training,note/results.csv,,,Held-out test MSE/MAE from the local legacy log; MAPE was not persisted.
FITS,ETTh2,720,336,ok,0.3548415005207062,0.39678412675857544,,0.595685739733,48230,,,96460,0.367965698,logged_n_param,2026,59.3209,,0.8818,,,local_legacy_reproduction,validation-selected legacy run; test loss logged during training,note/results.csv,0.355,SparseTSF paper Tables 10-11 (transcribed in RESULTS.md),Held-out test MSE/MAE from the local legacy log; MAPE was not persisted.
SparseTSF,ETTh2,720,336,ok,0.3661781847476959,0.4016106426715851,,0.605126585722,445,,,445,0.001697540,logged_n_param,2026,23.6272,,0.8135,,,local_legacy_reproduction,validation-selected legacy run; test loss logged during training,note/results.csv,0.359,SparseTSF paper Tables 10-11 (transcribed in RESULTS.md),Held-out test MSE/MAE from the local legacy log; MAPE was not persisted.
FreTS,ETTh2,720,336,ok,0.5026333928108215,0.4981009066104889,,0.708966425729,23745744,,,23745744,90.582824707,logged_n_param,2026,33.6209,,1.196,,,local_legacy_reproduction,validation-selected legacy run; test loss logged during training,note/results.csv,,,Held-out test MSE/MAE from the local legacy log; MAPE was not persisted.
FilterNet,ETTh2,720,336,ok,0.40695375204086304,0.43629100918769836,,0.637929268839,271662,,,271662,1.036308289,logged_n_param,2026,22.1234,,1.6393,,,local_legacy_reproduction,validation-selected legacy run; test loss logged during training,note/results.csv,,,Held-out test MSE/MAE from the local legacy log; MAPE was not persisted.
iTransformer,ETTh2,720,336,ok,0.4855862259864807,0.47082096338272095,,0.696840172483,335056,,,335056,1.278137207,logged_n_param,2026,35.5718,,1.2251,,,local_legacy_reproduction,validation-selected legacy run; test loss logged during training,note/results.csv,,,Held-out test MSE/MAE from the local legacy log; MAPE was not persisted.
PatchTST,ETTh2,720,336,ok,0.3638736605644226,0.4047430157661438,,0.603219413285,502064,,,502064,1.915222168,logged_n_param,2026,57.644,,0.8349,,,local_legacy_reproduction,validation-selected legacy run; test loss logged during training,note/results.csv,0.367,SparseTSF paper Tables 10-11 (transcribed in RESULTS.md),Held-out test MSE/MAE from the local legacy log; MAPE was not persisted.
DLinear,ETTh2,720,336,ok,0.570676326751709,0.5266774892807007,,0.755431219074,484512,,,484512,1.848266602,logged_n_param,2026,15.5187,,1.0563,,,local_legacy_reproduction,validation-selected legacy run; test loss logged during training,note/results.csv,0.414,SparseTSF paper Tables 10-11 (transcribed in RESULTS.md),Held-out test MSE/MAE from the local legacy log; MAPE was not persisted.
MixLinear,ETTh2,720,336,ok,0.3601621091365814,0.39837104082107544,,0.600135075743,131,,,189,0.000720978,logged_n_param,2026,40.9427,,0.7938,,,local_legacy_reproduction,validation-selected legacy run; test loss logged during training,note/results.csv,,,Held-out test MSE/MAE from the local legacy log; MAPE was not persisted.
PhaseFormer,ETTh2,720,336,ok,0.37291029008701454,0.40806764040988774,1.7407477444726998,0.610663811018,1806,,,1806,0.006889343,0716v2_audited_param_count,2021,50.224345445632935,,2.0865418910980225,0.1806256414367314,35.81201171875,local_completion_strict,validation-selected checkpoint; one deferred held-out test; sample-weighted streaming metrics,outputs/completion_0716v2/COMPLETION_MATRIX_0716V2_RESULTS.csv,,,0716v2 missing-cell completion; MAPE computed with the locked historical no-epsilon definition.
FreqCycle,ETTh2,720,336,ok,0.38029544764733003,0.4203060562392038,1.8786741461017709,0.616680993422,1126528,585008,541520,1126528,4.297363281,0716v2_audited_param_count,2026,77.4927327632904,,1.148845911026001,0.0970078783186632,490.29345703125,local_completion_strict,validation-selected checkpoint; one deferred held-out test; sample-weighted streaming metrics,outputs/completion_0716v2/COMPLETION_MATRIX_0716V2_RESULTS.csv,,,0716v2 missing-cell completion; MAPE computed with the locked historical no-epsilon definition.
Compact + Echo,ETTh2,720,720,ok,0.4107922921275708,0.4471098261938487,2.2164687425671614,0.640930801357,6978,,,6978,0.026618958,locked_3seed_actual_param_count,"2024,2025,2026",19.788083871205647,,,,101.61572265625,local_compact_echo_locked_3seed_mean,validation-locked production route; three matched seeds; one deferred held-out test per checkpoint,analysis_exp/source_snapshot_0721v1/compact_echo_true9_88cells.csv,,,Production route arm=true_compact_echo; MAPE was streamed during the 0717v2 completion.
TQNet,ETTh2,720,720,ok,0.4228421449661255,0.45209822058677673,,0.650263135174,3340472,,,3340472,12.742889404,logged_n_param,2026,18.1384,,0.9385,,,local_legacy_reproduction,validation-selected legacy run; test loss logged during training,note/results.csv,,,Held-out test MSE/MAE from the local legacy log; MAPE was not persisted.
CycleNet,ETTh2,720,720,ok,0.4179643392562866,0.45116937160491943,,0.646501615819,519288,,,519288,1.980926514,logged_n_param,2026,23.9941,,0.7292,,,local_legacy_reproduction,validation-selected legacy run; test loss logged during training,note/results.csv,,,Held-out test MSE/MAE from the local legacy log; MAPE was not persisted.
FITS,ETTh2,720,720,ok,0.3782028257846832,0.42392873764038086,,0.614981971918,65884,,,131768,0.502655029,logged_n_param,2026,63.7319,,1.01,,,local_legacy_reproduction,validation-selected legacy run; test loss logged during training,note/results.csv,0.378,SparseTSF paper Tables 10-11 (transcribed in RESULTS.md),Held-out test MSE/MAE from the local legacy log; MAPE was not persisted.
SparseTSF,ETTh2,720,720,ok,0.3816608488559723,0.42367666959762573,,0.617787057857,925,,,925,0.003528595,logged_n_param,2026,30.6028,,0.9521,,,local_legacy_reproduction,validation-selected legacy run; test loss logged during training,note/results.csv,0.383,SparseTSF paper Tables 10-11 (transcribed in RESULTS.md),Held-out test MSE/MAE from the local legacy log; MAPE was not persisted.
FreTS,ETTh2,720,720,ok,0.8486284017562866,0.6630163192749023,,0.921210291821,23844432,,,23844432,90.959289551,logged_n_param,2026,33.4383,,1.3136,,,local_legacy_reproduction,validation-selected legacy run; test loss logged during training,note/results.csv,,,Held-out test MSE/MAE from the local legacy log; MAPE was not persisted.
FilterNet,ETTh2,720,720,ok,0.42345696687698364,0.451883465051651,,0.650735712004,370350,,,370350,1.412773132,logged_n_param,2026,21.8501,,1.5976,,,local_legacy_reproduction,validation-selected legacy run; test loss logged during training,note/results.csv,,,Held-out test MSE/MAE from the local legacy log; MAPE was not persisted.
iTransformer,ETTh2,720,720,ok,0.4310358762741089,0.46062490344047546,,0.656533225568,384592,,,384592,1.467102051,logged_n_param,2026,25.5202,,1.3669,,,local_legacy_reproduction,validation-selected legacy run; test loss logged during training,note/results.csv,,,Held-out test MSE/MAE from the local legacy log; MAPE was not persisted.
PatchTST,ETTh2,720,720,ok,0.396075040102005,0.4358846843242645,,0.629344929353,1055408,,,1055408,4.026062012,logged_n_param,2026,60.3994,,0.874,,,local_legacy_reproduction,validation-selected legacy run; test loss logged during training,note/results.csv,0.391,SparseTSF paper Tables 10-11 (transcribed in RESULTS.md),Held-out test MSE/MAE from the local legacy log; MAPE was not persisted.
DLinear,ETTh2,720,720,ok,0.7751088738441467,0.6260589957237244,,0.8804026771,1038240,,,1038240,3.960571289,logged_n_param,2026,26.4875,,1.1498,,,local_legacy_reproduction,validation-selected legacy run; test loss logged during training,note/results.csv,0.588,SparseTSF paper Tables 10-11 (transcribed in RESULTS.md),Held-out test MSE/MAE from the local legacy log; MAPE was not persisted.
MixLinear,ETTh2,720,720,ok,0.3805728256702423,0.42355766892433167,,0.616905848303,187,,,277,0.001056671,logged_n_param,2026,62.1185,,0.9475,,,local_legacy_reproduction,validation-selected legacy run; test loss logged during training,note/results.csv,,,Held-out test MSE/MAE from the local legacy log; MAPE was not persisted.
PhaseFormer,ETTh2,720,720,ok,0.4059946719379988,0.4406318914845568,2.073329920515827,0.637177111907,718,,,718,0.002738953,0716v2_audited_param_count,2021,84.17939400672913,,1.8417246341705322,0.1863404842975348,36.38134765625,local_completion_strict,validation-selected checkpoint; one deferred held-out test; sample-weighted streaming metrics,outputs/completion_0716v2/COMPLETION_MATRIX_0716V2_RESULTS.csv,,,0716v2 missing-cell completion; MAPE computed with the locked historical no-epsilon definition.
FreqCycle,ETTh2,720,720,ok,0.41944466466771874,0.4498965471413718,2.1191325982142937,0.647645477609,1520512,782000,738512,1520512,5.800292969,0716v2_audited_param_count,2026,71.5767674446106,,1.7758347988128662,0.20311237566047233,496.48046875,local_completion_strict,validation-selected checkpoint; one deferred held-out test; sample-weighted streaming metrics,outputs/completion_0716v2/COMPLETION_MATRIX_0716V2_RESULTS.csv,,,0716v2 missing-cell completion; MAPE computed with the locked historical no-epsilon definition.
Compact + Echo,ETTm1,720,96,ok,0.288290250063404,0.3422012131529091,2.1763085780536002,0.53692667103,10426,,,10426,0.039772034,locked_3seed_actual_param_count,"2024,2025,2026",61.76528151830038,,,,61.22705078125,local_compact_echo_locked_3seed_mean,validation-locked production route; three matched seeds; one deferred held-out test per checkpoint,analysis_exp/source_snapshot_0721v1/compact_echo_true9_88cells.csv,,,Production route arm=true_compact_echo; MAPE was streamed during the 0717v2 completion.
TQNet,ETTm1,720,96,ok,0.2986374795436859,0.35090240836143494,,0.546477336716,3020864,,,3020864,11.523681641,logged_n_param,2026,28.8972,,1.2363,,,local_legacy_reproduction,validation-selected legacy run; test loss logged during training,note/results.csv,,,Held-out test MSE/MAE from the local legacy log; MAPE was not persisted.
CycleNet,ETTm1,720,96,ok,0.3093375861644745,0.35583487153053284,,0.556181252978,69888,,,69888,0.266601562,logged_n_param,2026,37.1349,,1.1622,,,local_legacy_reproduction,validation-selected legacy run; test loss logged during training,note/results.csv,,,Held-out test MSE/MAE from the local legacy log; MAPE was not persisted.
FITS,ETTm1,720,96,ok,0.3188023865222931,0.35981908440589905,,0.56462588191,2112,,,4224,0.016113281,logged_n_param,2026,122.3225,,1.9892,,,local_legacy_reproduction,validation-selected legacy run; test loss logged during training,note/results.csv,0.305,SparseTSF paper Tables 10-11 (transcribed in RESULTS.md),Held-out test MSE/MAE from the local legacy log; MAPE was not persisted.
SparseTSF,ETTm1,720,96,ok,0.3385867476463318,0.3711400032043457,,0.58188207366,145,,,145,0.000553131,logged_n_param,2026,52.6705,,1.4243,,,local_legacy_reproduction,validation-selected legacy run; test loss logged during training,note/results.csv,0.314,SparseTSF paper Tables 10-11 (transcribed in RESULTS.md),Held-out test MSE/MAE from the local legacy log; MAPE was not persisted.
FreTS,ETTm1,720,96,ok,0.36896827816963196,0.38762760162353516,,0.607427590886,23684064,,,23684064,90.347534180,logged_n_param,2026,133.2056,,3.8675,,,local_legacy_reproduction,validation-selected legacy run; test loss logged during training,note/results.csv,,,Held-out test MSE/MAE from the local legacy log; MAPE was not persisted.
FilterNet,ETTm1,720,96,ok,0.320210725069046,0.36763253808021545,,0.565871650703,209982,,,209982,0.801017761,logged_n_param,2026,72.5406,,3.3358,,,local_legacy_reproduction,validation-selected legacy run; test loss logged during training,note/results.csv,,,Held-out test MSE/MAE from the local legacy log; MAPE was not persisted.
iTransformer,ETTm1,720,96,ok,0.31721365451812744,0.37108859419822693,,0.563217235637,304096,,,304096,1.160034180,logged_n_param,2026,83.9107,,3.5872,,,local_legacy_reproduction,validation-selected legacy run; test loss logged during training,note/results.csv,,,Held-out test MSE/MAE from the local legacy log; MAPE was not persisted.
PatchTST,ETTm1,720,96,ok,0.29760363698005676,0.3523174524307251,,0.545530601323,1517152,,,1517152,5.787475586,logged_n_param,2026,261.2999,,2.3061,,,local_legacy_reproduction,validation-selected legacy run; test loss logged during training,note/results.csv,0.293,SparseTSF paper Tables 10-11 (transcribed in RESULTS.md),Held-out test MSE/MAE from the local legacy log; MAPE was not persisted.
DLinear,ETTm1,720,96,ok,0.31389403343200684,0.3563418984413147,,0.560262468341,138432,,,138432,0.528076172,logged_n_param,2026,34.69,,3.1483,,,local_legacy_reproduction,validation-selected legacy run; test loss logged during training,note/results.csv,0.299,SparseTSF paper Tables 10-11 (transcribed in RESULTS.md),Held-out test MSE/MAE from the local legacy log; MAPE was not persisted.
MixLinear,ETTm1,720,96,ok,0.33563119173049927,0.37527450919151306,,0.579336855146,653,,,1037,0.003955841,logged_n_param,2026,72.7179,,2.0505,,,local_legacy_reproduction,validation-selected legacy run; test loss logged during training,note/results.csv,,,Held-out test MSE/MAE from the local legacy log; MAPE was not persisted.
PhaseFormer,ETTm1,720,96,ok,0.3053578749152823,0.35166851241709385,2.200527371027191,0.552591960596,3666,,,3666,0.013984680,0716v2_audited_param_count,2021,517.0434741973877,,4.03636622428894,0.1258664815411526,35.701171875,local_completion_strict,validation-selected checkpoint; one deferred held-out test; sample-weighted streaming metrics,outputs/completion_0716v2/COMPLETION_MATRIX_0716V2_RESULTS.csv,,,0716v2 missing-cell completion; MAPE computed with the locked historical no-epsilon definition.
FreqCycle,ETTm1,720,96,ok,0.2970054792030497,0.3528414653657353,2.2578036622225306,0.544982090718,253336,148664,104672,253336,0.966400146,0716v2_audited_param_count,2026,300.68732833862305,,2.0585615634918213,0.0734102277643571,484.5595703125,local_completion_strict,validation-selected checkpoint; one deferred held-out test; sample-weighted streaming metrics,outputs/completion_0716v2/COMPLETION_MATRIX_0716V2_RESULTS.csv,,,0716v2 missing-cell completion; MAPE computed with the locked historical no-epsilon definition.
Compact + Echo,ETTm1,720,192,ok,0.32585606796890215,0.36451246202562354,2.2605909658793624,0.570838040051,10490,,,10490,0.040016174,locked_3seed_actual_param_count,"2024,2025,2026",57.04284119606018,,,,68.3720703125,local_compact_echo_locked_3seed_mean,validation-locked production route; three matched seeds; one deferred held-out test per checkpoint,analysis_exp/source_snapshot_0721v1/compact_echo_true9_88cells.csv,,,Production route arm=true_compact_echo; MAPE was streamed during the 0717v2 completion.
TQNet,ETTm1,720,192,ok,0.3308126628398895,0.3722689151763916,,0.575163161929,3070112,,,3070112,11.711547852,logged_n_param,2026,29.3237,,1.2689,,,local_legacy_reproduction,validation-selected legacy run; test loss logged during training,note/results.csv,,,Held-out test MSE/MAE from the local legacy log; MAPE was not persisted.
CycleNet,ETTm1,720,192,ok,0.33956289291381836,0.37396177649497986,,0.582720252706,139104,,,139104,0.530639648,logged_n_param,2026,41.1443,,1.2227,,,local_legacy_reproduction,validation-selected legacy run; test loss logged during training,note/results.csv,,,Held-out test MSE/MAE from the local legacy log; MAPE was not persisted.
FITS,ETTm1,720,192,ok,0.34534579515457153,0.3743635416030884,,0.587661292884,2376,,,4752,0.018127441,logged_n_param,2026,128.6049,,2.0696,,,local_legacy_reproduction,validation-selected legacy run; test loss logged during training,note/results.csv,0.339,SparseTSF paper Tables 10-11 (transcribed in RESULTS.md),Held-out test MSE/MAE from the local legacy log; MAPE was not persisted.
SparseTSF,ETTm1,720,192,ok,0.36108458042144775,0.3823169767856598,,0.600903137304,265,,,265,0.001010895,logged_n_param,2026,45.3886,,1.4543,,,local_legacy_reproduction,validation-selected legacy run; test loss logged during training,note/results.csv,0.343,SparseTSF paper Tables 10-11 (transcribed in RESULTS.md),Held-out test MSE/MAE from the local legacy log; MAPE was not persisted.
FreTS,ETTm1,720,192,ok,0.4003933072090149,0.42054328322410583,,0.632766392288,23708736,,,23708736,90.441650391,logged_n_param,2026,108.0971,,3.8122,,,local_legacy_reproduction,validation-selected legacy run; test loss logged during training,note/results.csv,,,Held-out test MSE/MAE from the local legacy log; MAPE was not persisted.
FilterNet,ETTm1,720,192,ok,0.3602975010871887,0.38974472880363464,,0.600247866375,234654,,,234654,0.895133972,logged_n_param,2026,68.0655,,3.13,,,local_legacy_reproduction,validation-selected legacy run; test loss logged during training,note/results.csv,,,Held-out test MSE/MAE from the local legacy log; MAPE was not persisted.
iTransformer,ETTm1,720,192,ok,0.34846290946006775,0.3873361051082611,,0.590307470273,316480,,,316480,1.207275391,logged_n_param,2026,85.8856,,3.3699,,,local_legacy_reproduction,validation-selected legacy run; test loss logged during training,note/results.csv,,,Held-out test MSE/MAE from the local legacy log; MAPE was not persisted.
PatchTST,ETTm1,720,192,ok,0.33582746982574463,0.3738658130168915,,0.579506229324,2623168,,,2623168,10.006591797,logged_n_param,2026,251.5335,,2.4573,,,local_legacy_reproduction,validation-selected legacy run; test loss logged during training,note/results.csv,0.333,SparseTSF paper Tables 10-11 (transcribed in RESULTS.md),Held-out test MSE/MAE from the local legacy log; MAPE was not persisted.
DLinear,ETTm1,720,192,ok,0.34316131472587585,0.37610408663749695,,0.585799722368,276864,,,276864,1.056152344,logged_n_param,2026,36.7291,,3.021,,,local_legacy_reproduction,validation-selected legacy run; test loss logged during training,note/results.csv,0.335,SparseTSF paper Tables 10-11 (transcribed in RESULTS.md),Held-out test MSE/MAE from the local legacy log; MAPE was not persisted.
MixLinear,ETTm1,720,192,ok,0.3530093729496002,0.383041113615036,,0.594145918903,863,,,1343,0.005123138,logged_n_param,2026,75.5851,,1.9271,,,local_legacy_reproduction,validation-selected legacy run; test loss logged during training,note/results.csv,,,Held-out test MSE/MAE from the local legacy log; MAPE was not persisted.
PhaseFormer,ETTm1,720,192,ok,0.32924923462942507,0.36400617675608665,2.275541670527556,0.57380243519,3702,,,3702,0.014122009,0716v2_audited_param_count,2021,421.9841477870941,,4.1483025550842285,0.12628166785159362,35.94140625,local_completion_strict,validation-selected checkpoint; one deferred held-out test; sample-weighted streaming metrics,outputs/completion_0716v2/COMPLETION_MATRIX_0716V2_RESULTS.csv,,,0716v2 missing-cell completion; MAPE computed with the locked historical no-epsilon definition.
FreqCycle,ETTm1,720,192,ok,0.33381343302802186,0.37340903933586833,2.3180905456912635,0.577765898118,278104,161048,117056,278104,1.060882568,0716v2_audited_param_count,2026,285.2446961402893,,2.5570945739746094,0.07779515476699898,485.615234375,local_completion_strict,validation-selected checkpoint; one deferred held-out test; sample-weighted streaming metrics,outputs/completion_0716v2/COMPLETION_MATRIX_0716V2_RESULTS.csv,,,0716v2 missing-cell completion; MAPE computed with the locked historical no-epsilon definition.
Compact + Echo,ETTm1,720,336,ok,0.35571871095958196,0.38220478923143136,2.3115791412413604,0.596421588274,10554,,,10554,0.040260315,locked_3seed_actual_param_count,"2024,2025,2026",63.30623483657837,,,,76.677734375,local_compact_echo_locked_3seed_mean,validation-locked production route; three matched seeds; one deferred held-out test per checkpoint,analysis_exp/source_snapshot_0721v1/compact_echo_true9_88cells.csv,,,Production route arm=true_compact_echo; MAPE was streamed during the 0717v2 completion.
TQNet,ETTm1,720,336,ok,0.37157607078552246,0.3963717520236969,,0.609570398548,3143984,,,3143984,11.993347168,logged_n_param,2026,28.2441,,1.2942,,,local_legacy_reproduction,validation-selected legacy run; test loss logged during training,note/results.csv,,,Held-out test MSE/MAE from the local legacy log; MAPE was not persisted.
CycleNet,ETTm1,720,336,ok,0.3641086220741272,0.387827068567276,,0.603414138113,242928,,,242928,0.926696777,logged_n_param,2026,47.5126,,1.43,,,local_legacy_reproduction,validation-selected legacy run; test loss logged during training,note/results.csv,,,Held-out test MSE/MAE from the local legacy log; MAPE was not persisted.
FITS,ETTm1,720,336,ok,0.37235257029533386,0.3899894654750824,,0.610206989714,2772,,,5544,0.021148682,logged_n_param,2026,140.741,,2.1269,,,local_legacy_reproduction,validation-selected legacy run; test loss logged during training,note/results.csv,0.367,SparseTSF paper Tables 10-11 (transcribed in RESULTS.md),Held-out test MSE/MAE from the local legacy log; MAPE was not persisted.
SparseTSF,ETTm1,720,336,ok,0.3762289881706238,0.39092615246772766,,0.613375079515,445,,,445,0.001697540,logged_n_param,2026,49.1139,,1.512,,,local_legacy_reproduction,validation-selected legacy run; test loss logged during training,note/results.csv,0.369,SparseTSF paper Tables 10-11 (transcribed in RESULTS.md),Held-out test MSE/MAE from the local legacy log; MAPE was not persisted.
FreTS,ETTm1,720,336,ok,0.4148719906806946,0.4258573651313782,,0.644105574173,23745744,,,23745744,90.582824707,logged_n_param,2026,150.0164,,3.9277,,,local_legacy_reproduction,validation-selected legacy run; test loss logged during training,note/results.csv,,,Held-out test MSE/MAE from the local legacy log; MAPE was not persisted.
FilterNet,ETTm1,720,336,ok,0.38700515031814575,0.4022761583328247,,0.622097380093,271662,,,271662,1.036308289,logged_n_param,2026,44.4435,,3.3058,,,local_legacy_reproduction,validation-selected legacy run; test loss logged during training,note/results.csv,,,Held-out test MSE/MAE from the local legacy log; MAPE was not persisted.
iTransformer,ETTm1,720,336,ok,0.37996354699134827,0.4072243571281433,,0.616411832293,335056,,,335056,1.278137207,logged_n_param,2026,87.4292,,3.7184,,,local_legacy_reproduction,validation-selected legacy run; test loss logged during training,note/results.csv,,,Held-out test MSE/MAE from the local legacy log; MAPE was not persisted.
PatchTST,ETTm1,720,336,ok,0.36382463574409485,0.39491942524909973,,0.60317877594,4282192,,,4282192,16.335266113,logged_n_param,2026,269.7923,,2.6159,,,local_legacy_reproduction,validation-selected legacy run; test loss logged during training,note/results.csv,0.369,SparseTSF paper Tables 10-11 (transcribed in RESULTS.md),Held-out test MSE/MAE from the local legacy log; MAPE was not persisted.
DLinear,ETTm1,720,336,ok,0.37182700634002686,0.39314696192741394,,0.609776193648,484512,,,484512,1.848266602,logged_n_param,2026,38.1106,,3.1995,,,local_legacy_reproduction,validation-selected legacy run; test loss logged during training,note/results.csv,0.369,SparseTSF paper Tables 10-11 (transcribed in RESULTS.md),Held-out test MSE/MAE from the local legacy log; MAPE was not persisted.
MixLinear,ETTm1,720,336,ok,0.3919742703437805,0.40890514850616455,,0.62607848577,1121,,,1745,0.006656647,logged_n_param,2026,70.2372,,2.0263,,,local_legacy_reproduction,validation-selected legacy run; test loss logged during training,note/results.csv,,,Held-out test MSE/MAE from the local legacy log; MAPE was not persisted.
PhaseFormer,ETTm1,720,336,ok,0.36209356748023186,0.38296277483523167,2.3287008469469823,0.601742110443,1806,,,1806,0.006889343,0716v2_audited_param_count,2021,305.74800419807434,,3.8076062202453613,0.08888158665792613,35.81201171875,local_completion_strict,validation-selected checkpoint; one deferred held-out test; sample-weighted streaming metrics,outputs/completion_0716v2/COMPLETION_MATRIX_0716V2_RESULTS.csv,,,0716v2 missing-cell completion; MAPE computed with the locked historical no-epsilon definition.
FreqCycle,ETTm1,720,336,ok,0.37142398440746227,0.39404398784531763,2.384491892020171,0.609445636958,315256,179624,135632,315256,1.202606201,0716v2_audited_param_count,2026,285.68284010887146,,2.5204739570617676,0.07532154545887379,487.19873046875,local_completion_strict,validation-selected checkpoint; one deferred held-out test; sample-weighted streaming metrics,outputs/completion_0716v2/COMPLETION_MATRIX_0716V2_RESULTS.csv,,,0716v2 missing-cell completion; MAPE computed with the locked historical no-epsilon definition.
Compact + Echo,ETTm1,720,720,ok,0.40520507211021006,0.40904080041888824,2.433455830839392,0.636557202544,10682,,,10682,0.040748596,locked_3seed_actual_param_count,"2024,2025,2026",84.92836952209473,,,,101.62939453125,local_compact_echo_locked_3seed_mean,validation-locked production route; three matched seeds; one deferred held-out test per checkpoint,analysis_exp/source_snapshot_0721v1/compact_echo_true9_88cells.csv,,,Production route arm=true_compact_echo; MAPE was streamed during the 0717v2 completion.
TQNet,ETTm1,720,720,ok,0.43777579069137573,0.4331223964691162,,0.661646273088,3340976,,,3340976,12.744812012,logged_n_param,2026,35.4416,,1.8072,,,local_legacy_reproduction,validation-selected legacy run; test loss logged during training,note/results.csv,,,Held-out test MSE/MAE from the local legacy log; MAPE was not persisted.
CycleNet,ETTm1,720,720,ok,0.4093974232673645,0.41126078367233276,,0.639841717355,519792,,,519792,1.982849121,logged_n_param,2026,84.292,,1.6927,,,local_legacy_reproduction,validation-selected legacy run; test loss logged during training,note/results.csv,,,Held-out test MSE/MAE from the local legacy log; MAPE was not persisted.
FITS,ETTm1,720,720,ok,0.4203034043312073,0.4157411456108093,,0.648308109105,3784,,,7568,0.028869629,logged_n_param,2026,165.1736,,2.451,,,local_legacy_reproduction,validation-selected legacy run; test loss logged during training,note/results.csv,0.418,SparseTSF paper Tables 10-11 (transcribed in RESULTS.md),Held-out test MSE/MAE from the local legacy log; MAPE was not persisted.
SparseTSF,ETTm1,720,720,ok,0.42289260029792786,0.41502055525779724,,0.650301930105,925,,,925,0.003528595,logged_n_param,2026,73.6894,,1.7159,,,local_legacy_reproduction,validation-selected legacy run; test loss logged during training,note/results.csv,0.418,SparseTSF paper Tables 10-11 (transcribed in RESULTS.md),Held-out test MSE/MAE from the local legacy log; MAPE was not persisted.
FreTS,ETTm1,720,720,ok,0.4764655530452728,0.4650174677371979,,0.690264842684,23844432,,,23844432,90.959289551,logged_n_param,2026,112.898,,4.182,,,local_legacy_reproduction,validation-selected legacy run; test loss logged during training,note/results.csv,,,Held-out test MSE/MAE from the local legacy log; MAPE was not persisted.
FilterNet,ETTm1,720,720,ok,0.43667763471603394,0.4262752830982208,,0.660815885641,370350,,,370350,1.412773132,logged_n_param,2026,49.5747,,3.68,,,local_legacy_reproduction,validation-selected legacy run; test loss logged during training,note/results.csv,,,Held-out test MSE/MAE from the local legacy log; MAPE was not persisted.
iTransformer,ETTm1,720,720,ok,0.44203829765319824,0.44574812054634094,,0.664859607476,384592,,,384592,1.467102051,logged_n_param,2026,94.614,,3.975,,,local_legacy_reproduction,validation-selected legacy run; test loss logged during training,note/results.csv,,,Held-out test MSE/MAE from the local legacy log; MAPE was not persisted.
PatchTST,ETTm1,720,720,ok,0.4156937301158905,0.4180508852005005,,0.644743150499,8706256,,,8706256,33.211730957,logged_n_param,2026,228.6588,,2.8979,,,local_legacy_reproduction,validation-selected legacy run; test loss logged during training,note/results.csv,0.416,SparseTSF paper Tables 10-11 (transcribed in RESULTS.md),Held-out test MSE/MAE from the local legacy log; MAPE was not persisted.
DLinear,ETTm1,720,720,ok,0.42246609926223755,0.4216175675392151,,0.649973921986,1038240,,,1038240,3.960571289,logged_n_param,2026,42.8384,,3.5505,,,local_legacy_reproduction,validation-selected legacy run; test loss logged during training,note/results.csv,0.425,SparseTSF paper Tables 10-11 (transcribed in RESULTS.md),Held-out test MSE/MAE from the local legacy log; MAPE was not persisted.
MixLinear,ETTm1,720,720,ok,0.42960551381111145,0.42673730850219727,,0.655442990512,1733,,,2741,0.010456085,logged_n_param,2026,93.4918,,2.4656,,,local_legacy_reproduction,validation-selected legacy run; test loss logged during training,note/results.csv,,,Held-out test MSE/MAE from the local legacy log; MAPE was not persisted.
PhaseFormer,ETTm1,720,720,ok,0.4152755834713985,0.4122993853738193,2.422738976389299,0.644418795095,3900,,,3900,0.014877319,0716v2_audited_param_count,2021,252.98810505867004,,3.983254909515381,0.12610679542882589,37.26318359375,local_completion_strict,validation-selected checkpoint; one deferred held-out test; sample-weighted streaming metrics,outputs/completion_0716v2/COMPLETION_MATRIX_0716V2_RESULTS.csv,,,0716v2 missing-cell completion; MAPE computed with the locked historical no-epsilon definition.
FreqCycle,ETTm1,720,720,ok,0.42364218956291,0.42031713161882805,2.4384517423417686,0.650878014349,414328,229160,185168,414328,1.580535889,0716v2_audited_param_count,2026,273.7984836101532,,2.6386635303497314,0.07778144213564556,491.7333984375,local_completion_strict,validation-selected checkpoint; one deferred held-out test; sample-weighted streaming metrics,outputs/completion_0716v2/COMPLETION_MATRIX_0716V2_RESULTS.csv,,,0716v2 missing-cell completion; MAPE computed with the locked historical no-epsilon definition.
Compact + Echo,ETTm2,720,96,ok,0.1602366646226315,0.25003215846101945,1.0605870743087245,0.400295721464,10426,,,10426,0.039772034,locked_3seed_actual_param_count,"2024,2025,2026",49.51119486490885,,,,61.22705078125,local_compact_echo_locked_3seed_mean,validation-locked production route; three matched seeds; one deferred held-out test per checkpoint,analysis_exp/source_snapshot_0721v1/compact_echo_true9_88cells.csv,,,Production route arm=true_compact_echo; MAPE was streamed during the 0717v2 completion.
TQNet,ETTm2,720,96,ok,0.17146673798561096,0.2624165415763855,,0.414085423537,3020864,,,3020864,11.523681641,logged_n_param,2026,23.0261,,1.2624,,,local_legacy_reproduction,validation-selected legacy run; test loss logged during training,note/results.csv,,,Held-out test MSE/MAE from the local legacy log; MAPE was not persisted.
CycleNet,ETTm2,720,96,ok,0.1597035527229309,0.2496950775384903,,0.399629269102,69888,,,69888,0.266601562,logged_n_param,2026,82.6988,,1.3723,,,local_legacy_reproduction,validation-selected legacy run; test loss logged during training,note/results.csv,,,Held-out test MSE/MAE from the local legacy log; MAPE was not persisted.
FITS,ETTm2,720,96,ok,0.16739100217819214,0.25845155119895935,,0.40913445489,2112,,,4224,0.016113281,logged_n_param,2026,120.7604,,1.9396,,,local_legacy_reproduction,validation-selected legacy run; test loss logged during training,note/results.csv,0.164,SparseTSF paper Tables 10-11 (transcribed in RESULTS.md),Held-out test MSE/MAE from the local legacy log; MAPE was not persisted.
SparseTSF,ETTm2,720,96,ok,0.17622493207454681,0.26380181312561035,,0.419791534067,145,,,145,0.000553131,logged_n_param,2026,81.8243,,1.2503,,,local_legacy_reproduction,validation-selected legacy run; test loss logged during training,note/results.csv,0.165,SparseTSF paper Tables 10-11 (transcribed in RESULTS.md),Held-out test MSE/MAE from the local legacy log; MAPE was not persisted.
FreTS,ETTm2,720,96,ok,0.17445601522922516,0.26340344548225403,,0.417679321046,23684064,,,23684064,90.347534180,logged_n_param,2026,199.2471,,3.9006,,,local_legacy_reproduction,validation-selected legacy run; test loss logged during training,note/results.csv,,,Held-out test MSE/MAE from the local legacy log; MAPE was not persisted.
FilterNet,ETTm2,720,96,ok,0.18691499531269073,0.2752159833908081,,0.432336668943,209982,,,209982,0.801017761,logged_n_param,2026,46.5134,,3.2563,,,local_legacy_reproduction,validation-selected legacy run; test loss logged during training,note/results.csv,,,Held-out test MSE/MAE from the local legacy log; MAPE was not persisted.
iTransformer,ETTm2,720,96,ok,0.18659758567810059,0.28062236309051514,,0.431969426786,304096,,,304096,1.160034180,logged_n_param,2026,71.471,,3.5782,,,local_legacy_reproduction,validation-selected legacy run; test loss logged during training,note/results.csv,,,Held-out test MSE/MAE from the local legacy log; MAPE was not persisted.
PatchTST,ETTm2,720,96,ok,0.16342592239379883,0.2544896602630615,,0.404259721459,1517152,,,1517152,5.787475586,logged_n_param,2026,209.4624,,2.3087,,,local_legacy_reproduction,validation-selected legacy run; test loss logged during training,note/results.csv,0.166,SparseTSF paper Tables 10-11 (transcribed in RESULTS.md),Held-out test MSE/MAE from the local legacy log; MAPE was not persisted.
DLinear,ETTm2,720,96,ok,0.16871094703674316,0.26194196939468384,,0.410744381625,138432,,,138432,0.528076172,logged_n_param,2026,34.7975,,3.2605,,,local_legacy_reproduction,validation-selected legacy run; test loss logged during training,note/results.csv,0.167,SparseTSF paper Tables 10-11 (transcribed in RESULTS.md),Held-out test MSE/MAE from the local legacy log; MAPE was not persisted.
MixLinear,ETTm2,720,96,ok,0.16674456000328064,0.2568809390068054,,0.408343678785,653,,,1037,0.003955841,logged_n_param,2026,72.5163,,1.949,,,local_legacy_reproduction,validation-selected legacy run; test loss logged during training,note/results.csv,,,Held-out test MSE/MAE from the local legacy log; MAPE was not persisted.
PhaseFormer,ETTm2,720,96,ok,0.16878746210146844,0.2574966606491379,1.0255547166583272,0.410837513016,3666,,,3666,0.013984680,0716v2_audited_param_count,2021,398.38538551330566,,4.165933847427368,0.12302864823873508,35.701171875,local_completion_strict,validation-selected checkpoint; one deferred held-out test; sample-weighted streaming metrics,outputs/completion_0716v2/COMPLETION_MATRIX_0716V2_RESULTS.csv,,,0716v2 missing-cell completion; MAPE computed with the locked historical no-epsilon definition.
FreqCycle,ETTm2,720,96,ok,0.16493782530060144,0.2560801600607425,1.0272874536975918,0.406125381256,253336,148664,104672,253336,0.966400146,0716v2_audited_param_count,2026,268.2893726825714,,2.5533976554870605,0.08006630216763891,484.5595703125,local_completion_strict,validation-selected checkpoint; one deferred held-out test; sample-weighted streaming metrics,outputs/completion_0716v2/COMPLETION_MATRIX_0716V2_RESULTS.csv,,,0716v2 missing-cell completion; MAPE computed with the locked historical no-epsilon definition.
Compact + Echo,ETTm2,720,192,ok,0.21364361760195869,0.28839408727767046,1.1810000017044835,0.462215985879,10490,,,10490,0.040016174,locked_3seed_actual_param_count,"2024,2025,2026",38.371562242507935,,,,68.3720703125,local_compact_echo_locked_3seed_mean,validation-locked production route; three matched seeds; one deferred held-out test per checkpoint,analysis_exp/source_snapshot_0721v1/compact_echo_true9_88cells.csv,,,Production route arm=true_compact_echo; MAPE was streamed during the 0717v2 completion.
TQNet,ETTm2,720,192,ok,0.22500082850456238,0.2988210916519165,,0.474342522345,3070112,,,3070112,11.711547852,logged_n_param,2026,25.6077,,1.3137,,,local_legacy_reproduction,validation-selected legacy run; test loss logged during training,note/results.csv,,,Held-out test MSE/MAE from the local legacy log; MAPE was not persisted.
CycleNet,ETTm2,720,192,ok,0.2140214443206787,0.2885828912258148,,0.462624517639,139104,,,139104,0.530639648,logged_n_param,2026,94.7981,,1.3118,,,local_legacy_reproduction,validation-selected legacy run; test loss logged during training,note/results.csv,,,Held-out test MSE/MAE from the local legacy log; MAPE was not persisted.
FITS,ETTm2,720,192,ok,0.2208792269229889,0.2948889136314392,,0.469977900462,2376,,,4752,0.018127441,logged_n_param,2026,128.0696,,1.7557,,,local_legacy_reproduction,validation-selected legacy run; test loss logged during training,note/results.csv,0.217,SparseTSF paper Tables 10-11 (transcribed in RESULTS.md),Held-out test MSE/MAE from the local legacy log; MAPE was not persisted.
SparseTSF,ETTm2,720,192,ok,0.22570571303367615,0.29754388332366943,,0.475084953491,265,,,265,0.001010895,logged_n_param,2026,108.3927,,1.3276,,,local_legacy_reproduction,validation-selected legacy run; test loss logged during training,note/results.csv,0.218,SparseTSF paper Tables 10-11 (transcribed in RESULTS.md),Held-out test MSE/MAE from the local legacy log; MAPE was not persisted.
FreTS,ETTm2,720,192,ok,0.2562311887741089,0.31118595600128174,,0.506192837537,23708736,,,23708736,90.441650391,logged_n_param,2026,253.1309,,3.7493,,,local_legacy_reproduction,validation-selected legacy run; test loss logged during training,note/results.csv,,,Held-out test MSE/MAE from the local legacy log; MAPE was not persisted.
FilterNet,ETTm2,720,192,ok,0.23529069125652313,0.30522799491882324,,0.485067718217,234654,,,234654,0.895133972,logged_n_param,2026,74.1164,,3.2004,,,local_legacy_reproduction,validation-selected legacy run; test loss logged during training,note/results.csv,,,Held-out test MSE/MAE from the local legacy log; MAPE was not persisted.
iTransformer,ETTm2,720,192,ok,0.2423819899559021,0.3154045343399048,,0.492323054463,316480,,,316480,1.207275391,logged_n_param,2026,73.5098,,3.5511,,,local_legacy_reproduction,validation-selected legacy run; test loss logged during training,note/results.csv,,,Held-out test MSE/MAE from the local legacy log; MAPE was not persisted.
PatchTST,ETTm2,720,192,ok,0.21801498532295227,0.29457592964172363,,0.466920748439,2623168,,,2623168,10.006591797,logged_n_param,2026,199.2306,,2.4942,,,local_legacy_reproduction,validation-selected legacy run; test loss logged during training,note/results.csv,0.223,SparseTSF paper Tables 10-11 (transcribed in RESULTS.md),Held-out test MSE/MAE from the local legacy log; MAPE was not persisted.
DLinear,ETTm2,720,192,ok,0.28141874074935913,0.3610976040363312,,0.530489152339,276864,,,276864,1.056152344,logged_n_param,2026,36.3152,,3.0477,,,local_legacy_reproduction,validation-selected legacy run; test loss logged during training,note/results.csv,0.221,SparseTSF paper Tables 10-11 (transcribed in RESULTS.md),Held-out test MSE/MAE from the local legacy log; MAPE was not persisted.
MixLinear,ETTm2,720,192,ok,0.22234834730625153,0.2971177399158478,,0.471538277668,863,,,1343,0.005123138,logged_n_param,2026,74.801,,1.957,,,local_legacy_reproduction,validation-selected legacy run; test loss logged during training,note/results.csv,,,Held-out test MSE/MAE from the local legacy log; MAPE was not persisted.
PhaseFormer,ETTm2,720,192,ok,0.22705235778015842,0.3013958848988041,1.1956876828356304,0.476500113096,1752,,,1752,0.006683350,0716v2_audited_param_count,2021,183.79247117042542,,3.6308646202087402,0.08673823038812391,35.45166015625,local_completion_strict,validation-selected checkpoint; one deferred held-out test; sample-weighted streaming metrics,outputs/completion_0716v2/COMPLETION_MATRIX_0716V2_RESULTS.csv,,,0716v2 missing-cell completion; MAPE computed with the locked historical no-epsilon definition.
FreqCycle,ETTm2,720,192,ok,0.232964378064326,0.30398034119897205,1.1419074778303477,0.482663835463,278104,161048,117056,278104,1.060882568,0716v2_audited_param_count,2026,276.0690755844116,,2.729236125946045,0.08061223851068157,485.615234375,local_completion_strict,validation-selected checkpoint; one deferred held-out test; sample-weighted streaming metrics,outputs/completion_0716v2/COMPLETION_MATRIX_0716V2_RESULTS.csv,,,0716v2 missing-cell completion; MAPE computed with the locked historical no-epsilon definition.
Compact + Echo,ETTm2,720,336,ok,0.26811824283771507,0.32568922316369914,1.3124178088748342,0.517801354612,10554,,,10554,0.040260315,locked_3seed_actual_param_count,"2024,2025,2026",36.788962602615356,,,,76.677734375,local_compact_echo_locked_3seed_mean,validation-locked production route; three matched seeds; one deferred held-out test per checkpoint,analysis_exp/source_snapshot_0721v1/compact_echo_true9_88cells.csv,,,Production route arm=true_compact_echo; MAPE was streamed during the 0717v2 completion.
TQNet,ETTm2,720,336,ok,0.2821178436279297,0.33685624599456787,,0.5311476665,3143984,,,3143984,11.993347168,logged_n_param,2026,32.1819,,1.3934,,,local_legacy_reproduction,validation-selected legacy run; test loss logged during training,note/results.csv,,,Held-out test MSE/MAE from the local legacy log; MAPE was not persisted.
CycleNet,ETTm2,720,336,ok,0.2693482041358948,0.3256162703037262,,0.518987672432,242928,,,242928,0.926696777,logged_n_param,2026,57.2407,,1.3843,,,local_legacy_reproduction,validation-selected legacy run; test loss logged during training,note/results.csv,,,Held-out test MSE/MAE from the local legacy log; MAPE was not persisted.
FITS,ETTm2,720,336,ok,0.2718510627746582,0.32884758710861206,,0.521393385818,2772,,,5544,0.021148682,logged_n_param,2026,135.2312,,2.0269,,,local_legacy_reproduction,validation-selected legacy run; test loss logged during training,note/results.csv,0.269,SparseTSF paper Tables 10-11 (transcribed in RESULTS.md),Held-out test MSE/MAE from the local legacy log; MAPE was not persisted.
SparseTSF,ETTm2,720,336,ok,0.2746334671974182,0.3298884630203247,,0.524054832243,445,,,445,0.001697540,logged_n_param,2026,86.2228,,1.5362,,,local_legacy_reproduction,validation-selected legacy run; test loss logged during training,note/results.csv,0.272,SparseTSF paper Tables 10-11 (transcribed in RESULTS.md),Held-out test MSE/MAE from the local legacy log; MAPE was not persisted.
FreTS,ETTm2,720,336,ok,0.30655649304389954,0.3539564311504364,,0.553675440167,23745744,,,23745744,90.582824707,logged_n_param,2026,203.1625,,3.9906,,,local_legacy_reproduction,validation-selected legacy run; test loss logged during training,note/results.csv,,,Held-out test MSE/MAE from the local legacy log; MAPE was not persisted.
FilterNet,ETTm2,720,336,ok,0.2916852831840515,0.34817129373550415,,0.540078960138,271662,,,271662,1.036308289,logged_n_param,2026,63.4319,,3.37,,,local_legacy_reproduction,validation-selected legacy run; test loss logged during training,note/results.csv,,,Held-out test MSE/MAE from the local legacy log; MAPE was not persisted.
iTransformer,ETTm2,720,336,ok,0.30280736088752747,0.35462406277656555,,0.550279348047,335056,,,335056,1.278137207,logged_n_param,2026,74.8421,,3.4076,,,local_legacy_reproduction,validation-selected legacy run; test loss logged during training,note/results.csv,,,Held-out test MSE/MAE from the local legacy log; MAPE was not persisted.
PatchTST,ETTm2,720,336,ok,0.26922571659088135,0.3285997211933136,,0.518869652794,4282192,,,4282192,16.335266113,logged_n_param,2026,190.2377,,2.4808,,,local_legacy_reproduction,validation-selected legacy run; test loss logged during training,note/results.csv,0.274,SparseTSF paper Tables 10-11 (transcribed in RESULTS.md),Held-out test MSE/MAE from the local legacy log; MAPE was not persisted.
DLinear,ETTm2,720,336,ok,0.2988881468772888,0.3606742322444916,,0.546706636943,484512,,,484512,1.848266602,logged_n_param,2026,37.6778,,3.4146,,,local_legacy_reproduction,validation-selected legacy run; test loss logged during training,note/results.csv,0.274,SparseTSF paper Tables 10-11 (transcribed in RESULTS.md),Held-out test MSE/MAE from the local legacy log; MAPE was not persisted.
MixLinear,ETTm2,720,336,ok,0.27105197310447693,0.32762411236763,,0.520626519786,1121,,,1745,0.006656647,logged_n_param,2026,80.8076,,2.273,,,local_legacy_reproduction,validation-selected legacy run; test loss logged during training,note/results.csv,,,Held-out test MSE/MAE from the local legacy log; MAPE was not persisted.
PhaseFormer,ETTm2,720,336,ok,0.27777100951800937,0.33070541764270167,1.230644021002712,0.527039855721,1806,,,1806,0.006889343,0716v2_audited_param_count,2021,371.89084577560425,,3.6913909912109375,0.0921183326112995,35.81201171875,local_completion_strict,validation-selected checkpoint; one deferred held-out test; sample-weighted streaming metrics,outputs/completion_0716v2/COMPLETION_MATRIX_0716V2_RESULTS.csv,,,0716v2 missing-cell completion; MAPE computed with the locked historical no-epsilon definition.
FreqCycle,ETTm2,720,336,ok,0.2743032627902462,0.3314030488875804,1.2787185959873624,0.523739689913,315256,179624,135632,315256,1.202606201,0716v2_audited_param_count,2026,270.348370552063,,2.5354442596435547,0.07583662391060303,487.19873046875,local_completion_strict,validation-selected checkpoint; one deferred held-out test; sample-weighted streaming metrics,outputs/completion_0716v2/COMPLETION_MATRIX_0716V2_RESULTS.csv,,,0716v2 missing-cell completion; MAPE computed with the locked historical no-epsilon definition.
Compact + Echo,ETTm2,720,720,ok,0.35354117983555033,0.3845971089957836,1.5390252432131555,0.59459328943,10682,,,10682,0.040748596,locked_3seed_actual_param_count,"2024,2025,2026",43.05155531565348,,,,101.62939453125,local_compact_echo_locked_3seed_mean,validation-locked production route; three matched seeds; one deferred held-out test per checkpoint,analysis_exp/source_snapshot_0721v1/compact_echo_true9_88cells.csv,,,Production route arm=true_compact_echo; MAPE was streamed during the 0717v2 completion.
TQNet,ETTm2,720,720,ok,0.37288898229599,0.39936187863349915,,0.610646364352,3340976,,,3340976,12.744812012,logged_n_param,2026,30.2823,,1.5841,,,local_legacy_reproduction,validation-selected legacy run; test loss logged during training,note/results.csv,,,Held-out test MSE/MAE from the local legacy log; MAPE was not persisted.
CycleNet,ETTm2,720,720,ok,0.3579799234867096,0.38407352566719055,,0.598314234735,519792,,,519792,1.982849121,logged_n_param,2026,70.0721,,1.6964,,,local_legacy_reproduction,validation-selected legacy run; test loss logged during training,note/results.csv,,,Held-out test MSE/MAE from the local legacy log; MAPE was not persisted.
FITS,ETTm2,720,720,ok,0.35144495964050293,0.3798040747642517,,0.592827934261,3784,,,7568,0.028869629,logged_n_param,2026,163.9345,,2.3922,,,local_legacy_reproduction,validation-selected legacy run; test loss logged during training,note/results.csv,0.347,SparseTSF paper Tables 10-11 (transcribed in RESULTS.md),Held-out test MSE/MAE from the local legacy log; MAPE was not persisted.
SparseTSF,ETTm2,720,720,ok,0.355662077665329,0.38073480129241943,,0.596374108815,925,,,925,0.003528595,logged_n_param,2026,78.0668,,1.7847,,,local_legacy_reproduction,validation-selected legacy run; test loss logged during training,note/results.csv,0.350,SparseTSF paper Tables 10-11 (transcribed in RESULTS.md),Held-out test MSE/MAE from the local legacy log; MAPE was not persisted.
FreTS,ETTm2,720,720,ok,0.39043959975242615,0.4098762571811676,,0.624851662199,23844432,,,23844432,90.959289551,logged_n_param,2026,211.3172,,4.2555,,,local_legacy_reproduction,validation-selected legacy run; test loss logged during training,note/results.csv,,,Held-out test MSE/MAE from the local legacy log; MAPE was not persisted.
FilterNet,ETTm2,720,720,ok,0.3663069009780884,0.3985232710838318,,0.605232931175,370350,,,370350,1.412773132,logged_n_param,2026,49.2131,,3.6134,,,local_legacy_reproduction,validation-selected legacy run; test loss logged during training,note/results.csv,,,Held-out test MSE/MAE from the local legacy log; MAPE was not persisted.
iTransformer,ETTm2,720,720,ok,0.38059571385383606,0.40435343980789185,,0.616924398815,384592,,,384592,1.467102051,logged_n_param,2026,79.0737,,3.807,,,local_legacy_reproduction,validation-selected legacy run; test loss logged during training,note/results.csv,,,Held-out test MSE/MAE from the local legacy log; MAPE was not persisted.
PatchTST,ETTm2,720,720,ok,0.35128718614578247,0.3804495334625244,,0.592694850784,8706256,,,8706256,33.211730957,logged_n_param,2026,199.4576,,2.8494,,,local_legacy_reproduction,validation-selected legacy run; test loss logged during training,note/results.csv,0.362,SparseTSF paper Tables 10-11 (transcribed in RESULTS.md),Held-out test MSE/MAE from the local legacy log; MAPE was not persisted.
DLinear,ETTm2,720,720,ok,0.4505883753299713,0.4552929401397705,,0.671258799071,1038240,,,1038240,3.960571289,logged_n_param,2026,42.9428,,3.5981,,,local_legacy_reproduction,validation-selected legacy run; test loss logged during training,note/results.csv,0.368,SparseTSF paper Tables 10-11 (transcribed in RESULTS.md),Held-out test MSE/MAE from the local legacy log; MAPE was not persisted.
MixLinear,ETTm2,720,720,ok,0.35205966234207153,0.37995073199272156,,0.593346157266,1733,,,2741,0.010456085,logged_n_param,2026,93.3046,,2.4815,,,local_legacy_reproduction,validation-selected legacy run; test loss logged during training,note/results.csv,,,Held-out test MSE/MAE from the local legacy log; MAPE was not persisted.
PhaseFormer,ETTm2,720,720,ok,0.35222738315173197,0.37989953443658614,1.4452277513594265,0.593487475143,1950,,,1950,0.007438660,0716v2_audited_param_count,2021,205.55381035804749,,4.000018358230591,0.09824264758028439,36.7734375,local_completion_strict,validation-selected checkpoint; one deferred held-out test; sample-weighted streaming metrics,outputs/completion_0716v2/COMPLETION_MATRIX_0716V2_RESULTS.csv,,,0716v2 missing-cell completion; MAPE computed with the locked historical no-epsilon definition.
FreqCycle,ETTm2,720,720,ok,0.35915100628029467,0.38405713169943806,1.4390224842605166,0.599292087617,414328,229160,185168,414328,1.580535889,0716v2_audited_param_count,2026,274.6777696609497,,2.9878902435302734,0.08031567288760112,491.7333984375,local_completion_strict,validation-selected checkpoint; one deferred held-out test; sample-weighted streaming metrics,outputs/completion_0716v2/COMPLETION_MATRIX_0716V2_RESULTS.csv,,,0716v2 missing-cell completion; MAPE computed with the locked historical no-epsilon definition.
Compact + Echo,weather,720,96,ok,0.13868557605467655,0.18969989269860243,,0.372405123561,6126,,,6126,0.023368835,locked_3seed_actual_param_count,"2024,2025,2026",91.9153033097585,,,,105.23828125,local_compact_echo_locked_3seed_mean,validation-locked production route; three matched seeds; one deferred held-out test per checkpoint,analysis_exp/source_snapshot_0721v1/compact_echo_true9_88cells.csv,,,Production route arm=compact_echo; MAPE was not persisted for this anchor.
TQNet,weather,720,96,ok,0.1549634486436844,0.20761480927467346,,0.393653970695,3023216,,,3023216,11.532653809,logged_n_param,2026,71.9653,,2.4149,,,local_legacy_reproduction,validation-selected legacy run; test loss logged during training,note/results.csv,,,Held-out test MSE/MAE from the local legacy log; MAPE was not persisted.
CycleNet,weather,720,96,ok,0.16416355967521667,0.2196582853794098,,0.405171025217,72240,,,72240,0.275573730,logged_n_param,2026,78.2772,,1.6131,,,local_legacy_reproduction,validation-selected legacy run; test loss logged during training,note/results.csv,,,Held-out test MSE/MAE from the local legacy log; MAPE was not persisted.
FITS,weather,720,96,ok,0.17357486486434937,0.22936281561851501,,0.4166231689,1120,,,2240,0.008544922,logged_n_param,2026,165.4639,,2.3564,,,local_legacy_reproduction,validation-selected legacy run; test loss logged during training,note/results.csv,0.145,SparseTSF paper Tables 10-11 (transcribed in RESULTS.md),Held-out test MSE/MAE from the local legacy log; MAPE was not persisted.
SparseTSF,weather,720,96,ok,0.1802700012922287,0.2365075945854187,,0.42458214905,145,,,145,0.000553131,logged_n_param,2026,113.582,,1.9589,,,local_legacy_reproduction,validation-selected legacy run; test loss logged during training,note/results.csv,0.172,SparseTSF paper Tables 10-11 (transcribed in RESULTS.md),Held-out test MSE/MAE from the local legacy log; MAPE was not persisted.
FreTS,weather,720,96,ok,0.15549831092357635,0.21914157271385193,,0.394332741379,23684064,,,23684064,90.347534180,logged_n_param,2026,294.0459,,5.3955,,,local_legacy_reproduction,validation-selected legacy run; test loss logged during training,note/results.csv,,,Held-out test MSE/MAE from the local legacy log; MAPE was not persisted.
FilterNet,weather,720,96,ok,0.15866126120090485,0.21351312100887299,,0.398323061347,139274,,,139274,0.531288147,logged_n_param,2026,41.8085,,1.9316,,,local_legacy_reproduction,validation-selected legacy run; test loss logged during training,note/results.csv,,,Held-out test MSE/MAE from the local legacy log; MAPE was not persisted.
iTransformer,weather,720,96,ok,0.18142440915107727,0.23175014555454254,,0.425939443056,5153376,,,5153376,19.658569336,logged_n_param,2026,93.0942,,3.7705,,,local_legacy_reproduction,validation-selected legacy run; test loss logged during training,note/results.csv,,,Held-out test MSE/MAE from the local legacy log; MAPE was not persisted.
PatchTST,weather,720,96,ok,0.1517416089773178,0.20334701240062714,,0.389540253347,1517152,,,1517152,5.787475586,logged_n_param,2026,729.919,,4.5885,,,local_legacy_reproduction,validation-selected legacy run; test loss logged during training,note/results.csv,0.149,SparseTSF paper Tables 10-11 (transcribed in RESULTS.md),Held-out test MSE/MAE from the local legacy log; MAPE was not persisted.
DLinear,weather,720,96,ok,0.17131155729293823,0.23299820721149445,,0.41389800349,138432,,,138432,0.528076172,logged_n_param,2026,42.5962,,3.3541,,,local_legacy_reproduction,validation-selected legacy run; test loss logged during training,note/results.csv,0.176,SparseTSF paper Tables 10-11 (transcribed in RESULTS.md),Held-out test MSE/MAE from the local legacy log; MAPE was not persisted.
MixLinear,weather,720,96,ok,0.17508280277252197,0.23090596497058868,,0.418428969806,203,,,261,0.000995636,logged_n_param,2026,161.1296,,2.2979,,,local_legacy_reproduction,validation-selected legacy run; test loss logged during training,note/results.csv,,,Held-out test MSE/MAE from the local legacy log; MAPE was not persisted.
PhaseFormer,weather,720,96,ok,0.14861983060836792,0.19356034696102142,,0.38551242601,5616,,,5616,0.021423340,audited_baseline_param_count,2021,702.0,,,,,local_phaseformer_run_summary,standalone held-out test from validation-monitored run summary,baseline_2026_results/phaseformer/run_summary.json,,,Weather/Electricity locked reproduction; MAPE was not persisted.
FreqCycle,weather,720,96,ok,0.1471955227980287,0.20204465905476846,,0.383660687063,244858,140186,104672,244858,0.934059143,audited_registered_and_forward_active_numel,2026,414.7797996997833,,2.4050610065460205,,2066.25390625,local_strict_official_reproduction,validation-selected checkpoint; deferred held-out test; sample-weighted metrics,outputs/freqcycle_official/freqcycle_0716v1_results.csv,,,Official-port reproduction; registered count includes an upstream duplicate inactive MLP; MAPE was not persisted.
Compact + Echo,weather,720,192,ok,0.1816932686245894,0.23105610236359878,11.181514044389727,0.426254933842,15262,,,15262,0.058219910,locked_3seed_actual_param_count,"2024,2025,2026",87.42458701133728,,,,116.81005859375,local_compact_echo_locked_3seed_mean,validation-locked production route; three matched seeds; one deferred held-out test per checkpoint,analysis_exp/source_snapshot_0721v1/compact_echo_true9_88cells.csv,,,Production route arm=asy1_echo_fallback; MAPE was streamed during the 0717v2 completion.
TQNet,weather,720,192,ok,0.20860981941223145,0.25618526339530945,,0.45673823949,3072464,,,3072464,11.720520020,logged_n_param,2026,63.9863,,2.4525,,,local_legacy_reproduction,validation-selected legacy run; test loss logged during training,note/results.csv,,,Held-out test MSE/MAE from the local legacy log; MAPE was not persisted.
CycleNet,weather,720,192,ok,0.20949116349220276,0.25799620151519775,,0.457702046633,141456,,,141456,0.539611816,logged_n_param,2026,75.4902,,1.7617,,,local_legacy_reproduction,validation-selected legacy run; test loss logged during training,note/results.csv,,,Held-out test MSE/MAE from the local legacy log; MAPE was not persisted.
FITS,weather,720,192,ok,0.2152470201253891,0.2632787823677063,,0.46394721696,1248,,,2496,0.009521484,logged_n_param,2026,183.752,,2.4072,,,local_legacy_reproduction,validation-selected legacy run; test loss logged during training,note/results.csv,0.188,SparseTSF paper Tables 10-11 (transcribed in RESULTS.md),Held-out test MSE/MAE from the local legacy log; MAPE was not persisted.
SparseTSF,weather,720,192,ok,0.2194487303495407,0.26734650135040283,,0.468453551966,265,,,265,0.001010895,logged_n_param,2026,129.0077,,1.822,,,local_legacy_reproduction,validation-selected legacy run; test loss logged during training,note/results.csv,0.215,SparseTSF paper Tables 10-11 (transcribed in RESULTS.md),Held-out test MSE/MAE from the local legacy log; MAPE was not persisted.
FreTS,weather,720,192,ok,0.20071247220039368,0.262688547372818,,0.448009455481,23708736,,,23708736,90.441650391,logged_n_param,2026,325.4381,,5.381,,,local_legacy_reproduction,validation-selected legacy run; test loss logged during training,note/results.csv,,,Held-out test MSE/MAE from the local legacy log; MAPE was not persisted.
FilterNet,weather,720,192,ok,0.19939637184143066,0.24975721538066864,,0.446538208714,151658,,,151658,0.578529358,logged_n_param,2026,45.2874,,2.0534,,,local_legacy_reproduction,validation-selected legacy run; test loss logged during training,note/results.csv,,,Held-out test MSE/MAE from the local legacy log; MAPE was not persisted.
iTransformer,weather,720,192,ok,0.232009619474411,0.2711865305900574,,0.481673768722,5202624,,,5202624,19.846435547,logged_n_param,2026,96.4415,,3.9422,,,local_legacy_reproduction,validation-selected legacy run; test loss logged during training,note/results.csv,,,Held-out test MSE/MAE from the local legacy log; MAPE was not persisted.
PatchTST,weather,720,192,ok,0.19503802061080933,0.24352572858333588,,0.441631091083,2623168,,,2623168,10.006591797,logged_n_param,2026,806.9522,,4.6951,,,local_legacy_reproduction,validation-selected legacy run; test loss logged during training,note/results.csv,0.194,SparseTSF paper Tables 10-11 (transcribed in RESULTS.md),Held-out test MSE/MAE from the local legacy log; MAPE was not persisted.
DLinear,weather,720,192,ok,0.21318824589252472,0.26852819323539734,,0.461723126876,276864,,,276864,1.056152344,logged_n_param,2026,45.271,,3.345,,,local_legacy_reproduction,validation-selected legacy run; test loss logged during training,note/results.csv,0.218,SparseTSF paper Tables 10-11 (transcribed in RESULTS.md),Held-out test MSE/MAE from the local legacy log; MAPE was not persisted.
MixLinear,weather,720,192,ok,0.21804451942443848,0.26796767115592957,,0.466952373829,307,,,413,0.001575470,logged_n_param,2026,172.2429,,2.6282,,,local_legacy_reproduction,validation-selected legacy run; test loss logged during training,note/results.csv,,,Held-out test MSE/MAE from the local legacy log; MAPE was not persisted.
PhaseFormer,weather,720,192,ok,0.19274400174617767,0.23646798729896545,,0.439026197107,3702,,,3702,0.014122009,audited_baseline_param_count,2021,460.0,,,,,local_phaseformer_run_summary,standalone held-out test from validation-monitored run summary,baseline_2026_results/phaseformer/run_summary.json,,,Weather/Electricity locked reproduction; MAPE was not persisted.
FreqCycle,weather,720,192,ok,0.1911690479094778,0.24393977980156745,,0.437228827857,269626,152570,117056,269626,1.028541565,audited_registered_and_forward_active_numel,2026,412.51836585998535,,2.534628391265869,,2070.5673828125,local_strict_official_reproduction,validation-selected checkpoint; deferred held-out test; sample-weighted metrics,outputs/freqcycle_official/freqcycle_0716v1_results.csv,,,Official-port reproduction; registered count includes an upstream duplicate inactive MLP; MAPE was not persisted.
Compact + Echo,weather,720,336,ok,0.23229967296845855,0.2714597343543076,11.92910988588047,0.481974763829,17566,,,17566,0.067008972,locked_3seed_actual_param_count,"2024,2025,2026",106.47705348332723,,,,140.759765625,local_compact_echo_locked_3seed_mean,validation-locked production route; three matched seeds; one deferred held-out test per checkpoint,analysis_exp/source_snapshot_0721v1/compact_echo_true9_88cells.csv,,,Production route arm=asy1_echo_fallback; MAPE was streamed during the 0717v2 completion.
TQNet,weather,720,336,ok,0.26260775327682495,0.29763278365135193,,0.51245268394,3146336,,,3146336,12.002319336,logged_n_param,2026,76.752,,2.5948,,,local_legacy_reproduction,validation-selected legacy run; test loss logged during training,note/results.csv,,,Held-out test MSE/MAE from the local legacy log; MAPE was not persisted.
CycleNet,weather,720,336,ok,0.2557961046695709,0.29278653860092163,,0.505762893725,245280,,,245280,0.935668945,logged_n_param,2026,74.2924,,1.8367,,,local_legacy_reproduction,validation-selected legacy run; test loss logged during training,note/results.csv,,,Held-out test MSE/MAE from the local legacy log; MAPE was not persisted.
FITS,weather,720,336,ok,0.25971662998199463,0.2964123785495758,,0.509624008443,1440,,,2880,0.010986328,logged_n_param,2026,205.6572,,2.744,,,local_legacy_reproduction,validation-selected legacy run; test loss logged during training,note/results.csv,0.236,SparseTSF paper Tables 10-11 (transcribed in RESULTS.md),Held-out test MSE/MAE from the local legacy log; MAPE was not persisted.
SparseTSF,weather,720,336,ok,0.2655036151409149,0.3023287355899811,,0.515270429135,445,,,445,0.001697540,logged_n_param,2026,123.6896,,2.3074,,,local_legacy_reproduction,validation-selected legacy run; test loss logged during training,note/results.csv,0.260,SparseTSF paper Tables 10-11 (transcribed in RESULTS.md),Held-out test MSE/MAE from the local legacy log; MAPE was not persisted.
FreTS,weather,720,336,ok,0.24665631353855133,0.29744794964790344,,0.496645057902,23745744,,,23745744,90.582824707,logged_n_param,2026,360.7133,,5.5903,,,local_legacy_reproduction,validation-selected legacy run; test loss logged during training,note/results.csv,,,Held-out test MSE/MAE from the local legacy log; MAPE was not persisted.
FilterNet,weather,720,336,ok,0.2690029740333557,0.3035426735877991,,0.518654966267,170234,,,170234,0.649391174,logged_n_param,2026,56.9955,,2.2201,,,local_legacy_reproduction,validation-selected legacy run; test loss logged during training,note/results.csv,,,Held-out test MSE/MAE from the local legacy log; MAPE was not persisted.
iTransformer,weather,720,336,ok,0.29379788041114807,0.31381893157958984,,0.542031254091,5276496,,,5276496,20.128234863,logged_n_param,2026,116.9553,,3.8655,,,local_legacy_reproduction,validation-selected legacy run; test loss logged during training,note/results.csv,,,Held-out test MSE/MAE from the local legacy log; MAPE was not persisted.
PatchTST,weather,720,336,ok,0.2447805404663086,0.2843873202800751,,0.494753009558,4282192,,,4282192,16.335266113,logged_n_param,2026,1118.2862,,4.8448,,,local_legacy_reproduction,validation-selected legacy run; test loss logged during training,note/results.csv,0.245,SparseTSF paper Tables 10-11 (transcribed in RESULTS.md),Held-out test MSE/MAE from the local legacy log; MAPE was not persisted.
DLinear,weather,720,336,ok,0.2571867108345032,0.29969510436058044,,0.507135791317,484512,,,484512,1.848266602,logged_n_param,2026,49.418,,3.5748,,,local_legacy_reproduction,validation-selected legacy run; test loss logged during training,note/results.csv,0.262,SparseTSF paper Tables 10-11 (transcribed in RESULTS.md),Held-out test MSE/MAE from the local legacy log; MAPE was not persisted.
MixLinear,weather,720,336,ok,0.2649969160556793,0.30421435832977295,,0.514778511649,463,,,641,0.002445221,logged_n_param,2026,90.6309,,2.6953,,,local_legacy_reproduction,validation-selected legacy run; test loss logged during training,note/results.csv,,,Held-out test MSE/MAE from the local legacy log; MAPE was not persisted.
PhaseFormer,weather,720,336,ok,0.24509696662425995,0.2801257371902466,,0.495072688223,3756,,,3756,0.014328003,audited_baseline_param_count,2021,531.0,,,,,local_phaseformer_run_summary,standalone held-out test from validation-monitored run summary,baseline_2026_results/phaseformer/run_summary.json,,,Weather/Electricity locked reproduction; MAPE was not persisted.
FreqCycle,weather,720,336,ok,0.2440889127416601,0.28359402516673493,,0.494053552504,306778,171146,135632,306778,1.170265198,audited_registered_and_forward_active_numel,2026,408.4415354728699,,2.55143141746521,,2078.40478515625,local_strict_official_reproduction,validation-selected checkpoint; deferred held-out test; sample-weighted metrics,outputs/freqcycle_official/freqcycle_0716v1_results.csv,,,Official-port reproduction; registered count includes an upstream duplicate inactive MLP; MAPE was not persisted.
Compact + Echo,weather,720,720,ok,0.3038410676488539,0.32291982744970466,,0.551217804183,16110,,,16110,0.061454773,locked_3seed_actual_param_count,"2024,2025,2026",135.32545733451843,,,,191.509765625,local_compact_echo_locked_3seed_mean,validation-locked production route; three matched seeds; one deferred held-out test per checkpoint,analysis_exp/source_snapshot_0721v1/compact_echo_true9_88cells.csv,,,Production route arm=compact_echo; MAPE was not persisted for this anchor.
TQNet,weather,720,720,ok,0.32713600993156433,0.34377822279930115,,0.571958049101,3343328,,,3343328,12.753784180,logged_n_param,2026,74.7035,,3.476,,,local_legacy_reproduction,validation-selected legacy run; test loss logged during training,note/results.csv,,,Held-out test MSE/MAE from the local legacy log; MAPE was not persisted.
CycleNet,weather,720,720,ok,0.320957750082016,0.3391593396663666,,0.566531331951,522144,,,522144,1.991821289,logged_n_param,2026,107.2394,,2.6142,,,local_legacy_reproduction,validation-selected legacy run; test loss logged during training,note/results.csv,,,Held-out test MSE/MAE from the local legacy log; MAPE was not persisted.
FITS,weather,720,720,ok,0.32156896591186523,0.3402409851551056,,0.567070512293,1984,,,3968,0.015136719,logged_n_param,2026,269.2828,,3.6174,,,local_legacy_reproduction,validation-selected legacy run; test loss logged during training,note/results.csv,0.308,SparseTSF paper Tables 10-11 (transcribed in RESULTS.md),Held-out test MSE/MAE from the local legacy log; MAPE was not persisted.
SparseTSF,weather,720,720,ok,0.32388249039649963,0.34231430292129517,,0.569106747804,925,,,925,0.003528595,logged_n_param,2026,160.5136,,2.8034,,,local_legacy_reproduction,validation-selected legacy run; test loss logged during training,note/results.csv,0.318,SparseTSF paper Tables 10-11 (transcribed in RESULTS.md),Held-out test MSE/MAE from the local legacy log; MAPE was not persisted.
FreTS,weather,720,720,ok,0.314802885055542,0.3491857945919037,,0.561072976586,23844432,,,23844432,90.959289551,logged_n_param,2026,308.7443,,6.5052,,,local_legacy_reproduction,validation-selected legacy run; test loss logged during training,note/results.csv,,,Held-out test MSE/MAE from the local legacy log; MAPE was not persisted.
FilterNet,weather,720,720,ok,0.34460127353668213,0.35278257727622986,,0.587027489592,219770,,,219770,0.838356018,logged_n_param,2026,71.8493,,2.9816,,,local_legacy_reproduction,validation-selected legacy run; test loss logged during training,note/results.csv,,,Held-out test MSE/MAE from the local legacy log; MAPE was not persisted.
iTransformer,weather,720,720,ok,0.35792896151542664,0.35898298025131226,,0.598271645254,5473488,,,5473488,20.879699707,logged_n_param,2026,112.6274,,4.9813,,,local_legacy_reproduction,validation-selected legacy run; test loss logged during training,note/results.csv,,,Held-out test MSE/MAE from the local legacy log; MAPE was not persisted.
PatchTST,weather,720,720,ok,0.30982255935668945,0.33105552196502686,,0.556617067073,8706256,,,8706256,33.211730957,logged_n_param,2026,1058.1066,,5.214,,,local_legacy_reproduction,validation-selected legacy run; test loss logged during training,note/results.csv,0.314,SparseTSF paper Tables 10-11 (transcribed in RESULTS.md),Held-out test MSE/MAE from the local legacy log; MAPE was not persisted.
DLinear,weather,720,720,ok,0.3176976442337036,0.35638299584388733,,0.563646737091,1038240,,,1038240,3.960571289,logged_n_param,2026,58.8387,,4.554,,,local_legacy_reproduction,validation-selected legacy run; test loss logged during training,note/results.csv,0.323,SparseTSF paper Tables 10-11 (transcribed in RESULTS.md),Held-out test MSE/MAE from the local legacy log; MAPE was not persisted.
MixLinear,weather,720,720,ok,0.3257553279399872,0.3463296890258789,,0.570749794516,767,,,1137,0.004337311,logged_n_param,2026,219.8563,,3.3288,,,local_legacy_reproduction,validation-selected legacy run; test loss logged during training,note/results.csv,,,Held-out test MSE/MAE from the local legacy log; MAPE was not persisted.
PhaseFormer,weather,720,720,ok,0.32080233097076416,0.3350319564342499,,0.566394148072,3900,,,3900,0.014877319,audited_baseline_param_count,2021,578.0,,,,,local_phaseformer_run_summary,standalone held-out test from validation-monitored run summary,baseline_2026_results/phaseformer/run_summary.json,,,Weather/Electricity locked reproduction; MAPE was not persisted.
FreqCycle,weather,720,720,ok,0.31687949421136946,0.3346547821388621,,0.562920504344,405850,220682,185168,405850,1.548194885,audited_registered_and_forward_active_numel,2026,413.3915960788727,,6.498305797576904,,2094.291015625,local_strict_official_reproduction,validation-selected checkpoint; deferred held-out test; sample-weighted metrics,outputs/freqcycle_official/freqcycle_0716v1_results.csv,,,Official-port reproduction; registered count includes an upstream duplicate inactive MLP; MAPE was not persisted.
Compact + Echo,electricity,720,96,ok,0.12729970469853819,0.2228328011579249,,0.356790841669,51746,,,51746,0.197395325,locked_3seed_actual_param_count,"2024,2025,2026",528.8012639681498,,,,289.36376953125,local_compact_echo_locked_3seed_mean,validation-locked production route; three matched seeds; one deferred held-out test per checkpoint,analysis_exp/source_snapshot_0721v1/compact_echo_true9_88cells.csv,,,Production route arm=compact_echo; MAPE was not persisted for this anchor.
TQNet,electricity,720,96,ok,0.14467470347881317,0.2483416646718979,,0.380361280205,3074120,,,3074120,11.726837158,logged_n_param,2026,146.2729,,6.1143,,,local_legacy_reproduction,validation-selected legacy run; test loss logged during training,note/results.csv,,,Held-out test MSE/MAE from the local legacy log; MAPE was not persisted.
CycleNet,electricity,720,96,ok,0.12850621342658997,0.22351469099521637,,0.358477633091,123144,,,123144,0.469757080,logged_n_param,2026,607.8554,,6.1205,,,local_legacy_reproduction,validation-selected legacy run; test loss logged during training,note/results.csv,,,Held-out test MSE/MAE from the local legacy log; MAPE was not persisted.
FITS,electricity,720,96,ok,0.1417919546365738,0.2435220330953598,,0.376552724909,37310,,,74620,0.284652710,logged_n_param,2026,654.4165,,6.0757,,,local_legacy_reproduction,validation-selected legacy run; test loss logged during training,note/results.csv,0.145,SparseTSF paper Tables 10-11 (transcribed in RESULTS.md),Held-out test MSE/MAE from the local legacy log; MAPE was not persisted.
SparseTSF,electricity,720,96,ok,0.13845622539520264,0.232941135764122,,0.372097064481,145,,,145,0.000553131,logged_n_param,2026,1428.7957,,6.1452,,,local_legacy_reproduction,validation-selected legacy run; test loss logged during training,note/results.csv,0.138,SparseTSF paper Tables 10-11 (transcribed in RESULTS.md),Held-out test MSE/MAE from the local legacy log; MAPE was not persisted.
FreTS,electricity,720,96,ok,0.1308007538318634,0.22858230769634247,,0.361663868574,23684064,,,23684064,90.347534180,logged_n_param,2026,5476.6945,,21.8035,,,local_legacy_reproduction,validation-selected legacy run; test loss logged during training,note/results.csv,,,Held-out test MSE/MAE from the local legacy log; MAPE was not persisted.
FilterNet,electricity,720,96,ok,0.14399871230125427,0.2403172254562378,,0.379471622524,950498,,,950498,3.625862122,logged_n_param,2026,634.446,,13.9944,,,local_legacy_reproduction,validation-selected legacy run; test loss logged during training,note/results.csv,,,Held-out test MSE/MAE from the local legacy log; MAPE was not persisted.
iTransformer,electricity,720,96,ok,0.13282805681228638,0.22597725689411163,,0.364455836573,5153376,,,5153376,19.658569336,logged_n_param,2026,682.2558,,7.8449,,,local_legacy_reproduction,validation-selected legacy run; test loss logged during training,note/results.csv,,,Held-out test MSE/MAE from the local legacy log; MAPE was not persisted.
PatchTST,electricity,720,96,ok,0.12943749129772186,0.2245134562253952,,0.35977422267,1517152,,,1517152,5.787475586,logged_n_param,2026,14226.0309,,26.2653,,,local_legacy_reproduction,validation-selected legacy run; test loss logged during training,note/results.csv,0.129,SparseTSF paper Tables 10-11 (transcribed in RESULTS.md),Held-out test MSE/MAE from the local legacy log; MAPE was not persisted.
DLinear,electricity,720,96,ok,0.13266582787036896,0.22931772470474243,,0.364233205337,138432,,,138432,0.528076172,logged_n_param,2026,695.1644,,7.2567,,,local_legacy_reproduction,validation-selected legacy run; test loss logged during training,note/results.csv,0.140,SparseTSF paper Tables 10-11 (transcribed in RESULTS.md),Held-out test MSE/MAE from the local legacy log; MAPE was not persisted.
MixLinear,electricity,720,96,ok,0.14968761801719666,0.24483129382133484,,0.386894841032,67,,,85,0.000324249,logged_n_param,2026,1928.6596,,5.9012,,,local_legacy_reproduction,validation-selected legacy run; test loss logged during training,note/results.csv,,,Held-out test MSE/MAE from the local legacy log; MAPE was not persisted.
PhaseFormer,electricity,720,96,ok,0.1284646838903427,0.22031667828559875,,0.358419703546,3666,,,3666,0.013984680,audited_baseline_param_count,2021,1069.0,,,,,local_phaseformer_run_summary,standalone held-out test from validation-monitored run summary,baseline_2026_results/phaseformer/run_summary.json,,,Weather/Electricity locked reproduction; MAPE was not persisted.
FreqCycle,electricity,720,96,ok,0.12927038924104073,0.2253312169954945,,0.359541915833,306592,201920,104672,306592,1.169555664,audited_registered_and_forward_active_numel,2026,7869.110192537308,,8.861724138259888,,20642.837890625,local_strict_official_reproduction,validation-selected checkpoint; deferred held-out test; sample-weighted metrics,outputs/freqcycle_official/freqcycle_0716v1_results.csv,,,Official-port reproduction; registered count includes an upstream duplicate inactive MLP; MAPE was not persisted.
Compact + Echo,electricity,720,192,ok,0.1448570644745957,0.23897098704736786,2.2971973938056442,0.380600925478,86754,,,86754,0.330940247,locked_3seed_actual_param_count,"2024,2025,2026",366.4107747077942,,,,342.64306640625,local_compact_echo_locked_3seed_mean,validation-locked production route; three matched seeds; one deferred held-out test per checkpoint,analysis_exp/source_snapshot_0721v1/compact_echo_true9_88cells.csv,,,Production route arm=asy1_echo_fallback; MAPE was streamed during the 0717v2 completion.
TQNet,electricity,720,192,ok,0.16448409855365753,0.26711681485176086,,0.405566392288,3123368,,,3123368,11.914703369,logged_n_param,2026,161.8721,,7.0584,,,local_legacy_reproduction,validation-selected legacy run; test loss logged during training,note/results.csv,,,Held-out test MSE/MAE from the local legacy log; MAPE was not persisted.
CycleNet,electricity,720,192,ok,0.14343416690826416,0.23733901977539062,,0.378727034826,192360,,,192360,0.733795166,logged_n_param,2026,719.3115,,6.9592,,,local_legacy_reproduction,validation-selected legacy run; test loss logged during training,note/results.csv,,,Held-out test MSE/MAE from the local legacy log; MAPE was not persisted.
FITS,electricity,720,192,ok,0.15625900030136108,0.25583693385124207,,0.395296091938,41678,,,83356,0.317977905,logged_n_param,2026,759.3952,,7.0366,,,local_legacy_reproduction,validation-selected legacy run; test loss logged during training,note/results.csv,0.159,SparseTSF paper Tables 10-11 (transcribed in RESULTS.md),Held-out test MSE/MAE from the local legacy log; MAPE was not persisted.
SparseTSF,electricity,720,192,ok,0.15109550952911377,0.24496491253376007,,0.388710058436,265,,,265,0.001010895,logged_n_param,2026,1010.2266,,6.7802,,,local_legacy_reproduction,validation-selected legacy run; test loss logged during training,note/results.csv,0.151,SparseTSF paper Tables 10-11 (transcribed in RESULTS.md),Held-out test MSE/MAE from the local legacy log; MAPE was not persisted.
FreTS,electricity,720,192,ok,0.14679290354251862,0.24324969947338104,,0.3831356203,23708736,,,23708736,90.441650391,logged_n_param,2026,5519.2953,,22.1125,,,local_legacy_reproduction,validation-selected legacy run; test loss logged during training,note/results.csv,,,Held-out test MSE/MAE from the local legacy log; MAPE was not persisted.
FilterNet,electricity,720,192,ok,0.17773137986660004,0.2707023620605469,,0.421581996611,999746,,,999746,3.813728333,logged_n_param,2026,589.2153,,14.4385,,,local_legacy_reproduction,validation-selected legacy run; test loss logged during training,note/results.csv,,,Held-out test MSE/MAE from the local legacy log; MAPE was not persisted.
iTransformer,electricity,720,192,ok,0.15493518114089966,0.2506368160247803,,0.393618065059,5202624,,,5202624,19.846435547,logged_n_param,2026,390.1227,,8.6356,,,local_legacy_reproduction,validation-selected legacy run; test loss logged during training,note/results.csv,,,Held-out test MSE/MAE from the local legacy log; MAPE was not persisted.
PatchTST,electricity,720,192,ok,0.1477529202861975,0.24192687479228522,2.4372759612180137,0.384386420528,2623171,,,2623171,10.006603241,0716v2_audited_param_count,2026,6412.909605979919,,26.00776481628418,3.9869428983975688,4892.7998046875,local_completion_strict,validation-selected checkpoint; one deferred held-out test; sample-weighted streaming metrics,outputs/completion_0716v2/COMPLETION_MATRIX_0716V2_RESULTS.csv,0.149,SparseTSF paper Tables 10-11 (transcribed in RESULTS.md),0716v2 missing-cell completion; MAPE computed with the locked historical no-epsilon definition.
DLinear,electricity,720,192,ok,0.14708736538887024,0.24335002899169922,,0.38351970665,276864,,,276864,1.056152344,logged_n_param,2026,796.0102,,8.0496,,,local_legacy_reproduction,validation-selected legacy run; test loss logged during training,note/results.csv,0.153,SparseTSF paper Tables 10-11 (transcribed in RESULTS.md),Held-out test MSE/MAE from the local legacy log; MAPE was not persisted.
MixLinear,electricity,720,192,ok,0.16276034712791443,0.25682908296585083,,0.403435679047,87,,,113,0.000431061,logged_n_param,2026,1868.502,,6.6848,,,local_legacy_reproduction,validation-selected legacy run; test loss logged during training,note/results.csv,,,Held-out test MSE/MAE from the local legacy log; MAPE was not persisted.
PhaseFormer,electricity,720,192,ok,0.14652885496616364,0.23618851602077484,,0.382790876284,273160,,,273160,1.042022705,audited_baseline_param_count,2021,694.0,,,,,local_phaseformer_run_summary,standalone held-out test from validation-monitored run summary,baseline_2026_results/phaseformer/run_summary.json,,,Weather/Electricity locked reproduction; MAPE was not persisted.
FreqCycle,electricity,720,192,ok,0.14684333855435916,0.24185368723943326,,0.383201433393,331360,214304,117056,331360,1.264038086,audited_registered_and_forward_active_numel,2026,7804.468821763992,,8.283982753753662,,20675.0732421875,local_strict_official_reproduction,validation-selected checkpoint; deferred held-out test; sample-weighted metrics,outputs/freqcycle_official/freqcycle_0716v1_results.csv,,,Official-port reproduction; registered count includes an upstream duplicate inactive MLP; MAPE was not persisted.
Compact + Echo,electricity,720,336,ok,0.16067349444387086,0.25599924141940406,2.384322469956831,0.400840983987,95970,,,95970,0.366096497,locked_3seed_actual_param_count,"2024,2025,2026",558.3656053543091,,,,416.072265625,local_compact_echo_locked_3seed_mean,validation-locked production route; three matched seeds; one deferred held-out test per checkpoint,analysis_exp/source_snapshot_0721v1/compact_echo_true9_88cells.csv,,,Production route arm=asy1_echo_fallback; MAPE was streamed during the 0717v2 completion.
TQNet,electricity,720,336,ok,0.16995851695537567,0.26740190386772156,,0.412260253912,3197240,,,3197240,12.196502686,logged_n_param,2026,951.5371,,8.6307,,,local_legacy_reproduction,validation-selected legacy run; test loss logged during training,note/results.csv,,,Held-out test MSE/MAE from the local legacy log; MAPE was not persisted.
CycleNet,electricity,720,336,ok,0.15949472784996033,0.25424695014953613,,0.399367910391,296184,,,296184,1.129852295,logged_n_param,2026,826.0607,,8.6424,,,local_legacy_reproduction,validation-selected legacy run; test loss logged during training,note/results.csv,,,Held-out test MSE/MAE from the local legacy log; MAPE was not persisted.
FITS,electricity,720,336,ok,0.1719021499156952,0.2712532579898834,,0.414610841532,48230,,,96460,0.367965698,logged_n_param,2026,922.482,,9.0188,,,local_legacy_reproduction,validation-selected legacy run; test loss logged during training,note/results.csv,0.175,SparseTSF paper Tables 10-11 (transcribed in RESULTS.md),Held-out test MSE/MAE from the local legacy log; MAPE was not persisted.
SparseTSF,electricity,720,336,ok,0.16615964472293854,0.2602103054523468,,0.407626844949,445,,,445,0.001697540,logged_n_param,2026,941.5456,,8.4088,,,local_legacy_reproduction,validation-selected legacy run; test loss logged during training,note/results.csv,0.166,SparseTSF paper Tables 10-11 (transcribed in RESULTS.md),Held-out test MSE/MAE from the local legacy log; MAPE was not persisted.
FreTS,electricity,720,336,ok,0.16752952756658823,0.2641076453141484,2.250508886281541,0.409303710668,23745744,,,23745744,90.582824707,0716v2_audited_param_count,2026,4787.111626148224,,29.843562364578247,3.4189422659311197,921.251953125,local_completion_strict,validation-selected checkpoint; one deferred held-out test; sample-weighted streaming metrics,outputs/completion_0716v2/COMPLETION_MATRIX_0716V2_RESULTS.csv,,,0716v2 missing-cell completion; MAPE computed with the locked historical no-epsilon definition.
FilterNet,electricity,720,336,ok,0.18075284361839294,0.2803776264190674,,0.425150377653,1073618,,,1073618,4.095527649,logged_n_param,2026,553.2652,,16.1284,,,local_legacy_reproduction,validation-selected legacy run; test loss logged during training,note/results.csv,,,Held-out test MSE/MAE from the local legacy log; MAPE was not persisted.
iTransformer,electricity,720,336,ok,0.16701781749725342,0.2634674906730652,,0.408678134352,5276496,,,5276496,20.128234863,logged_n_param,2026,627.7835,,10.3084,,,local_legacy_reproduction,validation-selected legacy run; test loss logged during training,note/results.csv,,,Held-out test MSE/MAE from the local legacy log; MAPE was not persisted.
PatchTST,electricity,720,336,ok,0.17117235886166063,0.26895248218978174,2.386073412514553,0.413729813842,4282195,,,4282195,16.335277557,0716v2_audited_param_count,2026,3216.7909531593323,,25.65548038482666,4.019883339893697,4905.71142578125,local_completion_strict,validation-selected checkpoint; one deferred held-out test; sample-weighted streaming metrics,outputs/completion_0716v2/COMPLETION_MATRIX_0716V2_RESULTS.csv,0.166,SparseTSF paper Tables 10-11 (transcribed in RESULTS.md),0716v2 missing-cell completion; MAPE computed with the locked historical no-epsilon definition.
DLinear,electricity,720,336,ok,0.1623198390007019,0.26039621233940125,,0.402889363226,484512,,,484512,1.848266602,logged_n_param,2026,738.1087,,9.6013,,,local_legacy_reproduction,validation-selected legacy run; test loss logged during training,note/results.csv,0.169,SparseTSF paper Tables 10-11 (transcribed in RESULTS.md),Held-out test MSE/MAE from the local legacy log; MAPE was not persisted.
MixLinear,electricity,720,336,ok,0.1780269891023636,0.27206236124038696,,0.421932446136,111,,,149,0.000568390,logged_n_param,2026,1485.0734,,8.2369,,,local_legacy_reproduction,validation-selected legacy run; test loss logged during training,note/results.csv,,,Held-out test MSE/MAE from the local legacy log; MAPE was not persisted.
PhaseFormer,electricity,720,336,ok,0.16611619293689728,0.2581985294818878,,0.40757354298,3756,,,3756,0.014328003,audited_baseline_param_count,2021,1268.0,,,,,local_phaseformer_run_summary,standalone held-out test from validation-monitored run summary,baseline_2026_results/phaseformer/run_summary.json,,,Weather/Electricity locked reproduction; MAPE was not persisted.
FreqCycle,electricity,720,336,ok,0.1628172531162216,0.2592874377356357,,0.403506199601,368512,232880,135632,368512,1.405761719,audited_registered_and_forward_active_numel,2026,7820.048203468323,,9.131070375442505,,20718.66064453125,local_strict_official_reproduction,validation-selected checkpoint; deferred held-out test; sample-weighted metrics,outputs/freqcycle_official/freqcycle_0716v1_results.csv,,,Official-port reproduction; registered count includes an upstream duplicate inactive MLP; MAPE was not persisted.
Compact + Echo,electricity,720,720,ok,0.1950067217112771,0.2862778513812786,,0.44159565409,67042,,,67042,0.255744934,locked_3seed_actual_param_count,"2024,2025,2026",873.1838774681091,,,,601.97509765625,local_compact_echo_locked_3seed_mean,validation-locked production route; three matched seeds; one deferred held-out test per checkpoint,analysis_exp/source_snapshot_0721v1/compact_echo_true9_88cells.csv,,,Production route arm=compact_echo; MAPE was not persisted for this anchor.
TQNet,electricity,720,720,ok,0.22622038424015045,0.3212098777294159,,0.475626307347,3394232,,,3394232,12.947967529,logged_n_param,2026,243.5633,,12.6744,,,local_legacy_reproduction,validation-selected legacy run; test loss logged during training,note/results.csv,,,Held-out test MSE/MAE from the local legacy log; MAPE was not persisted.
CycleNet,electricity,720,720,ok,0.19765573740005493,0.28780966997146606,,0.444584904602,573048,,,573048,2.186004639,logged_n_param,2026,879.8529,,11.2352,,,local_legacy_reproduction,validation-selected legacy run; test loss logged during training,note/results.csv,,,Held-out test MSE/MAE from the local legacy log; MAPE was not persisted.
FITS,electricity,720,720,ok,0.210378497838974,0.3027832508087158,,0.458670358579,65884,,,131768,0.502655029,logged_n_param,2026,1361.8607,,13.6397,,,local_legacy_reproduction,validation-selected legacy run; test loss logged during training,note/results.csv,0.212,SparseTSF paper Tables 10-11 (transcribed in RESULTS.md),Held-out test MSE/MAE from the local legacy log; MAPE was not persisted.
SparseTSF,electricity,720,720,ok,0.2052305042743683,0.2943643033504486,,0.45302373478,925,,,925,0.003528595,logged_n_param,2026,1525.082,,11.8026,,,local_legacy_reproduction,validation-selected legacy run; test loss logged during training,note/results.csv,0.205,SparseTSF paper Tables 10-11 (transcribed in RESULTS.md),Held-out test MSE/MAE from the local legacy log; MAPE was not persisted.
FreTS,electricity,720,720,ok,0.19934892654418945,0.2982920706272125,,0.446485079867,23844432,,,23844432,90.959289551,logged_n_param,2026,5592.7711,,27.0206,,,local_legacy_reproduction,validation-selected legacy run; test loss logged during training,note/results.csv,,,Held-out test MSE/MAE from the local legacy log; MAPE was not persisted.
FilterNet,electricity,720,720,ok,0.20664073526859283,0.302337110042572,,0.454577534936,1270610,,,1270610,4.846992493,logged_n_param,2026,651.6808,,20.8149,,,local_legacy_reproduction,validation-selected legacy run; test loss logged during training,note/results.csv,,,Held-out test MSE/MAE from the local legacy log; MAPE was not persisted.
iTransformer,electricity,720,720,ok,0.18633435666561127,0.279984712600708,,0.431664634486,5473488,,,5473488,20.879699707,logged_n_param,2026,895.6228,,15.2271,,,local_legacy_reproduction,validation-selected legacy run; test loss logged during training,note/results.csv,,,Held-out test MSE/MAE from the local legacy log; MAPE was not persisted.
PatchTST,electricity,720,720,ok,0.19847363233566284,0.291259765625,,0.445503796096,8706256,,,8706256,33.211730957,logged_n_param,2026,11879.6657,,32.1213,,,local_legacy_reproduction,validation-selected legacy run; test loss logged during training,note/results.csv,0.210,SparseTSF paper Tables 10-11 (transcribed in RESULTS.md),Held-out test MSE/MAE from the local legacy log; MAPE was not persisted.
DLinear,electricity,720,720,ok,0.1963992714881897,0.29348278045654297,,0.443169574191,1038240,,,1038240,3.960571289,logged_n_param,2026,968.3016,,14.1771,,,local_legacy_reproduction,validation-selected legacy run; test loss logged during training,note/results.csv,0.204,SparseTSF paper Tables 10-11 (transcribed in RESULTS.md),Held-out test MSE/MAE from the local legacy log; MAPE was not persisted.
MixLinear,electricity,720,720,ok,0.21711865067481995,0.3046438992023468,,0.465959923893,167,,,237,0.000904083,logged_n_param,2026,2312.361,,11.2346,,,local_legacy_reproduction,validation-selected legacy run; test loss logged during training,note/results.csv,,,Held-out test MSE/MAE from the local legacy log; MAPE was not persisted.
PhaseFormer,electricity,720,720,ok,0.19881898164749146,0.28455981612205505,,0.445891221765,275998,,,275998,1.052848816,audited_baseline_param_count,2021,884.0,,,,,local_phaseformer_run_summary,standalone held-out test from validation-monitored run summary,baseline_2026_results/phaseformer/run_summary.json,,,Weather/Electricity locked reproduction; MAPE was not persisted.
FreqCycle,electricity,720,720,ok,0.1985804229374034,0.2920381553182481,,0.445623633729,467584,282416,185168,467584,1.783691406,audited_registered_and_forward_active_numel,2026,7738.20201086998,,9.635351419448853,,20839.9765625,local_strict_official_reproduction,validation-selected checkpoint; deferred held-out test; sample-weighted metrics,outputs/freqcycle_official/freqcycle_0716v1_results.csv,,,Official-port reproduction; registered count includes an upstream duplicate inactive MLP; MAPE was not persisted.
Compact + Echo,traffic,720,96,ok,0.3791753737633433,0.2632737343698492,2.9788650032006627,0.615772176834,20442,,,20442,0.077980042,locked_3seed_actual_param_count,"2024,2025,2026",753.6695291996002,,,,742.7265625,local_compact_echo_locked_3seed_mean,validation-locked production route; three matched seeds; one deferred held-out test per checkpoint,analysis_exp/source_snapshot_0721v1/compact_echo_true9_88cells.csv,,,Production route arm=true_compact_echo; MAPE was streamed during the 0717v2 completion.
TQNet,traffic,720,96,ok,0.4005686640739441,0.29737457633018494,,0.632904940788,3165008,,,3165008,12.073547363,logged_n_param,2026,269.5086,,11.0113,,,local_legacy_reproduction,validation-selected legacy run; test loss logged during training,note/results.csv,,,Held-out test MSE/MAE from the local legacy log; MAPE was not persisted.
CycleNet,traffic,720,96,ok,0.38230055570602417,0.2670319080352783,,0.618304581663,214032,,,214032,0.816467285,logged_n_param,2026,822.274,,9.0682,,,local_legacy_reproduction,validation-selected legacy run; test loss logged during training,note/results.csv,,,Held-out test MSE/MAE from the local legacy log; MAPE was not persisted.
FITS,traffic,720,96,ok,0.39359763264656067,0.27951163053512573,,0.62737359894,37310,,,74620,0.284652710,logged_n_param,2026,1111.7551,,10.0936,,,local_legacy_reproduction,validation-selected legacy run; test loss logged during training,note/results.csv,0.398,SparseTSF paper Tables 10-11 (transcribed in RESULTS.md),Held-out test MSE/MAE from the local legacy log; MAPE was not persisted.
SparseTSF,traffic,720,96,ok,0.3893495500087738,0.26749545335769653,,0.623978805737,145,,,145,0.000553131,logged_n_param,2026,752.0784,,9.7043,,,local_legacy_reproduction,validation-selected legacy run; test loss logged during training,note/results.csv,0.389,SparseTSF paper Tables 10-11 (transcribed in RESULTS.md),Held-out test MSE/MAE from the local legacy log; MAPE was not persisted.
FreTS,traffic,720,96,ok,0.4316761123883106,0.33563776035383736,3.7843704491133714,0.657020633153,23684064,,,23684064,90.347534180,0716v2_audited_param_count,2026,1843.8976593017578,,38.691593647003174,7.879530442586628,2254.31494140625,local_completion_strict,validation-selected checkpoint; one deferred held-out test; sample-weighted streaming metrics,outputs/completion_0716v2/COMPLETION_MATRIX_0716V2_RESULTS.csv,,,0716v2 missing-cell completion; MAPE computed with the locked historical no-epsilon definition.
FilterNet,traffic,720,96,ok,0.3535124659538269,0.25975045561790466,,0.594569143123,476956,,,476956,1.819442749,logged_n_param,2026,780.6995,,10.1722,,,local_legacy_reproduction,validation-selected legacy run; test loss logged during training,note/results.csv,,,Held-out test MSE/MAE from the local legacy log; MAPE was not persisted.
iTransformer,traffic,720,96,ok,0.3475149869918823,0.2503238916397095,,0.589504017791,6731360,,,6731360,25.678100586,logged_n_param,2026,1063.8996,,12.4348,,,local_legacy_reproduction,validation-selected legacy run; test loss logged during training,note/results.csv,,,Held-out test MSE/MAE from the local legacy log; MAPE was not persisted.
PatchTST,traffic,720,96,ok,0.3609218682395258,0.24901274929134723,2.614323987477308,0.600767732355,1517155,,,1517155,5.787487030,0716v2_audited_param_count,2026,11554.696013212204,,47.092451095581055,10.990787620298454,3291.24951171875,local_completion_strict,validation-selected checkpoint; one deferred held-out test; sample-weighted streaming metrics,outputs/completion_0716v2/COMPLETION_MATRIX_0716V2_RESULTS.csv,0.366,SparseTSF paper Tables 10-11 (transcribed in RESULTS.md),0716v2 missing-cell completion; MAPE computed with the locked historical no-epsilon definition.
DLinear,traffic,720,96,ok,0.42375263571739197,0.32832929491996765,,0.650962852794,138432,,,138432,0.528076172,logged_n_param,2026,226.7471,,9.9208,,,local_legacy_reproduction,validation-selected legacy run; test loss logged during training,note/results.csv,0.413,SparseTSF paper Tables 10-11 (transcribed in RESULTS.md),Held-out test MSE/MAE from the local legacy log; MAPE was not persisted.
MixLinear,traffic,720,96,ok,0.40646788477897644,0.2813977599143982,,0.63754833917,67,,,85,0.000324249,logged_n_param,2026,3382.9919,,9.3707,,,local_legacy_reproduction,validation-selected legacy run; test loss logged during training,note/results.csv,,,Held-out test MSE/MAE from the local legacy log; MAPE was not persisted.
PhaseFormer,traffic,720,96,ok,0.36367650116627165,0.23251590090348803,2.1330467189703795,0.603055968519,37154,,,37154,0.141731262,0716v2_audited_param_count,2021,1339.9303200244904,,9.310868501663208,0.650537432215883,208.63427734375,local_completion_strict,validation-selected checkpoint; one deferred held-out test; sample-weighted streaming metrics,outputs/completion_0716v2/COMPLETION_MATRIX_0716V2_RESULTS.csv,,,0716v2 missing-cell completion; MAPE computed with the locked historical no-epsilon definition.
FreqCycle,traffic,720,96,ok,0.4007659190399519,0.26944406975185897,2.8709466163495367,0.63306075462,397480,292808,104672,397480,1.516265869,0716v2_audited_param_count,2026,14010.180530548096,,14.190381526947021,2.0309177904321305,3495.1845703125,local_completion_strict,validation-selected checkpoint; one deferred held-out test; sample-weighted streaming metrics,outputs/completion_0716v2/COMPLETION_MATRIX_0716V2_RESULTS.csv,,,0716v2 missing-cell completion; MAPE computed with the locked historical no-epsilon definition.
Compact + Echo,traffic,720,192,ok,0.3947116324019857,0.27010288866242227,3.0346328984915076,0.62826079967,22810,,,22810,0.087013245,locked_3seed_actual_param_count,"2024,2025,2026",859.9880612691244,,,,843.89599609375,local_compact_echo_locked_3seed_mean,validation-locked production route; three matched seeds; one deferred held-out test per checkpoint,analysis_exp/source_snapshot_0721v1/compact_echo_true9_88cells.csv,,,Production route arm=true_compact_echo; MAPE was streamed during the 0717v2 completion.
TQNet,traffic,720,192,ok,0.4207238256931305,0.307436466217041,,0.648632273089,3214256,,,3214256,12.261413574,logged_n_param,2026,292.995,,12.9132,,,local_legacy_reproduction,validation-selected legacy run; test loss logged during training,note/results.csv,,,Held-out test MSE/MAE from the local legacy log; MAPE was not persisted.
CycleNet,traffic,720,192,ok,0.3943370282649994,0.27327027916908264,,0.627962601008,283248,,,283248,1.080505371,logged_n_param,2026,1072.1829,,11.2397,,,local_legacy_reproduction,validation-selected legacy run; test loss logged during training,note/results.csv,,,Held-out test MSE/MAE from the local legacy log; MAPE was not persisted.
FITS,traffic,720,192,ok,0.4043581187725067,0.282828152179718,,0.63589159357,41678,,,83356,0.317977905,logged_n_param,2026,1405.7303,,12.0228,,,local_legacy_reproduction,validation-selected legacy run; test loss logged during training,note/results.csv,0.409,SparseTSF paper Tables 10-11 (transcribed in RESULTS.md),Held-out test MSE/MAE from the local legacy log; MAPE was not persisted.
SparseTSF,traffic,720,192,ok,0.39941394329071045,0.27055492997169495,,0.631992043693,265,,,265,0.001010895,logged_n_param,2026,753.3304,,11.1783,,,local_legacy_reproduction,validation-selected legacy run; test loss logged during training,note/results.csv,0.398,SparseTSF paper Tables 10-11 (transcribed in RESULTS.md),Held-out test MSE/MAE from the local legacy log; MAPE was not persisted.
FreTS,traffic,720,192,ok,0.4843250639194845,0.3725319505329575,4.300273474707273,0.69593466929,23708736,,,23708736,90.441650391,0716v2_audited_param_count,2026,1846.375182390213,,38.52239203453064,7.9233876373624454,2255.98828125,local_completion_strict,validation-selected checkpoint; one deferred held-out test; sample-weighted streaming metrics,outputs/completion_0716v2/COMPLETION_MATRIX_0716V2_RESULTS.csv,,,0716v2 missing-cell completion; MAPE computed with the locked historical no-epsilon definition.
FilterNet,traffic,720,192,ok,0.37141746282577515,0.2685295641422272,,0.609440286514,501628,,,501628,1.913558960,logged_n_param,2026,891.5219,,11.9399,,,local_legacy_reproduction,validation-selected legacy run; test loss logged during training,note/results.csv,,,Held-out test MSE/MAE from the local legacy log; MAPE was not persisted.
iTransformer,traffic,720,192,ok,0.353252649307251,0.25689175724983215,,0.59435061143,6780608,,,6780608,25.865966797,logged_n_param,2026,1400.5403,,13.7918,,,local_legacy_reproduction,validation-selected legacy run; test loss logged during training,note/results.csv,,,Held-out test MSE/MAE from the local legacy log; MAPE was not persisted.
PatchTST,traffic,720,192,ok,0.38219149686592496,0.25839301257390795,2.6632669986265176,0.618216383531,2623171,,,2623171,10.006603241,0716v2_audited_param_count,2026,11486.798503160477,,46.0538215637207,10.983917467410679,3299.1435546875,local_completion_strict,validation-selected checkpoint; one deferred held-out test; sample-weighted streaming metrics,outputs/completion_0716v2/COMPLETION_MATRIX_0716V2_RESULTS.csv,0.388,SparseTSF paper Tables 10-11 (transcribed in RESULTS.md),0716v2 missing-cell completion; MAPE computed with the locked historical no-epsilon definition.
DLinear,traffic,720,192,ok,0.4300711750984192,0.3262074589729309,,0.655798120688,276864,,,276864,1.056152344,logged_n_param,2026,256.7734,,11.854,,,local_legacy_reproduction,validation-selected legacy run; test loss logged during training,note/results.csv,0.423,SparseTSF paper Tables 10-11 (transcribed in RESULTS.md),Held-out test MSE/MAE from the local legacy log; MAPE was not persisted.
MixLinear,traffic,720,192,ok,0.41904276609420776,0.28638288378715515,,0.647335126572,87,,,113,0.000431061,logged_n_param,2026,3531.905,,10.8905,,,local_legacy_reproduction,validation-selected legacy run; test loss logged during training,note/results.csv,,,Held-out test MSE/MAE from the local legacy log; MAPE was not persisted.
PhaseFormer,traffic,720,192,ok,0.3800035359229216,0.24168152614878102,2.208263574377852,0.616444268302,273160,,,273160,1.042022705,0716v2_audited_param_count,2021,1001.3496966362,,10.178500652313232,0.7167826337868419,567.81982421875,local_completion_strict,validation-selected checkpoint; one deferred held-out test; sample-weighted streaming metrics,outputs/completion_0716v2/COMPLETION_MATRIX_0716V2_RESULTS.csv,,,0716v2 missing-cell completion; MAPE computed with the locked historical no-epsilon definition.
FreqCycle,traffic,720,192,ok,0.42629155964786886,0.2754195329277771,2.82340038869589,0.652910070108,422248,305192,117056,422248,1.610748291,0716v2_audited_param_count,2026,13950.757462263107,,14.416009902954102,2.0797523050233475,3502.02978515625,local_completion_strict,validation-selected checkpoint; one deferred held-out test; sample-weighted streaming metrics,outputs/completion_0716v2/COMPLETION_MATRIX_0716V2_RESULTS.csv,,,0716v2 missing-cell completion; MAPE computed with the locked historical no-epsilon definition.
Compact + Echo,traffic,720,336,ok,0.4085616788983479,0.2771064677909008,3.151673987439247,0.639188296903,22810,,,22810,0.087013245,locked_3seed_actual_param_count,"2024,2025,2026",996.2244238058726,,,,1056.591796875,local_compact_echo_locked_3seed_mean,validation-locked production route; three matched seeds; one deferred held-out test per checkpoint,analysis_exp/source_snapshot_0721v1/compact_echo_true9_88cells.csv,,,Production route arm=true_compact_echo; MAPE was streamed during the 0717v2 completion.
TQNet,traffic,720,336,ok,0.40920355916023254,0.2872856557369232,,0.639690205615,3288128,,,3288128,12.543212891,logged_n_param,2026,1689.4431,,15.4762,,,local_legacy_reproduction,validation-selected legacy run; test loss logged during training,note/results.csv,,,Held-out test MSE/MAE from the local legacy log; MAPE was not persisted.
CycleNet,traffic,720,336,ok,0.406368613243103,0.27889689803123474,,0.637470480292,387072,,,387072,1.476562500,logged_n_param,2026,1581.259,,13.1231,,,local_legacy_reproduction,validation-selected legacy run; test loss logged during training,note/results.csv,,,Held-out test MSE/MAE from the local legacy log; MAPE was not persisted.
FITS,traffic,720,336,ok,0.4170425236225128,0.28800371289253235,,0.645788296288,48230,,,96460,0.367965698,logged_n_param,2026,1669.6205,,15.1559,,,local_legacy_reproduction,validation-selected legacy run; test loss logged during training,note/results.csv,0.421,SparseTSF paper Tables 10-11 (transcribed in RESULTS.md),Held-out test MSE/MAE from the local legacy log; MAPE was not persisted.
SparseTSF,traffic,720,336,ok,0.41098272800445557,0.2756803333759308,,0.641079346107,445,,,445,0.001697540,logged_n_param,2026,965.8261,,13.8144,,,local_legacy_reproduction,validation-selected legacy run; test loss logged during training,note/results.csv,0.411,SparseTSF paper Tables 10-11 (transcribed in RESULTS.md),Held-out test MSE/MAE from the local legacy log; MAPE was not persisted.
FreTS,traffic,720,336,ok,0.5409277510422811,0.4009363545614074,4.5604646234547435,0.735477906563,23745744,,,23745744,90.582824707,0716v2_audited_param_count,2026,1854.2841637134552,,38.40323781967163,7.86313660597805,2258.50146484375,local_completion_strict,validation-selected checkpoint; one deferred held-out test; sample-weighted streaming metrics,outputs/completion_0716v2/COMPLETION_MATRIX_0716V2_RESULTS.csv,,,0716v2 missing-cell completion; MAPE computed with the locked historical no-epsilon definition.
FilterNet,traffic,720,336,ok,0.38520509004592896,0.2755923271179199,,0.620648926565,538636,,,538636,2.054733276,logged_n_param,2026,1042.497,,14.907,,,local_legacy_reproduction,validation-selected legacy run; test loss logged during training,note/results.csv,,,Held-out test MSE/MAE from the local legacy log; MAPE was not persisted.
iTransformer,traffic,720,336,ok,0.36223262548446655,0.26402005553245544,,0.601857645531,6854480,,,6854480,26.147766113,logged_n_param,2026,1616.7201,,16.1247,,,local_legacy_reproduction,validation-selected legacy run; test loss logged during training,note/results.csv,,,Held-out test MSE/MAE from the local legacy log; MAPE was not persisted.
PatchTST,traffic,720,336,ok,0.4005949934543809,0.2681916257917805,2.7761776866895422,0.632925740869,4282195,,,4282195,16.335277557,0716v2_audited_param_count,2026,11353.36369228363,,45.15593123435974,11.02935297287275,3310.39306640625,local_completion_strict,validation-selected checkpoint; one deferred held-out test; sample-weighted streaming metrics,outputs/completion_0716v2/COMPLETION_MATRIX_0716V2_RESULTS.csv,0.398,SparseTSF paper Tables 10-11 (transcribed in RESULTS.md),0716v2 missing-cell completion; MAPE computed with the locked historical no-epsilon definition.
DLinear,traffic,720,336,ok,0.4471653997898102,0.3368777930736542,,0.668704269307,484512,,,484512,1.848266602,logged_n_param,2026,298.9637,,14.5247,,,local_legacy_reproduction,validation-selected legacy run; test loss logged during training,note/results.csv,0.437,SparseTSF paper Tables 10-11 (transcribed in RESULTS.md),Held-out test MSE/MAE from the local legacy log; MAPE was not persisted.
MixLinear,traffic,720,336,ok,0.42973780632019043,0.29175639152526855,,0.655543901139,111,,,149,0.000568390,logged_n_param,2026,3089.1839,,13.6098,,,local_legacy_reproduction,validation-selected legacy run; test loss logged during training,note/results.csv,,,Held-out test MSE/MAE from the local legacy log; MAPE was not persisted.
PhaseFormer,traffic,720,336,ok,0.39231656874613763,0.24729469406519733,2.271641546482148,0.626351793121,273934,,,273934,1.044975281,0716v2_audited_param_count,2021,1058.8717031478882,,10.78419828414917,0.7311382412844714,576.66748046875,local_completion_strict,validation-selected checkpoint; one deferred held-out test; sample-weighted streaming metrics,outputs/completion_0716v2/COMPLETION_MATRIX_0716V2_RESULTS.csv,,,0716v2 missing-cell completion; MAPE computed with the locked historical no-epsilon definition.
FreqCycle,traffic,720,336,ok,0.4424196036318968,0.2965936464152503,3.22033763594314,0.665146302427,459400,323768,135632,459400,1.752471924,0716v2_audited_param_count,2026,7870.4123277664185,,14.873208284378052,2.0709250649461377,3511.43017578125,local_completion_strict,validation-selected checkpoint; one deferred held-out test; sample-weighted streaming metrics,outputs/completion_0716v2/COMPLETION_MATRIX_0716V2_RESULTS.csv,,,0716v2 missing-cell completion; MAPE computed with the locked historical no-epsilon definition.
Compact + Echo,traffic,720,720,ok,0.44010181575425694,0.2962034679624606,3.256683962176355,0.663401700144,22906,,,22906,0.087379456,locked_3seed_actual_param_count,"2024,2025,2026",1240.751637061437,,,,1708.41845703125,local_compact_echo_locked_3seed_mean,validation-locked production route; three matched seeds; one deferred held-out test per checkpoint,analysis_exp/source_snapshot_0721v1/compact_echo_true9_88cells.csv,,,Production route arm=true_compact_echo; MAPE was streamed during the 0717v2 completion.
TQNet,traffic,720,720,ok,0.45453715324401855,0.3107021450996399,,0.674193706025,3485120,,,3485120,13.294677734,logged_n_param,2026,2325.9536,,19.6607,,,local_legacy_reproduction,validation-selected legacy run; test loss logged during training,note/results.csv,,,Held-out test MSE/MAE from the local legacy log; MAPE was not persisted.
CycleNet,traffic,720,720,ok,0.4417615234851837,0.30020666122436523,,0.664651430063,663936,,,663936,2.532714844,logged_n_param,2026,2086.1244,,17.9825,,,local_legacy_reproduction,validation-selected legacy run; test loss logged during training,note/results.csv,,,Held-out test MSE/MAE from the local legacy log; MAPE was not persisted.
FITS,traffic,720,720,ok,0.4544665515422821,0.3077138066291809,,0.67414134389,65884,,,131768,0.502655029,logged_n_param,2026,2249.5747,,20.7812,,,local_legacy_reproduction,validation-selected legacy run; test loss logged during training,note/results.csv,0.457,SparseTSF paper Tables 10-11 (transcribed in RESULTS.md),Held-out test MSE/MAE from the local legacy log; MAPE was not persisted.
SparseTSF,traffic,720,720,ok,0.4472768306732178,0.29571694135665894,,0.668787582625,925,,,925,0.003528595,logged_n_param,2026,992.0991,,18.7572,,,local_legacy_reproduction,validation-selected legacy run; test loss logged during training,note/results.csv,0.448,SparseTSF paper Tables 10-11 (transcribed in RESULTS.md),Held-out test MSE/MAE from the local legacy log; MAPE was not persisted.
FreTS,traffic,720,720,ok,0.8505027774870199,0.3220286768851508,3.123025940658155,0.922227074796,23844432,,,23844432,90.959289551,0716v2_audited_param_count,2026,8848.40169095993,,34.78839612007141,7.948745790416193,2265.2001953125,local_completion_strict,validation-selected checkpoint; one deferred held-out test; sample-weighted streaming metrics,outputs/completion_0716v2/COMPLETION_MATRIX_0716V2_RESULTS.csv,,,0716v2 missing-cell completion; MAPE computed with the locked historical no-epsilon definition.
FilterNet,traffic,720,720,ok,0.4437009394168854,0.3068320155143738,,0.666108804488,637324,,,637324,2.431198120,logged_n_param,2026,979.2282,,18.8432,,,local_legacy_reproduction,validation-selected legacy run; test loss logged during training,note/results.csv,,,Held-out test MSE/MAE from the local legacy log; MAPE was not persisted.
iTransformer,traffic,720,720,ok,0.39537087082862854,0.28153422474861145,,0.628785234264,7051472,,,7051472,26.899230957,logged_n_param,2026,1930.8452,,20.534,,,local_legacy_reproduction,validation-selected legacy run; test loss logged during training,note/results.csv,,,Held-out test MSE/MAE from the local legacy log; MAPE was not persisted.
PatchTST,traffic,720,720,ok,0.4336286044769836,0.28873348390488324,2.9080496471612087,0.658504824946,8706259,,,8706259,33.211742401,0716v2_audited_param_count,2026,11260.099269628525,,41.927063941955566,11.303533395894563,3339.58203125,local_completion_strict,validation-selected checkpoint; one deferred held-out test; sample-weighted streaming metrics,outputs/completion_0716v2/COMPLETION_MATRIX_0716V2_RESULTS.csv,0.457,SparseTSF paper Tables 10-11 (transcribed in RESULTS.md),0716v2 missing-cell completion; MAPE computed with the locked historical no-epsilon definition.
DLinear,traffic,720,720,ok,0.49559834599494934,0.3625485897064209,,0.703987461532,1038240,,,1038240,3.960571289,logged_n_param,2026,430.7701,,18.4877,,,local_legacy_reproduction,validation-selected legacy run; test loss logged during training,note/results.csv,0.466,SparseTSF paper Tables 10-11 (transcribed in RESULTS.md),Held-out test MSE/MAE from the local legacy log; MAPE was not persisted.
MixLinear,traffic,720,720,ok,0.46593809127807617,0.31107035279273987,,0.682596580183,167,,,237,0.000904083,logged_n_param,2026,2029.2312,,18.33,,,local_legacy_reproduction,validation-selected legacy run; test loss logged during training,note/results.csv,,,Held-out test MSE/MAE from the local legacy log; MAPE was not persisted.
PhaseFormer,traffic,720,720,ok,0.4332260233254217,0.2686510926802837,2.3835049864866766,0.658199075756,275998,,,275998,1.052848816,0716v2_audited_param_count,2021,1184.9769206047058,,10.972282886505127,0.743431144341554,601.87451171875,local_completion_strict,validation-selected checkpoint; one deferred held-out test; sample-weighted streaming metrics,outputs/completion_0716v2/COMPLETION_MATRIX_0716V2_RESULTS.csv,,,0716v2 missing-cell completion; MAPE computed with the locked historical no-epsilon definition.
FreqCycle,traffic,720,720,ok,0.5026392207876906,0.3104272163107142,3.2974058388022884,0.708970535909,558472,373304,185168,558472,2.130401611,0716v2_audited_param_count,2026,10768.661890268326,,14.794005870819092,2.093156879649565,3536.46630859375,local_completion_strict,validation-selected checkpoint; one deferred held-out test; sample-weighted streaming metrics,outputs/completion_0716v2/COMPLETION_MATRIX_0716V2_RESULTS.csv,,,0716v2 missing-cell completion; MAPE computed with the locked historical no-epsilon definition.
Compact + Echo,PEMS03,720,12,ok,0.07086846307474438,0.18171387023644392,1.3966390141887997,0.266211312823,18458,,,18458,0.070411682,locked_3seed_actual_param_count,"2024,2025,2026",451.9621419906616,,,,811.61376953125,local_compact_echo_locked_3seed_mean,validation-locked production route; three matched seeds; one deferred held-out test per checkpoint,analysis_exp/source_snapshot_0721v1/compact_echo_true9_88cells.csv,,,Production route arm=true_compact_echo; MAPE was streamed during the 0717v2 completion.
TQNet,PEMS03,720,12,ok,0.08856990933418274,0.19552183151245117,,0.297606971246,3080204,,,3080204,11.750045776,logged_n_param,2026,147.6155,,6.0517,,,local_legacy_reproduction,validation-selected legacy run; test loss logged during training,note/results.csv,,,Held-out test MSE/MAE from the local legacy log; MAPE was not persisted.
CycleNet,PEMS03,720,12,ok,0.07520744204521179,0.18702830374240875,,0.274239752854,111756,,,111756,0.426315308,logged_n_param,2026,657.2855,,5.4092,,,local_legacy_reproduction,validation-selected legacy run; test loss logged during training,note/results.csv,,,Held-out test MSE/MAE from the local legacy log; MAPE was not persisted.
FITS,PEMS03,720,12,ok,0.07539848238229752,0.17934943735599518,,0.274587840922,33123,,,66246,0.252708435,logged_n_param,2026,674.26,,6.6418,,,local_legacy_reproduction,validation-selected legacy run; test loss logged during training,note/results.csv,,,Held-out test MSE/MAE from the local legacy log; MAPE was not persisted.
SparseTSF,PEMS03,720,12,ok,0.10233944784111801,0.214922766781851,1.6246506544570218,0.319905373261,73,,,73,0.000278473,0716v2_audited_param_count,2026,361.23425030708313,,4.61738395690918,0.0987496087238563,423.65966796875,local_completion_strict,validation-selected checkpoint; one deferred held-out test; sample-weighted streaming metrics,outputs/completion_0716v2/COMPLETION_MATRIX_0716V2_RESULTS.csv,,,0716v2 missing-cell completion; MAPE computed with the locked historical no-epsilon definition.
FreTS,PEMS03,720,12,ok,0.06497129797935486,0.17025333642959595,,0.254894680171,23662476,,,23662476,90.265182495,logged_n_param,2026,5670.5524,,23.0656,,,local_legacy_reproduction,validation-selected legacy run; test loss logged during training,note/results.csv,,,Held-out test MSE/MAE from the local legacy log; MAPE was not persisted.
FilterNet,PEMS03,720,12,ok,0.06613995879888535,0.16877569258213043,,0.25717690176,907480,,,907480,3.461761475,logged_n_param,2026,802.9228,,13.5138,,,local_legacy_reproduction,validation-selected legacy run; test loss logged during training,note/results.csv,,,Held-out test MSE/MAE from the local legacy log; MAPE was not persisted.
iTransformer,PEMS03,720,12,ok,0.06516961008310318,0.16816693544387817,,0.25528339171,5110284,,,5110284,19.494186401,logged_n_param,2026,703.3972,,7.2775,,,local_legacy_reproduction,validation-selected legacy run; test loss logged during training,note/results.csv,,,Held-out test MSE/MAE from the local legacy log; MAPE was not persisted.
PatchTST,PEMS03,720,12,ok,0.06148708611726761,0.16305045783519745,,0.247965897085,549388,,,549388,2.095748901,logged_n_param,2026,6973.9253,,27.7358,,,local_legacy_reproduction,validation-selected legacy run; test loss logged during training,note/results.csv,,,Held-out test MSE/MAE from the local legacy log; MAPE was not persisted.
DLinear,PEMS03,720,12,ok,0.07481662184000015,0.1803612858057022,,0.273526272669,17304,,,17304,0.066009521,logged_n_param,2026,554.268,,5.5637,,,local_legacy_reproduction,validation-selected legacy run; test loss logged during training,note/results.csv,,,Held-out test MSE/MAE from the local legacy log; MAPE was not persisted.
MixLinear,PEMS03,720,12,ok,0.11254777759313583,0.2252281755208969,,0.335481411695,41,,,53,0.000202179,logged_n_param,2026,689.9011,,6.0422,,,local_legacy_reproduction,validation-selected legacy run; test loss logged during training,note/results.csv,,,Held-out test MSE/MAE from the local legacy log; MAPE was not persisted.
PhaseFormer,PEMS03,720,12,ok,0.0678580546304708,0.17355206185426253,1.2941305744968883,0.260495786205,4197,,,4197,0.016010284,0716v2_audited_param_count,2021,826.9005446434021,,6.3627541065216064,0.2520398763907685,79.70458984375,local_completion_strict,validation-selected checkpoint; one deferred held-out test; sample-weighted streaming metrics,outputs/completion_0716v2/COMPLETION_MATRIX_0716V2_RESULTS.csv,,,0716v2 missing-cell completion; MAPE computed with the locked historical no-epsilon definition.
FreqCycle,PEMS03,720,12,ok,0.0640410773628973,0.1666450565454293,1.2601313795253677,0.253063386058,312436,218600,93836,312436,1.191848755,0716v2_audited_param_count,2026,2724.856559276581,,8.999769449234009,0.575729094296124,758.8564453125,local_completion_strict,validation-selected checkpoint; one deferred held-out test; sample-weighted streaming metrics,outputs/completion_0716v2/COMPLETION_MATRIX_0716V2_RESULTS.csv,,,0716v2 missing-cell completion; MAPE computed with the locked historical no-epsilon definition.
Compact + Echo,PEMS03,720,24,ok,0.09535556372440077,0.20843334605299293,1.6064628246143537,0.308796961974,18842,,,18842,0.071876526,locked_3seed_actual_param_count,"2024,2025,2026",467.10295271873474,,,,832.626953125,local_compact_echo_locked_3seed_mean,validation-locked production route; three matched seeds; one deferred held-out test per checkpoint,analysis_exp/source_snapshot_0721v1/compact_echo_true9_88cells.csv,,,Production route arm=true_compact_echo; MAPE was streamed during the 0717v2 completion.
TQNet,PEMS03,720,24,ok,0.13363507390022278,0.23772375285625458,,0.365561313462,3086360,,,3086360,11.773529053,logged_n_param,2026,150.7658,,6.2765,,,local_legacy_reproduction,validation-selected legacy run; test loss logged during training,note/results.csv,,,Held-out test MSE/MAE from the local legacy log; MAPE was not persisted.
CycleNet,PEMS03,720,24,ok,0.1053524762392044,0.2218151092529297,,0.324580461888,120408,,,120408,0.459320068,logged_n_param,2026,678.0588,,5.4412,,,local_legacy_reproduction,validation-selected legacy run; test loss logged during training,note/results.csv,,,Held-out test MSE/MAE from the local legacy log; MAPE was not persisted.
FITS,PEMS03,720,24,ok,0.10657844692468643,0.20949968695640564,,0.326463546089,33666,,,67332,0.256851196,logged_n_param,2026,678.5426,,6.6308,,,local_legacy_reproduction,validation-selected legacy run; test loss logged during training,note/results.csv,,,Held-out test MSE/MAE from the local legacy log; MAPE was not persisted.
SparseTSF,PEMS03,720,24,ok,0.15946587920188904,0.2700903117656708,,0.399331790873,55,,,55,0.000209808,logged_n_param,2026,824.3421,,5.4291,,,local_legacy_reproduction,validation-selected legacy run; test loss logged during training,note/results.csv,,,Held-out test MSE/MAE from the local legacy log; MAPE was not persisted.
FreTS,PEMS03,720,24,ok,0.08520843833684921,0.19231054186820984,,0.291904844661,23665560,,,23665560,90.276947021,logged_n_param,2026,5675.0178,,24.0299,,,local_legacy_reproduction,validation-selected legacy run; test loss logged during training,note/results.csv,,,Held-out test MSE/MAE from the local legacy log; MAPE was not persisted.
FilterNet,PEMS03,720,24,ok,0.08495981991291046,0.18922345340251923,,0.291478678316,913636,,,913636,3.485244751,logged_n_param,2026,814.6505,,14.1692,,,local_legacy_reproduction,validation-selected legacy run; test loss logged during training,note/results.csv,,,Held-out test MSE/MAE from the local legacy log; MAPE was not persisted.
iTransformer,PEMS03,720,24,ok,0.07880288362503052,0.18316060304641724,,0.28071851315,5116440,,,5116440,19.517669678,logged_n_param,2026,627.9473,,7.6191,,,local_legacy_reproduction,validation-selected legacy run; test loss logged during training,note/results.csv,,,Held-out test MSE/MAE from the local legacy log; MAPE was not persisted.
PatchTST,PEMS03,720,24,ok,0.07275600205709706,0.1746902643005523,1.3394733908298166,0.269733205329,687643,,,687643,2.623149872,0716v2_audited_param_count,2026,6448.084632158279,,28.396536827087402,4.413396578861116,5433.71533203125,local_completion_strict,validation-selected checkpoint; one deferred held-out test; sample-weighted streaming metrics,outputs/completion_0716v2/COMPLETION_MATRIX_0716V2_RESULTS.csv,,,0716v2 missing-cell completion; MAPE computed with the locked historical no-epsilon definition.
DLinear,PEMS03,720,24,ok,0.10782887786626816,0.21869443356990814,,0.328373077256,34608,,,34608,0.132019043,logged_n_param,2026,682.2517,,5.8741,,,local_legacy_reproduction,validation-selected legacy run; test loss logged during training,note/results.csv,,,Held-out test MSE/MAE from the local legacy log; MAPE was not persisted.
MixLinear,PEMS03,720,24,ok,0.1413731426000595,0.2470744103193283,,0.375996200247,59,,,73,0.000278473,logged_n_param,2026,676.6276,,5.7295,,,local_legacy_reproduction,validation-selected legacy run; test loss logged during training,note/results.csv,,,Held-out test MSE/MAE from the local legacy log; MAPE was not persisted.
PhaseFormer,PEMS03,720,24,ok,0.08723587043695627,0.19560656078585553,1.4467403609956213,0.295357191273,4206,,,4206,0.016044617,0716v2_audited_param_count,2021,800.3217544555664,,6.187773942947388,0.24471054604686096,80.35986328125,local_completion_strict,validation-selected checkpoint; one deferred held-out test; sample-weighted streaming metrics,outputs/completion_0716v2/COMPLETION_MATRIX_0716V2_RESULTS.csv,,,0716v2 missing-cell completion; MAPE computed with the locked historical no-epsilon definition.
FreqCycle,PEMS03,720,24,ok,0.08075768723542702,0.1849073032077255,1.3865219060278737,0.284178970431,315532,220148,95384,315532,1.203659058,0716v2_audited_param_count,2026,2706.544541120529,,8.86221694946289,0.5735849293042367,759.19580078125,local_completion_strict,validation-selected checkpoint; one deferred held-out test; sample-weighted streaming metrics,outputs/completion_0716v2/COMPLETION_MATRIX_0716V2_RESULTS.csv,,,0716v2 missing-cell completion; MAPE computed with the locked historical no-epsilon definition.
Compact + Echo,PEMS03,720,48,ok,0.14259041960803087,0.2486096146152004,1.8630219029561055,0.377611466468,19610,,,19610,0.074806213,locked_3seed_actual_param_count,"2024,2025,2026",474.8382291793823,,,,874.2470703125,local_compact_echo_locked_3seed_mean,validation-locked production route; three matched seeds; one deferred held-out test per checkpoint,analysis_exp/source_snapshot_0721v1/compact_echo_true9_88cells.csv,,,Production route arm=true_compact_echo; MAPE was streamed during the 0717v2 completion.
TQNet,PEMS03,720,48,ok,0.20436525344848633,0.3088461756706238,,0.452067753161,3098672,,,3098672,11.820495605,logged_n_param,2026,157.638,,6.5781,,,local_legacy_reproduction,validation-selected legacy run; test loss logged during training,note/results.csv,,,Held-out test MSE/MAE from the local legacy log; MAPE was not persisted.
CycleNet,PEMS03,720,48,ok,0.15221431851387024,0.26752376556396484,,0.390146534669,137712,,,137712,0.525329590,logged_n_param,2026,687.2699,,5.7901,,,local_legacy_reproduction,validation-selected legacy run; test loss logged during training,note/results.csv,,,Held-out test MSE/MAE from the local legacy log; MAPE was not persisted.
FITS,PEMS03,720,48,ok,0.151799276471138,0.24615390598773956,,0.389614266257,34752,,,69504,0.265136719,logged_n_param,2026,640.9408,,7.057,,,local_legacy_reproduction,validation-selected legacy run; test loss logged during training,note/results.csv,,,Held-out test MSE/MAE from the local legacy log; MAPE was not persisted.
SparseTSF,PEMS03,720,48,ok,0.1922236531972885,0.29692330956459045,,0.438433179854,85,,,85,0.000324249,logged_n_param,2026,1252.528,,5.9598,,,local_legacy_reproduction,validation-selected legacy run; test loss logged during training,note/results.csv,,,Held-out test MSE/MAE from the local legacy log; MAPE was not persisted.
FreTS,PEMS03,720,48,ok,0.1274552934880575,0.2311989246316849,1.658345930630718,0.3570088143,23671728,,,23671728,90.300476074,0716v2_audited_param_count,2026,4958.323089599609,,31.650530338287354,3.5331591669345275,1006.5283203125,local_completion_strict,validation-selected checkpoint; one deferred held-out test; sample-weighted streaming metrics,outputs/completion_0716v2/COMPLETION_MATRIX_0716V2_RESULTS.csv,,,0716v2 missing-cell completion; MAPE computed with the locked historical no-epsilon definition.
FilterNet,PEMS03,720,48,ok,0.10824501514434814,0.21098880469799042,,0.329006101986,925948,,,925948,3.532211304,logged_n_param,2026,826.8292,,14.1607,,,local_legacy_reproduction,validation-selected legacy run; test loss logged during training,note/results.csv,,,Held-out test MSE/MAE from the local legacy log; MAPE was not persisted.
iTransformer,PEMS03,720,48,ok,0.10137037932872772,0.20399664342403412,,0.318387153209,5128752,,,5128752,19.564636230,logged_n_param,2026,743.1832,,7.7914,,,local_legacy_reproduction,validation-selected legacy run; test loss logged during training,note/results.csv,,,Held-out test MSE/MAE from the local legacy log; MAPE was not persisted.
PatchTST,PEMS03,720,48,ok,0.09922690385262763,0.20124511814461005,1.4951327378443662,0.315003021974,964147,,,964147,3.677928925,0716v2_audited_param_count,2026,6438.041875123978,,28.2721004486084,4.412368736611762,5436.0830078125,local_completion_strict,validation-selected checkpoint; one deferred held-out test; sample-weighted streaming metrics,outputs/completion_0716v2/COMPLETION_MATRIX_0716V2_RESULTS.csv,,,0716v2 missing-cell completion; MAPE computed with the locked historical no-epsilon definition.
DLinear,PEMS03,720,48,ok,0.17945067584514618,0.289299339056015,,0.42361618931,69216,,,69216,0.264038086,logged_n_param,2026,145.6948,,6.3607,,,local_legacy_reproduction,validation-selected legacy run; test loss logged during training,note/results.csv,,,Held-out test MSE/MAE from the local legacy log; MAPE was not persisted.
MixLinear,PEMS03,720,48,ok,0.1887115091085434,0.28485244512557983,,0.434409379628,63,,,81,0.000308990,logged_n_param,2026,687.4294,,6.1531,,,local_legacy_reproduction,validation-selected legacy run; test loss logged during training,note/results.csv,,,Held-out test MSE/MAE from the local legacy log; MAPE was not persisted.
PhaseFormer,PEMS03,720,48,ok,0.11826480421711986,0.22551516171412597,1.6333208054845079,0.343896502188,4224,,,4224,0.016113281,0716v2_audited_param_count,2021,843.525538444519,,5.908641338348389,0.23444180696353484,81.6728515625,local_completion_strict,validation-selected checkpoint; one deferred held-out test; sample-weighted streaming metrics,outputs/completion_0716v2/COMPLETION_MATRIX_0716V2_RESULTS.csv,,,0716v2 missing-cell completion; MAPE computed with the locked historical no-epsilon definition.
FreqCycle,PEMS03,720,48,ok,0.11524263440529187,0.21476758927195785,1.5596609092664022,0.33947405557,321724,223244,98480,321724,1.227279663,0716v2_audited_param_count,2026,2714.8486297130585,,8.989805221557617,0.5849566248603794,759.87451171875,local_completion_strict,validation-selected checkpoint; one deferred held-out test; sample-weighted streaming metrics,outputs/completion_0716v2/COMPLETION_MATRIX_0716V2_RESULTS.csv,,,0716v2 missing-cell completion; MAPE computed with the locked historical no-epsilon definition.
Compact + Echo,PEMS03,720,96,ok,0.1897673009900818,0.2821324065464851,2.1529059049589905,0.435622888506,21146,,,21146,0.080665588,locked_3seed_actual_param_count,"2024,2025,2026",506.51973422368366,,,,959.76953125,local_compact_echo_locked_3seed_mean,validation-locked production route; three matched seeds; one deferred held-out test per checkpoint,analysis_exp/source_snapshot_0721v1/compact_echo_true9_88cells.csv,,,Production route arm=true_compact_echo; MAPE was streamed during the 0717v2 completion.
TQNet,PEMS03,720,96,ok,0.19802115857601166,0.3017347455024719,,0.444995683772,3123296,,,3123296,11.914428711,logged_n_param,2026,169.0759,,6.963,,,local_legacy_reproduction,validation-selected legacy run; test loss logged during training,note/results.csv,,,Held-out test MSE/MAE from the local legacy log; MAPE was not persisted.
CycleNet,PEMS03,720,96,ok,0.18867038190364838,0.29866084456443787,,0.434362040127,172320,,,172320,0.657348633,logged_n_param,2026,782.5234,,6.4123,,,local_legacy_reproduction,validation-selected legacy run; test loss logged during training,note/results.csv,,,Held-out test MSE/MAE from the local legacy log; MAPE was not persisted.
FITS,PEMS03,720,96,ok,0.18838022649288177,0.27086618542671204,,0.434027909809,36924,,,73848,0.281707764,logged_n_param,2026,596.9739,,7.7681,,,local_legacy_reproduction,validation-selected legacy run; test loss logged during training,note/results.csv,,,Held-out test MSE/MAE from the local legacy log; MAPE was not persisted.
SparseTSF,PEMS03,720,96,ok,0.21502844989299774,0.31556466221809387,,0.463711602069,145,,,145,0.000553131,logged_n_param,2026,1091.7599,,6.2316,,,local_legacy_reproduction,validation-selected legacy run; test loss logged during training,note/results.csv,,,Held-out test MSE/MAE from the local legacy log; MAPE was not persisted.
FreTS,PEMS03,720,96,ok,0.16681535346480475,0.2580413838808209,1.8557597305670397,0.408430353261,23684064,,,23684064,90.347534180,0716v2_audited_param_count,2026,3960.887702703476,,31.81651258468628,3.5407851206546295,1006.90283203125,local_completion_strict,validation-selected checkpoint; one deferred held-out test; sample-weighted streaming metrics,outputs/completion_0716v2/COMPLETION_MATRIX_0716V2_RESULTS.csv,,,0716v2 missing-cell completion; MAPE computed with the locked historical no-epsilon definition.
FilterNet,PEMS03,720,96,ok,0.1376350224018097,0.23604021966457367,,0.37099194385,950572,,,950572,3.626144409,logged_n_param,2026,877.7133,,15.2403,,,local_legacy_reproduction,validation-selected legacy run; test loss logged during training,note/results.csv,,,Held-out test MSE/MAE from the local legacy log; MAPE was not persisted.
iTransformer,PEMS03,720,96,ok,0.12175160646438599,0.2197670042514801,,0.348929228447,5153376,,,5153376,19.658569336,logged_n_param,2026,631.4891,,8.4494,,,local_legacy_reproduction,validation-selected legacy run; test loss logged during training,note/results.csv,,,Held-out test MSE/MAE from the local legacy log; MAPE was not persisted.
PatchTST,PEMS03,720,96,ok,0.13099422093123847,0.22859677562556535,1.6279123947218537,0.361931237849,1517155,,,1517155,5.787487030,0716v2_audited_param_count,2026,6456.010800600052,,27.777599573135376,4.390476257484182,5441.39208984375,local_completion_strict,validation-selected checkpoint; one deferred held-out test; sample-weighted streaming metrics,outputs/completion_0716v2/COMPLETION_MATRIX_0716V2_RESULTS.csv,,,0716v2 missing-cell completion; MAPE computed with the locked historical no-epsilon definition.
DLinear,PEMS03,720,96,ok,0.21388407051563263,0.3215910494327545,,0.462476021557,138432,,,138432,0.528076172,logged_n_param,2026,157.4372,,6.9972,,,local_legacy_reproduction,validation-selected legacy run; test loss logged during training,note/results.csv,,,Held-out test MSE/MAE from the local legacy log; MAPE was not persisted.
MixLinear,PEMS03,720,96,ok,0.22624076902866364,0.31693753600120544,,0.47564773628,87,,,113,0.000431061,logged_n_param,2026,735.3552,,6.3939,,,local_legacy_reproduction,validation-selected legacy run; test loss logged during training,note/results.csv,,,Held-out test MSE/MAE from the local legacy log; MAPE was not persisted.
PhaseFormer,PEMS03,720,96,ok,0.15254522504213705,0.257387892787628,1.8101559807723264,0.390570384236,4260,,,4260,0.016250610,0716v2_audited_param_count,2021,848.1633017063141,,6.154813528060913,0.23934930242910066,84.89599609375,local_completion_strict,validation-selected checkpoint; one deferred held-out test; sample-weighted streaming metrics,outputs/completion_0716v2/COMPLETION_MATRIX_0716V2_RESULTS.csv,,,0716v2 missing-cell completion; MAPE computed with the locked historical no-epsilon definition.
FreqCycle,PEMS03,720,96,ok,0.14951867033254462,0.2407056540567106,1.640772355864351,0.386676441398,334108,229436,104672,334108,1.274520874,0716v2_audited_param_count,2026,2716.0034341812134,,9.17960000038147,0.5856458991013099,761.234375,local_completion_strict,validation-selected checkpoint; one deferred held-out test; sample-weighted streaming metrics,outputs/completion_0716v2/COMPLETION_MATRIX_0716V2_RESULTS.csv,,,0716v2 missing-cell completion; MAPE computed with the locked historical no-epsilon definition.
Compact + Echo,PEMS04,720,12,ok,0.09436471030896688,0.20931193776180437,1.503599062708056,0.307188395466,18050,,,18050,0.068855286,locked_3seed_actual_param_count,"2024,2025,2026",257.134561697642,,,,700.8232421875,local_compact_echo_locked_3seed_mean,validation-locked production route; three matched seeds; one deferred held-out test per checkpoint,analysis_exp/source_snapshot_0721v1/compact_echo_true9_88cells.csv,,,Production route arm=true_compact_echo; MAPE was streamed during the 0717v2 completion.
TQNet,PEMS04,720,12,ok,0.08703826367855072,0.20184464752674103,,0.295022479955,3065516,,,3065516,11.694015503,logged_n_param,2026,86.4869,,3.7492,,,local_legacy_reproduction,validation-selected legacy run; test loss logged during training,note/results.csv,,,Held-out test MSE/MAE from the local legacy log; MAPE was not persisted.
CycleNet,PEMS04,720,12,ok,0.08983711153268814,0.20412392914295197,,0.299728396274,97068,,,97068,0.370285034,logged_n_param,2026,371.1354,,3.3239,,,local_legacy_reproduction,validation-selected legacy run; test loss logged during training,note/results.csv,,,Held-out test MSE/MAE from the local legacy log; MAPE was not persisted.
FITS,PEMS04,720,12,ok,0.09036911278963089,0.19867190718650818,,0.300614558512,33123,,,66246,0.252708435,logged_n_param,2026,373.5418,,3.7966,,,local_legacy_reproduction,validation-selected legacy run; test loss logged during training,note/results.csv,,,Held-out test MSE/MAE from the local legacy log; MAPE was not persisted.
SparseTSF,PEMS04,720,12,ok,0.1209915548182947,0.238593732113019,1.7439012258795707,0.347838403312,73,,,73,0.000278473,0716v2_audited_param_count,2026,253.84738326072693,,3.737018585205078,0.1591047346877918,367.86669921875,local_completion_strict,validation-selected checkpoint; one deferred held-out test; sample-weighted streaming metrics,outputs/completion_0716v2/COMPLETION_MATRIX_0716V2_RESULTS.csv,,,0716v2 missing-cell completion; MAPE computed with the locked historical no-epsilon definition.
FreTS,PEMS04,720,12,ok,0.07554565370082855,0.180230975151062,,0.27485569614,23662476,,,23662476,90.265182495,logged_n_param,2026,3068.1189,,13.1037,,,local_legacy_reproduction,validation-selected legacy run; test loss logged during training,note/results.csv,,,Held-out test MSE/MAE from the local legacy log; MAPE was not persisted.
FilterNet,PEMS04,720,12,ok,0.07029762864112854,0.1724882870912552,,0.265136999759,907378,,,907378,3.461372375,logged_n_param,2026,437.8218,,8.7646,,,local_legacy_reproduction,validation-selected legacy run; test loss logged during training,note/results.csv,,,Held-out test MSE/MAE from the local legacy log; MAPE was not persisted.
iTransformer,PEMS04,720,12,ok,0.07013235986232758,0.16940273344516754,,0.264825149603,5110284,,,5110284,19.494186401,logged_n_param,2026,412.9077,,4.5278,,,local_legacy_reproduction,validation-selected legacy run; test loss logged during training,note/results.csv,,,Held-out test MSE/MAE from the local legacy log; MAPE was not persisted.
PatchTST,PEMS04,720,12,ok,0.07359769613475588,0.17646396853381482,1.3425567020342979,0.271288953212,549391,,,549391,2.095760345,0716v2_audited_param_count,2026,3567.2124712467194,,16.590699434280396,3.889521213667976,4663.314453125,local_completion_strict,validation-selected checkpoint; one deferred held-out test; sample-weighted streaming metrics,outputs/completion_0716v2/COMPLETION_MATRIX_0716V2_RESULTS.csv,,,0716v2 missing-cell completion; MAPE computed with the locked historical no-epsilon definition.
DLinear,PEMS04,720,12,ok,0.08843301981687546,0.19553729891777039,,0.297376898593,17304,,,17304,0.066009521,logged_n_param,2026,351.1454,,3.3457,,,local_legacy_reproduction,validation-selected legacy run; test loss logged during training,note/results.csv,,,Held-out test MSE/MAE from the local legacy log; MAPE was not persisted.
MixLinear,PEMS04,720,12,ok,0.12946712970733643,0.24780653417110443,,0.359815410603,41,,,53,0.000202179,logged_n_param,2026,383.9521,,3.2525,,,local_legacy_reproduction,validation-selected legacy run; test loss logged during training,note/results.csv,,,Held-out test MSE/MAE from the local legacy log; MAPE was not persisted.
PhaseFormer,PEMS04,720,12,ok,0.08280135233613328,0.1924557815048815,1.4315215676517838,0.287752241236,4197,,,4197,0.016010284,0716v2_audited_param_count,2021,484.04378509521484,,4.350984334945679,0.3010877621188817,72.86279296875,local_completion_strict,validation-selected checkpoint; one deferred held-out test; sample-weighted streaming metrics,outputs/completion_0716v2/COMPLETION_MATRIX_0716V2_RESULTS.csv,,,0716v2 missing-cell completion; MAPE computed with the locked historical no-epsilon definition.
FreqCycle,PEMS04,720,12,ok,0.0683918486600019,0.16922653446648295,1.2893804320753879,0.261518352434,297748,203912,93836,297748,1.135818481,0716v2_audited_param_count,2026,1520.9464085102081,,6.0188188552856445,0.5897972488059278,655.455078125,local_completion_strict,validation-selected checkpoint; one deferred held-out test; sample-weighted streaming metrics,outputs/completion_0716v2/COMPLETION_MATRIX_0716V2_RESULTS.csv,,,0716v2 missing-cell completion; MAPE computed with the locked historical no-epsilon definition.
Compact + Echo,PEMS04,720,24,ok,0.12330782917563693,0.23974816391668238,1.6761029617732446,0.351152145338,18434,,,18434,0.070320129,locked_3seed_actual_param_count,"2024,2025,2026",265.77589829762775,,,,718.24267578125,local_compact_echo_locked_3seed_mean,validation-locked production route; three matched seeds; one deferred held-out test per checkpoint,analysis_exp/source_snapshot_0721v1/compact_echo_true9_88cells.csv,,,Production route arm=true_compact_echo; MAPE was streamed during the 0717v2 completion.
TQNet,PEMS04,720,24,ok,0.11435602605342865,0.23218375444412231,,0.338165678408,3071672,,,3071672,11.717498779,logged_n_param,2026,88.625,,3.8583,,,local_legacy_reproduction,validation-selected legacy run; test loss logged during training,note/results.csv,,,Held-out test MSE/MAE from the local legacy log; MAPE was not persisted.
CycleNet,PEMS04,720,24,ok,0.11381121724843979,0.23153270781040192,,0.337359181361,105720,,,105720,0.403289795,logged_n_param,2026,338.8707,,3.4385,,,local_legacy_reproduction,validation-selected legacy run; test loss logged during training,note/results.csv,,,Held-out test MSE/MAE from the local legacy log; MAPE was not persisted.
FITS,PEMS04,720,24,ok,0.12236500531435013,0.232039213180542,,0.34980709729,33666,,,67332,0.256851196,logged_n_param,2026,371.7886,,3.9285,,,local_legacy_reproduction,validation-selected legacy run; test loss logged during training,note/results.csv,,,Held-out test MSE/MAE from the local legacy log; MAPE was not persisted.
SparseTSF,PEMS04,720,24,ok,0.17178677022457123,0.2847875952720642,,0.414471676022,55,,,55,0.000209808,logged_n_param,2026,862.0885,,3.5839,,,local_legacy_reproduction,validation-selected legacy run; test loss logged during training,note/results.csv,,,Held-out test MSE/MAE from the local legacy log; MAPE was not persisted.
FreTS,PEMS04,720,24,ok,0.09395701438188553,0.20287692546844482,,0.306524084505,23665560,,,23665560,90.276947021,logged_n_param,2026,2458.1411,,13.089,,,local_legacy_reproduction,validation-selected legacy run; test loss logged during training,note/results.csv,,,Held-out test MSE/MAE from the local legacy log; MAPE was not persisted.
FilterNet,PEMS04,720,24,ok,0.0800919458270073,0.1839013695716858,,0.283005204593,913534,,,913534,3.484855652,logged_n_param,2026,466.6723,,8.8221,,,local_legacy_reproduction,validation-selected legacy run; test loss logged during training,note/results.csv,,,Held-out test MSE/MAE from the local legacy log; MAPE was not persisted.
iTransformer,PEMS04,720,24,ok,0.081697478890419,0.18237943947315216,,0.285827708402,5116440,,,5116440,19.517669678,logged_n_param,2026,385.0994,,4.5788,,,local_legacy_reproduction,validation-selected legacy run; test loss logged during training,note/results.csv,,,Held-out test MSE/MAE from the local legacy log; MAPE was not persisted.
PatchTST,PEMS04,720,24,ok,0.08876952872521722,0.1942832943030963,1.4968003765035025,0.297942156677,687643,,,687643,2.623149872,0716v2_audited_param_count,2026,3592.742409467697,,16.617424964904785,3.914978134411353,4663.970703125,local_completion_strict,validation-selected checkpoint; one deferred held-out test; sample-weighted streaming metrics,outputs/completion_0716v2/COMPLETION_MATRIX_0716V2_RESULTS.csv,,,0716v2 missing-cell completion; MAPE computed with the locked historical no-epsilon definition.
DLinear,PEMS04,720,24,ok,0.11942524462938309,0.22892966866493225,,0.345579577853,34608,,,34608,0.132019043,logged_n_param,2026,325.7207,,3.4038,,,local_legacy_reproduction,validation-selected legacy run; test loss logged during training,note/results.csv,,,Held-out test MSE/MAE from the local legacy log; MAPE was not persisted.
MixLinear,PEMS04,720,24,ok,0.15639154613018036,0.2698439061641693,,0.395463710257,59,,,73,0.000278473,logged_n_param,2026,383.2708,,3.7847,,,local_legacy_reproduction,validation-selected legacy run; test loss logged during training,note/results.csv,,,Held-out test MSE/MAE from the local legacy log; MAPE was not persisted.
PhaseFormer,PEMS04,720,24,ok,0.1036885792941814,0.21751704261450383,1.724952647499151,0.322007110627,4206,,,4206,0.016044617,0716v2_audited_param_count,2021,503.5047540664673,,3.791353940963745,0.22868738654587004,73.42529296875,local_completion_strict,validation-selected checkpoint; one deferred held-out test; sample-weighted streaming metrics,outputs/completion_0716v2/COMPLETION_MATRIX_0716V2_RESULTS.csv,,,0716v2 missing-cell completion; MAPE computed with the locked historical no-epsilon definition.
FreqCycle,PEMS04,720,24,ok,0.07838767265948489,0.18238657061945657,1.3966153630792646,0.279977986027,300844,205460,95384,300844,1.147628784,0716v2_audited_param_count,2026,1528.052161693573,,6.165076017379761,0.5866647252330074,655.748046875,local_completion_strict,validation-selected checkpoint; one deferred held-out test; sample-weighted streaming metrics,outputs/completion_0716v2/COMPLETION_MATRIX_0716V2_RESULTS.csv,,,0716v2 missing-cell completion; MAPE computed with the locked historical no-epsilon definition.
Compact + Echo,PEMS04,720,48,ok,0.1618806982864458,0.2752893087957104,1.8290830674039058,0.402344004909,19202,,,19202,0.073249817,locked_3seed_actual_param_count,"2024,2025,2026",271.0151975949605,,,,754.49560546875,local_compact_echo_locked_3seed_mean,validation-locked production route; three matched seeds; one deferred held-out test per checkpoint,analysis_exp/source_snapshot_0721v1/compact_echo_true9_88cells.csv,,,Production route arm=true_compact_echo; MAPE was streamed during the 0717v2 completion.
TQNet,PEMS04,720,48,ok,0.10272688418626785,0.21226757764816284,,0.320510349577,3083984,,,3083984,11.764465332,logged_n_param,2026,445.9792,,3.9792,,,local_legacy_reproduction,validation-selected legacy run; test loss logged during training,note/results.csv,,,Held-out test MSE/MAE from the local legacy log; MAPE was not persisted.
CycleNet,PEMS04,720,48,ok,0.14789390563964844,0.2650597095489502,,0.384569766934,123024,,,123024,0.469299316,logged_n_param,2026,381.8827,,3.6405,,,local_legacy_reproduction,validation-selected legacy run; test loss logged during training,note/results.csv,,,Held-out test MSE/MAE from the local legacy log; MAPE was not persisted.
FITS,PEMS04,720,48,ok,0.16821438074111938,0.27215397357940674,,0.410139464989,34752,,,69504,0.265136719,logged_n_param,2026,383.5253,,4.1955,,,local_legacy_reproduction,validation-selected legacy run; test loss logged during training,note/results.csv,,,Held-out test MSE/MAE from the local legacy log; MAPE was not persisted.
SparseTSF,PEMS04,720,48,ok,0.20007316768169403,0.3050800561904907,,0.447295391975,85,,,85,0.000324249,logged_n_param,2026,734.7317,,3.5996,,,local_legacy_reproduction,validation-selected legacy run; test loss logged during training,note/results.csv,,,Held-out test MSE/MAE from the local legacy log; MAPE was not persisted.
FreTS,PEMS04,720,48,ok,0.12125831097364426,0.2324039340019226,,0.348221640588,23671728,,,23671728,90.300476074,logged_n_param,2026,2257.2751,,13.5319,,,local_legacy_reproduction,validation-selected legacy run; test loss logged during training,note/results.csv,,,Held-out test MSE/MAE from the local legacy log; MAPE was not persisted.
FilterNet,PEMS04,720,48,ok,0.09207239747047424,0.19808535277843475,,0.303434337988,925846,,,925846,3.531822205,logged_n_param,2026,449.6625,,9.1568,,,local_legacy_reproduction,validation-selected legacy run; test loss logged during training,note/results.csv,,,Held-out test MSE/MAE from the local legacy log; MAPE was not persisted.
iTransformer,PEMS04,720,48,ok,0.0979863628745079,0.19804510474205017,,0.313027734992,5128752,,,5128752,19.564636230,logged_n_param,2026,475.0031,,4.8087,,,local_legacy_reproduction,validation-selected legacy run; test loss logged during training,note/results.csv,,,Held-out test MSE/MAE from the local legacy log; MAPE was not persisted.
PatchTST,PEMS04,720,48,ok,0.10966388083925074,0.21515825134781122,1.659680562004673,0.331155372656,964147,,,964147,3.677928925,0716v2_audited_param_count,2026,3551.801438331604,,16.755698680877686,3.871275286569022,4666.150390625,local_completion_strict,validation-selected checkpoint; one deferred held-out test; sample-weighted streaming metrics,outputs/completion_0716v2/COMPLETION_MATRIX_0716V2_RESULTS.csv,,,0716v2 missing-cell completion; MAPE computed with the locked historical no-epsilon definition.
DLinear,PEMS04,720,48,ok,0.16304413974285126,0.2673012912273407,,0.403787245642,69216,,,69216,0.264038086,logged_n_param,2026,240.583,,3.6875,,,local_legacy_reproduction,validation-selected legacy run; test loss logged during training,note/results.csv,,,Held-out test MSE/MAE from the local legacy log; MAPE was not persisted.
MixLinear,PEMS04,720,48,ok,0.20315802097320557,0.3079053461551666,,0.450730541425,63,,,81,0.000308990,logged_n_param,2026,376.9213,,4.0034,,,local_legacy_reproduction,validation-selected legacy run; test loss logged during training,note/results.csv,,,Held-out test MSE/MAE from the local legacy log; MAPE was not persisted.
PhaseFormer,PEMS04,720,48,ok,0.1335009951175568,0.24580233067279908,1.9639405834302748,0.365377879896,4224,,,4224,0.016113281,0716v2_audited_param_count,2021,493.8104248046875,,4.297617197036743,0.2794848753334479,74.55029296875,local_completion_strict,validation-selected checkpoint; one deferred held-out test; sample-weighted streaming metrics,outputs/completion_0716v2/COMPLETION_MATRIX_0716V2_RESULTS.csv,,,0716v2 missing-cell completion; MAPE computed with the locked historical no-epsilon definition.
FreqCycle,PEMS04,720,48,ok,0.0948074132989541,0.20139303209625675,1.5946455559993682,0.307908124769,307036,208556,98480,307036,1.171249390,0716v2_audited_param_count,2026,1559.9086966514587,,5.980464696884155,0.59058445895447,656.333984375,local_completion_strict,validation-selected checkpoint; one deferred held-out test; sample-weighted streaming metrics,outputs/completion_0716v2/COMPLETION_MATRIX_0716V2_RESULTS.csv,,,0716v2 missing-cell completion; MAPE computed with the locked historical no-epsilon definition.
Compact + Echo,PEMS04,720,96,ok,0.18504525905869987,0.294773687024101,1.9272589277374474,0.430168872722,20738,,,20738,0.079109192,locked_3seed_actual_param_count,"2024,2025,2026",288.1646664937337,,,,826.39306640625,local_compact_echo_locked_3seed_mean,validation-locked production route; three matched seeds; one deferred held-out test per checkpoint,analysis_exp/source_snapshot_0721v1/compact_echo_true9_88cells.csv,,,Production route arm=true_compact_echo; MAPE was streamed during the 0717v2 completion.
TQNet,PEMS04,720,96,ok,0.17935089766979218,0.29027828574180603,,0.423498403385,3108608,,,3108608,11.858398438,logged_n_param,2026,99.0578,,4.4224,,,local_legacy_reproduction,validation-selected legacy run; test loss logged during training,note/results.csv,,,Held-out test MSE/MAE from the local legacy log; MAPE was not persisted.
CycleNet,PEMS04,720,96,ok,0.1750640720129013,0.28820428252220154,,0.418406586962,157632,,,157632,0.601318359,logged_n_param,2026,409.0874,,3.9667,,,local_legacy_reproduction,validation-selected legacy run; test loss logged during training,note/results.csv,,,Held-out test MSE/MAE from the local legacy log; MAPE was not persisted.
FITS,PEMS04,720,96,ok,0.2049713432788849,0.2981323003768921,,0.452737609746,36924,,,73848,0.281707764,logged_n_param,2026,368.3593,,4.4979,,,local_legacy_reproduction,validation-selected legacy run; test loss logged during training,note/results.csv,,,Held-out test MSE/MAE from the local legacy log; MAPE was not persisted.
SparseTSF,PEMS04,720,96,ok,0.2194763869047165,0.3168336749076843,,0.46848307003,145,,,145,0.000553131,logged_n_param,2026,641.4683,,3.8715,,,local_legacy_reproduction,validation-selected legacy run; test loss logged during training,note/results.csv,,,Held-out test MSE/MAE from the local legacy log; MAPE was not persisted.
FreTS,PEMS04,720,96,ok,0.14615653455257416,0.2569771111011505,,0.38230424344,23684064,,,23684064,90.347534180,logged_n_param,2026,3090.9656,,13.4644,,,local_legacy_reproduction,validation-selected legacy run; test loss logged during training,note/results.csv,,,Held-out test MSE/MAE from the local legacy log; MAPE was not persisted.
FilterNet,PEMS04,720,96,ok,0.10254647582769394,0.20986105501651764,,0.320228786694,950470,,,950470,3.625755310,logged_n_param,2026,496.2448,,9.658,,,local_legacy_reproduction,validation-selected legacy run; test loss logged during training,note/results.csv,,,Held-out test MSE/MAE from the local legacy log; MAPE was not persisted.
iTransformer,PEMS04,720,96,ok,0.11047352850437164,0.21053695678710938,,0.332375583496,5153376,,,5153376,19.658569336,logged_n_param,2026,441.214,,5.1672,,,local_legacy_reproduction,validation-selected legacy run; test loss logged during training,note/results.csv,,,Held-out test MSE/MAE from the local legacy log; MAPE was not persisted.
PatchTST,PEMS04,720,96,ok,0.13002078757080485,0.23447188592366283,1.8033453971645659,0.360583953568,1517155,,,1517155,5.787487030,0716v2_audited_param_count,2026,3565.032110929489,,16.475783824920654,3.8822546224593393,4670.5126953125,local_completion_strict,validation-selected checkpoint; one deferred held-out test; sample-weighted streaming metrics,outputs/completion_0716v2/COMPLETION_MATRIX_0716V2_RESULTS.csv,,,0716v2 missing-cell completion; MAPE computed with the locked historical no-epsilon definition.
DLinear,PEMS04,720,96,ok,0.2023622840642929,0.30072155594825745,,0.449846956269,138432,,,138432,0.528076172,logged_n_param,2026,180.3727,,3.9424,,,local_legacy_reproduction,validation-selected legacy run; test loss logged during training,note/results.csv,,,Held-out test MSE/MAE from the local legacy log; MAPE was not persisted.
MixLinear,PEMS04,720,96,ok,0.2392214983701706,0.33523860573768616,,0.489102748275,87,,,113,0.000431061,logged_n_param,2026,345.0264,,3.7088,,,local_legacy_reproduction,validation-selected legacy run; test loss logged during training,note/results.csv,,,Held-out test MSE/MAE from the local legacy log; MAPE was not persisted.
PhaseFormer,PEMS04,720,96,ok,0.16970117436458382,0.281233436876191,2.2006533904682954,0.411948023863,4260,,,4260,0.016250610,0716v2_audited_param_count,2021,561.6210587024689,,4.570044994354248,0.27917032114554635,76.80322265625,local_completion_strict,validation-selected checkpoint; one deferred held-out test; sample-weighted streaming metrics,outputs/completion_0716v2/COMPLETION_MATRIX_0716V2_RESULTS.csv,,,0716v2 missing-cell completion; MAPE computed with the locked historical no-epsilon definition.
FreqCycle,PEMS04,720,96,ok,0.11330152671434575,0.22118036525199242,1.7505669740424554,0.336602921429,319420,214748,104672,319420,1.218490601,0716v2_audited_param_count,2026,1523.8392856121063,,6.165585517883301,0.5901628457260175,657.505859375,local_completion_strict,validation-selected checkpoint; one deferred held-out test; sample-weighted streaming metrics,outputs/completion_0716v2/COMPLETION_MATRIX_0716V2_RESULTS.csv,,,0716v2 missing-cell completion; MAPE computed with the locked historical no-epsilon definition.
Compact + Echo,PEMS07,720,12,ok,0.05892924384039734,0.15875065159936153,1.6113690953073938,0.242753463086,22658,,,22658,0.086433411,locked_3seed_actual_param_count,"2024,2025,2026",1137.7995694478352,,,,513.57275390625,local_compact_echo_locked_3seed_mean,validation-locked production route; three matched seeds; one deferred held-out test per checkpoint,analysis_exp/source_snapshot_0721v1/compact_echo_true9_88cells.csv,,,Production route arm=true_compact_echo; MAPE was streamed during the 0717v2 completion.
TQNet,PEMS07,720,12,ok,0.07384729385375977,0.18429578840732574,,0.271748585744,3231404,,,3231404,12.326828003,logged_n_param,2026,381.054,,14.2851,,,local_legacy_reproduction,validation-selected legacy run; test loss logged during training,note/results.csv,,,Held-out test MSE/MAE from the local legacy log; MAPE was not persisted.
CycleNet,PEMS07,720,12,ok,0.06954091042280197,0.1759478896856308,,0.263706106154,262956,,,262956,1.003097534,logged_n_param,2026,1648.3097,,12.5994,,,local_legacy_reproduction,validation-selected legacy run; test loss logged during training,note/results.csv,,,Held-out test MSE/MAE from the local legacy log; MAPE was not persisted.
FITS,PEMS07,720,12,ok,0.07093378156423569,0.17520470917224884,,0.266333966223,33123,,,66246,0.252708435,logged_n_param,2026,1822.9974,,14.9735,,,local_legacy_reproduction,validation-selected legacy run; test loss logged during training,note/results.csv,,,Held-out test MSE/MAE from the local legacy log; MAPE was not persisted.
SparseTSF,PEMS07,720,12,ok,0.09830628644175014,0.21420303758932796,1.982229694162442,0.313538333289,73,,,73,0.000278473,0716v2_audited_param_count,2026,1173.0097942352295,,11.71271300315857,0.1965221116799096,995.40576171875,local_completion_strict,validation-selected checkpoint; one deferred held-out test; sample-weighted streaming metrics,outputs/completion_0716v2/COMPLETION_MATRIX_0716V2_RESULTS.csv,,,0716v2 missing-cell completion; MAPE computed with the locked historical no-epsilon definition.
FreTS,PEMS07,720,12,ok,0.05372739145736312,0.14818571853032897,1.5036550120449332,0.231791698422,23662476,,,23662476,90.265182495,0716v2_audited_param_count,2026,14256.899603366852,,63.288549184799194,8.010897931745172,2305.76318359375,local_completion_strict,validation-selected checkpoint; one deferred held-out test; sample-weighted streaming metrics,outputs/completion_0716v2/COMPLETION_MATRIX_0716V2_RESULTS.csv,,,0716v2 missing-cell completion; MAPE computed with the locked historical no-epsilon definition.
FilterNet,PEMS07,720,12,ok,0.05044269561767578,0.14407655596733093,,0.224594513775,908530,,,908530,3.465766907,logged_n_param,2026,1040.4071,,20.7534,,,local_legacy_reproduction,validation-selected legacy run; test loss logged during training,note/results.csv,,,Held-out test MSE/MAE from the local legacy log; MAPE was not persisted.
iTransformer,PEMS07,720,12,ok,0.0508183054625988,0.14232032001018524,,0.225429158413,5110284,,,5110284,19.494186401,logged_n_param,2026,1261.7154,,17.1567,,,local_legacy_reproduction,validation-selected legacy run; test loss logged during training,note/results.csv,,,Held-out test MSE/MAE from the local legacy log; MAPE was not persisted.
PatchTST,PEMS07,720,12,ok,0.050725074988537115,0.14322391719959646,1.4020099095238632,0.225222279068,549391,,,549391,2.095760345,0716v2_audited_param_count,2026,17035.171044826508,,72.26304936408997,10.778467768574087,6693.55419921875,local_completion_strict,validation-selected checkpoint; one deferred held-out test; sample-weighted streaming metrics,outputs/completion_0716v2/COMPLETION_MATRIX_0716V2_RESULTS.csv,,,0716v2 missing-cell completion; MAPE computed with the locked historical no-epsilon definition.
DLinear,PEMS07,720,12,ok,0.07081689685583115,0.17578673362731934,,0.266114443155,17304,,,17304,0.066009521,logged_n_param,2026,1563.0912,,12.6349,,,local_legacy_reproduction,validation-selected legacy run; test loss logged during training,note/results.csv,,,Held-out test MSE/MAE from the local legacy log; MAPE was not persisted.
MixLinear,PEMS07,720,12,ok,0.1059596911072731,0.22545121610164642,,0.325514502146,41,,,53,0.000202179,logged_n_param,2026,1646.4849,,12.825,,,local_legacy_reproduction,validation-selected legacy run; test loss logged during training,note/results.csv,,,Held-out test MSE/MAE from the local legacy log; MAPE was not persisted.
PhaseFormer,PEMS07,720,12,ok,0.06117805770165243,0.16285722808605843,1.591577209149639,0.247341985319,4197,,,4197,0.016010284,0716v2_audited_param_count,2021,1865.5601799488068,,12.670426368713379,0.4378983768464701,91.283203125,local_completion_strict,validation-selected checkpoint; one deferred held-out test; sample-weighted streaming metrics,outputs/completion_0716v2/COMPLETION_MATRIX_0716V2_RESULTS.csv,,,0716v2 missing-cell completion; MAPE computed with the locked historical no-epsilon definition.
FreqCycle,PEMS07,720,12,ok,0.0526622428645491,0.1456371610781522,1.4050108920409052,0.229482554597,463636,369800,93836,463636,1.768630981,0716v2_audited_param_count,2026,6852.249240636826,,19.275850534439087,1.2482250265740904,930.466796875,local_completion_strict,validation-selected checkpoint; one deferred held-out test; sample-weighted streaming metrics,outputs/completion_0716v2/COMPLETION_MATRIX_0716V2_RESULTS.csv,,,0716v2 missing-cell completion; MAPE computed with the locked historical no-epsilon definition.
Compact + Echo,PEMS07,720,24,ok,0.0774966855668883,0.18281010497005185,1.7793099448149345,0.27838226518,23042,,,23042,0.087898254,locked_3seed_actual_param_count,"2024,2025,2026",1173.6987707614899,,,,526.517578125,local_compact_echo_locked_3seed_mean,validation-locked production route; three matched seeds; one deferred held-out test per checkpoint,analysis_exp/source_snapshot_0721v1/compact_echo_true9_88cells.csv,,,Production route arm=true_compact_echo; MAPE was streamed during the 0717v2 completion.
TQNet,PEMS07,720,24,ok,0.1002604216337204,0.21391406655311584,,0.316639261043,3237560,,,3237560,12.350311279,logged_n_param,2026,366.7967,,14.8233,,,local_legacy_reproduction,validation-selected legacy run; test loss logged during training,note/results.csv,,,Held-out test MSE/MAE from the local legacy log; MAPE was not persisted.
CycleNet,PEMS07,720,24,ok,0.09887592494487762,0.21104048192501068,,0.31444542443,271608,,,271608,1.036102295,logged_n_param,2026,1409.4403,,13.3058,,,local_legacy_reproduction,validation-selected legacy run; test loss logged during training,note/results.csv,,,Held-out test MSE/MAE from the local legacy log; MAPE was not persisted.
FITS,PEMS07,720,24,ok,0.10097140073776245,0.20975251495838165,,0.317759973467,33666,,,67332,0.256851196,logged_n_param,2026,1720.1431,,14.9453,,,local_legacy_reproduction,validation-selected legacy run; test loss logged during training,note/results.csv,,,Held-out test MSE/MAE from the local legacy log; MAPE was not persisted.
SparseTSF,PEMS07,720,24,ok,0.1566871553659439,0.27207139134407043,,0.395837283951,55,,,55,0.000209808,logged_n_param,2026,2075.0122,,12.6772,,,local_legacy_reproduction,validation-selected legacy run; test loss logged during training,note/results.csv,,,Held-out test MSE/MAE from the local legacy log; MAPE was not persisted.
FreTS,PEMS07,720,24,ok,0.07119951690879658,0.1740023823735556,1.7430809568454588,0.266832376051,23665560,,,23665560,90.276947021,0716v2_audited_param_count,2026,14383.189317464828,,63.18511247634888,8.00798072687933,2305.9775390625,local_completion_strict,validation-selected checkpoint; one deferred held-out test; sample-weighted streaming metrics,outputs/completion_0716v2/COMPLETION_MATRIX_0716V2_RESULTS.csv,,,0716v2 missing-cell completion; MAPE computed with the locked historical no-epsilon definition.
FilterNet,PEMS07,720,24,ok,0.05744682252407074,0.1520252376794815,,0.239680667815,914686,,,914686,3.489250183,logged_n_param,2026,1417.0781,,20.9967,,,local_legacy_reproduction,validation-selected legacy run; test loss logged during training,note/results.csv,,,Held-out test MSE/MAE from the local legacy log; MAPE was not persisted.
iTransformer,PEMS07,720,24,ok,0.057001180946826935,0.150680273771286,,0.238749200934,5116440,,,5116440,19.517669678,logged_n_param,2026,1275.6504,,17.3451,,,local_legacy_reproduction,validation-selected legacy run; test loss logged during training,note/results.csv,,,Held-out test MSE/MAE from the local legacy log; MAPE was not persisted.
PatchTST,PEMS07,720,24,ok,0.060636495615954224,0.15729413006352896,1.5206339269652756,0.246244787998,687643,,,687643,2.623149872,0716v2_audited_param_count,2026,17042.28931927681,,72.02690148353577,10.772271121735622,6694.400390625,local_completion_strict,validation-selected checkpoint; one deferred held-out test; sample-weighted streaming metrics,outputs/completion_0716v2/COMPLETION_MATRIX_0716V2_RESULTS.csv,,,0716v2 missing-cell completion; MAPE computed with the locked historical no-epsilon definition.
DLinear,PEMS07,720,24,ok,0.10238862782716751,0.2121521681547165,,0.319982230487,34608,,,34608,0.132019043,logged_n_param,2026,1561.7489,,13.1944,,,local_legacy_reproduction,validation-selected legacy run; test loss logged during training,note/results.csv,,,Held-out test MSE/MAE from the local legacy log; MAPE was not persisted.
MixLinear,PEMS07,720,24,ok,0.13504089415073395,0.25158172845840454,,0.367479107094,59,,,73,0.000278473,logged_n_param,2026,1695.765,,13.4797,,,local_legacy_reproduction,validation-selected legacy run; test loss logged during training,note/results.csv,,,Held-out test MSE/MAE from the local legacy log; MAPE was not persisted.
PhaseFormer,PEMS07,720,24,ok,0.07846342320013532,0.1860407292159666,1.7504753580771957,0.280113232819,4206,,,4206,0.016044617,0716v2_audited_param_count,2021,1901.3224022388458,,12.781516790390015,0.4560158332338263,92.091796875,local_completion_strict,validation-selected checkpoint; one deferred held-out test; sample-weighted streaming metrics,outputs/completion_0716v2/COMPLETION_MATRIX_0716V2_RESULTS.csv,,,0716v2 missing-cell completion; MAPE computed with the locked historical no-epsilon definition.
FreqCycle,PEMS07,720,24,ok,0.06255863328557235,0.15938097520116432,1.541020437440396,0.250117239081,466732,371348,95384,466732,1.780441284,0716v2_audited_param_count,2026,6951.634287118912,,19.94759511947632,1.2673660083873546,930.8837890625,local_completion_strict,validation-selected checkpoint; one deferred held-out test; sample-weighted streaming metrics,outputs/completion_0716v2/COMPLETION_MATRIX_0716V2_RESULTS.csv,,,0716v2 missing-cell completion; MAPE computed with the locked historical no-epsilon definition.
Compact + Echo,PEMS07,720,48,ok,0.10944684077952252,0.21054195457946204,1.9449190030612256,0.330827509103,23810,,,23810,0.090827942,locked_3seed_actual_param_count,"2024,2025,2026",1204.0674118995667,,,,552.4072265625,local_compact_echo_locked_3seed_mean,validation-locked production route; three matched seeds; one deferred held-out test per checkpoint,analysis_exp/source_snapshot_0721v1/compact_echo_true9_88cells.csv,,,Production route arm=true_compact_echo; MAPE was streamed during the 0717v2 completion.
TQNet,PEMS07,720,48,ok,0.13223367929458618,0.24484936892986298,,0.363639490835,3249872,,,3249872,12.397277832,logged_n_param,2026,377.928,,15.1591,,,local_legacy_reproduction,validation-selected legacy run; test loss logged during training,note/results.csv,,,Held-out test MSE/MAE from the local legacy log; MAPE was not persisted.
CycleNet,PEMS07,720,48,ok,0.14592333137989044,0.2560296058654785,,0.381999124842,288912,,,288912,1.102111816,logged_n_param,2026,1664.1396,,13.6517,,,local_legacy_reproduction,validation-selected legacy run; test loss logged during training,note/results.csv,,,Held-out test MSE/MAE from the local legacy log; MAPE was not persisted.
FITS,PEMS07,720,48,ok,0.14560727775096893,0.25153252482414246,,0.381585216893,34752,,,69504,0.265136719,logged_n_param,2026,1802.851,,16.1682,,,local_legacy_reproduction,validation-selected legacy run; test loss logged during training,note/results.csv,,,Held-out test MSE/MAE from the local legacy log; MAPE was not persisted.
SparseTSF,PEMS07,720,48,ok,0.1886424869298935,0.2924180328845978,,0.43432992866,85,,,85,0.000324249,logged_n_param,2026,1692.4989,,13.7329,,,local_legacy_reproduction,validation-selected legacy run; test loss logged during training,note/results.csv,,,Held-out test MSE/MAE from the local legacy log; MAPE was not persisted.
FreTS,PEMS07,720,48,ok,0.0996505433165409,0.20613076174774028,1.8796607356436925,0.315674742918,23671728,,,23671728,90.300476074,0716v2_audited_param_count,2026,14341.703503370285,,62.99241352081299,7.980349037529359,2306.40625,local_completion_strict,validation-selected checkpoint; one deferred held-out test; sample-weighted streaming metrics,outputs/completion_0716v2/COMPLETION_MATRIX_0716V2_RESULTS.csv,,,0716v2 missing-cell completion; MAPE computed with the locked historical no-epsilon definition.
FilterNet,PEMS07,720,48,ok,0.06628408282995224,0.16411350667476654,,0.257456953353,926998,,,926998,3.536216736,logged_n_param,2026,1466.4288,,21.6201,,,local_legacy_reproduction,validation-selected legacy run; test loss logged during training,note/results.csv,,,Held-out test MSE/MAE from the local legacy log; MAPE was not persisted.
iTransformer,PEMS07,720,48,ok,0.06667272746562958,0.16374216973781586,,0.258210626167,5128752,,,5128752,19.564636230,logged_n_param,2026,1092.0968,,18.2348,,,local_legacy_reproduction,validation-selected legacy run; test loss logged during training,note/results.csv,,,Held-out test MSE/MAE from the local legacy log; MAPE was not persisted.
PatchTST,PEMS07,720,48,ok,0.07501870107850789,0.17430702065533735,1.6752171368529165,0.273895419966,964147,,,964147,3.677928925,0716v2_audited_param_count,2026,17054.75174307823,,71.42053532600403,10.740984881824065,6697.072265625,local_completion_strict,validation-selected checkpoint; one deferred held-out test; sample-weighted streaming metrics,outputs/completion_0716v2/COMPLETION_MATRIX_0716V2_RESULTS.csv,,,0716v2 missing-cell completion; MAPE computed with the locked historical no-epsilon definition.
DLinear,PEMS07,720,48,ok,0.15218375623226166,0.25706642866134644,,0.390107365006,69216,,,69216,0.264038086,logged_n_param,2026,1653.7188,,13.7158,,,local_legacy_reproduction,validation-selected legacy run; test loss logged during training,note/results.csv,,,Held-out test MSE/MAE from the local legacy log; MAPE was not persisted.
MixLinear,PEMS07,720,48,ok,0.18519821763038635,0.2959344685077667,,0.430346624979,63,,,81,0.000308990,logged_n_param,2026,1728.4876,,14.1977,,,local_legacy_reproduction,validation-selected legacy run; test loss logged during training,note/results.csv,,,Held-out test MSE/MAE from the local legacy log; MAPE was not persisted.
PhaseFormer,PEMS07,720,48,ok,0.1050843944507161,0.21549391966295456,2.0108526149370536,0.324167232229,4224,,,4224,0.016113281,0716v2_audited_param_count,2021,1724.4244468212128,,13.010843515396118,0.46312936017752676,93.708984375,local_completion_strict,validation-selected checkpoint; one deferred held-out test; sample-weighted streaming metrics,outputs/completion_0716v2/COMPLETION_MATRIX_0716V2_RESULTS.csv,,,0716v2 missing-cell completion; MAPE computed with the locked historical no-epsilon definition.
FreqCycle,PEMS07,720,48,ok,0.07788902230332866,0.17747912828315615,1.7282967168272716,0.279086048206,472924,374444,98480,472924,1.804061890,0716v2_audited_param_count,2026,6964.98664522171,,19.7743239402771,1.2690487940231137,931.7158203125,local_completion_strict,validation-selected checkpoint; one deferred held-out test; sample-weighted streaming metrics,outputs/completion_0716v2/COMPLETION_MATRIX_0716V2_RESULTS.csv,,,0716v2 missing-cell completion; MAPE computed with the locked historical no-epsilon definition.
Compact + Echo,PEMS07,720,96,ok,0.14542394691488922,0.23378611744261504,2.0818778328434715,0.381344918564,25346,,,25346,0.096687317,locked_3seed_actual_param_count,"2024,2025,2026",1236.606565316518,,,,604.1875,local_compact_echo_locked_3seed_mean,validation-locked production route; three matched seeds; one deferred held-out test per checkpoint,analysis_exp/source_snapshot_0721v1/compact_echo_true9_88cells.csv,,,Production route arm=true_compact_echo; MAPE was streamed during the 0717v2 completion.
TQNet,PEMS07,720,96,ok,0.09888742119073868,0.2068236619234085,,0.314463704091,3274496,,,3274496,12.491210938,logged_n_param,2026,2025.0511,,16.9254,,,local_legacy_reproduction,validation-selected legacy run; test loss logged during training,note/results.csv,,,Held-out test MSE/MAE from the local legacy log; MAPE was not persisted.
CycleNet,PEMS07,720,96,ok,0.18957401812076569,0.2929568588733673,,0.435400985438,323520,,,323520,1.234130859,logged_n_param,2026,1116.8803,,15.3833,,,local_legacy_reproduction,validation-selected legacy run; test loss logged during training,note/results.csv,,,Held-out test MSE/MAE from the local legacy log; MAPE was not persisted.
FITS,PEMS07,720,96,ok,0.1824604719877243,0.2809688150882721,,0.427153920721,36924,,,73848,0.281707764,logged_n_param,2026,2029.3517,,18.1172,,,local_legacy_reproduction,validation-selected legacy run; test loss logged during training,note/results.csv,,,Held-out test MSE/MAE from the local legacy log; MAPE was not persisted.
SparseTSF,PEMS07,720,96,ok,0.219548299908638,0.3152211010456085,,0.468559814654,145,,,145,0.000553131,logged_n_param,2026,1367.4619,,14.8216,,,local_legacy_reproduction,validation-selected legacy run; test loss logged during training,note/results.csv,,,Held-out test MSE/MAE from the local legacy log; MAPE was not persisted.
FreTS,PEMS07,720,96,ok,0.1291357180272813,0.23572618302806025,2.1321027579717264,0.359354585371,23684064,,,23684064,90.347534180,0716v2_audited_param_count,2026,14304.482008695602,,62.752673387527466,8.006515178260802,2307.26171875,local_completion_strict,validation-selected checkpoint; one deferred held-out test; sample-weighted streaming metrics,outputs/completion_0716v2/COMPLETION_MATRIX_0716V2_RESULTS.csv,,,0716v2 missing-cell completion; MAPE computed with the locked historical no-epsilon definition.
FilterNet,PEMS07,720,96,ok,0.07718772441148758,0.17944498360157013,,0.277826788506,951622,,,951622,3.630149841,logged_n_param,2026,1189.9234,,23.6633,,,local_legacy_reproduction,validation-selected legacy run; test loss logged during training,note/results.csv,,,Held-out test MSE/MAE from the local legacy log; MAPE was not persisted.
iTransformer,PEMS07,720,96,ok,0.07427863776683807,0.17055124044418335,,0.272541075376,5153376,,,5153376,19.658569336,logged_n_param,2026,1419.0424,,19.4036,,,local_legacy_reproduction,validation-selected legacy run; test loss logged during training,note/results.csv,,,Held-out test MSE/MAE from the local legacy log; MAPE was not persisted.
PatchTST,PEMS07,720,96,ok,0.092500350881171,0.19202681258510443,1.742905978770452,0.304138703359,1517155,,,1517155,5.787487030,0716v2_audited_param_count,2026,17121.146812438965,,72.08174633979797,10.806287393130994,6703.81201171875,local_completion_strict,validation-selected checkpoint; one deferred held-out test; sample-weighted streaming metrics,outputs/completion_0716v2/COMPLETION_MATRIX_0716V2_RESULTS.csv,,,0716v2 missing-cell completion; MAPE computed with the locked historical no-epsilon definition.
DLinear,PEMS07,720,96,ok,0.20896412432193756,0.3029809594154358,,0.457125939235,138432,,,138432,0.528076172,logged_n_param,2026,369.3365,,15.069,,,local_legacy_reproduction,validation-selected legacy run; test loss logged during training,note/results.csv,,,Held-out test MSE/MAE from the local legacy log; MAPE was not persisted.
MixLinear,PEMS07,720,96,ok,0.22459103167057037,0.3307376205921173,,0.473910362485,87,,,113,0.000431061,logged_n_param,2026,1872.9861,,15.2702,,,local_legacy_reproduction,validation-selected legacy run; test loss logged during training,note/results.csv,,,Held-out test MSE/MAE from the local legacy log; MAPE was not persisted.
PhaseFormer,PEMS07,720,96,ok,0.13735978775300198,0.24841952770488332,2.238560164503395,0.370620813977,4260,,,4260,0.016250610,0716v2_audited_param_count,2021,2012.9274215698242,,13.417709589004517,0.45472511809851635,96.943359375,local_completion_strict,validation-selected checkpoint; one deferred held-out test; sample-weighted streaming metrics,outputs/completion_0716v2/COMPLETION_MATRIX_0716V2_RESULTS.csv,,,0716v2 missing-cell completion; MAPE computed with the locked historical no-epsilon definition.
FreqCycle,PEMS07,720,96,ok,0.09526286231503256,0.19665123151555347,1.789584122828866,0.308646824567,485308,380636,104672,485308,1.851303101,0716v2_audited_param_count,2026,6913.540353775024,,19.965781211853027,1.251757456211514,933.3798828125,local_completion_strict,validation-selected checkpoint; one deferred held-out test; sample-weighted streaming metrics,outputs/completion_0716v2/COMPLETION_MATRIX_0716V2_RESULTS.csv,,,0716v2 missing-cell completion; MAPE computed with the locked historical no-epsilon definition.
Compact + Echo,PEMS08,720,12,ok,0.09566232418163911,0.20195257971424335,1.5589628118693013,0.309293265658,16954,,,16954,0.064674377,locked_3seed_actual_param_count,"2024,2025,2026",152.92652479807535,,,,525.18212890625,local_compact_echo_locked_3seed_mean,validation-locked production route; three matched seeds; one deferred held-out test per checkpoint,analysis_exp/source_snapshot_0721v1/compact_echo_true9_88cells.csv,,,Production route arm=true_compact_echo; MAPE was streamed during the 0717v2 completion.
TQNet,PEMS08,720,12,ok,0.09385275840759277,0.20095545053482056,,0.306353975668,3026060,,,3026060,11.543502808,logged_n_param,2026,127.2083,,2.4779,,,local_legacy_reproduction,validation-selected legacy run; test loss logged during training,note/results.csv,,,Held-out test MSE/MAE from the local legacy log; MAPE was not persisted.
CycleNet,PEMS08,720,12,ok,0.0945669487118721,0.20309337973594666,,0.307517395787,57612,,,57612,0.219772339,logged_n_param,2026,208.8789,,2.2256,,,local_legacy_reproduction,validation-selected legacy run; test loss logged during training,note/results.csv,,,Held-out test MSE/MAE from the local legacy log; MAPE was not persisted.
FITS,PEMS08,720,12,ok,0.09290790557861328,0.19543179869651794,,0.304807981488,33123,,,66246,0.252708435,logged_n_param,2026,254.8421,,3.4633,,,local_legacy_reproduction,validation-selected legacy run; test loss logged during training,note/results.csv,,,Held-out test MSE/MAE from the local legacy log; MAPE was not persisted.
SparseTSF,PEMS08,720,12,ok,0.1337532519167008,0.23792714050206484,1.8150847591690766,0.36572291686,73,,,73,0.000278473,0716v2_audited_param_count,2026,155.88661527633667,,2.758265495300293,0.15443074660836142,278.13720703125,local_completion_strict,validation-selected checkpoint; one deferred held-out test; sample-weighted streaming metrics,outputs/completion_0716v2/COMPLETION_MATRIX_0716V2_RESULTS.csv,,,0716v2 missing-cell completion; MAPE computed with the locked historical no-epsilon definition.
FreTS,PEMS08,720,12,ok,0.07975803315639496,0.17831450700759888,,0.28241464756,23662476,,,23662476,90.265182495,logged_n_param,2026,1270.5613,,8.0838,,,local_legacy_reproduction,validation-selected legacy run; test loss logged during training,note/results.csv,,,Held-out test MSE/MAE from the local legacy log; MAPE was not persisted.
FilterNet,PEMS08,720,12,ok,0.07841119915246964,0.1785222738981247,,0.280019997772,907104,,,907104,3.460327148,logged_n_param,2026,209.814,,8.0267,,,local_legacy_reproduction,validation-selected legacy run; test loss logged during training,note/results.csv,,,Held-out test MSE/MAE from the local legacy log; MAPE was not persisted.
iTransformer,PEMS08,720,12,ok,0.07074512541294098,0.16830581426620483,,0.265979558261,5110284,,,5110284,19.494186401,logged_n_param,2026,172.0214,,3.3502,,,local_legacy_reproduction,validation-selected legacy run; test loss logged during training,note/results.csv,,,Held-out test MSE/MAE from the local legacy log; MAPE was not persisted.
PatchTST,PEMS08,720,12,ok,0.06613275408744812,0.16332192718982697,,0.257162894072,549388,,,549388,2.095748901,logged_n_param,2026,7538.0037,,9.7681,,,local_legacy_reproduction,validation-selected legacy run; test loss logged during training,note/results.csv,,,Held-out test MSE/MAE from the local legacy log; MAPE was not persisted.
DLinear,PEMS08,720,12,ok,0.09063225984573364,0.19360019266605377,,0.301051922176,17304,,,17304,0.066009521,logged_n_param,2026,243.2765,,2.4732,,,local_legacy_reproduction,validation-selected legacy run; test loss logged during training,note/results.csv,,,Held-out test MSE/MAE from the local legacy log; MAPE was not persisted.
MixLinear,PEMS08,720,12,ok,0.1467314213514328,0.2515944838523865,,0.383055376351,41,,,53,0.000202179,logged_n_param,2026,185.3416,,2.4375,,,local_legacy_reproduction,validation-selected legacy run; test loss logged during training,note/results.csv,,,Held-out test MSE/MAE from the local legacy log; MAPE was not persisted.
PhaseFormer,PEMS08,720,12,ok,0.08976658210908406,0.18649451608552392,1.5176801568292682,0.299610717614,4197,,,4197,0.016010284,0716v2_audited_param_count,2021,418.9152708053589,,3.594841241836548,0.2612765423977732,54.6748046875,local_completion_strict,validation-selected checkpoint; one deferred held-out test; sample-weighted streaming metrics,outputs/completion_0716v2/COMPLETION_MATRIX_0716V2_RESULTS.csv,,,0716v2 missing-cell completion; MAPE computed with the locked historical no-epsilon definition.
FreqCycle,PEMS08,720,12,ok,0.07941706263509775,0.17917985840821785,1.4959384827864268,0.281810330959,258292,164456,93836,258292,0.985305786,0716v2_audited_param_count,2026,670.2397253513336,,5.133419990539551,0.49928711868529574,377.7900390625,local_completion_strict,validation-selected checkpoint; one deferred held-out test; sample-weighted streaming metrics,outputs/completion_0716v2/COMPLETION_MATRIX_0716V2_RESULTS.csv,,,0716v2 missing-cell completion; MAPE computed with the locked historical no-epsilon definition.
Compact + Echo,PEMS08,720,24,ok,0.13397482836714947,0.23521458219719196,1.7731962513239519,0.366025720909,17338,,,17338,0.066139221,locked_3seed_actual_param_count,"2024,2025,2026",154.3384149869283,,,,534.515625,local_compact_echo_locked_3seed_mean,validation-locked production route; three matched seeds; one deferred held-out test per checkpoint,analysis_exp/source_snapshot_0721v1/compact_echo_true9_88cells.csv,,,Production route arm=true_compact_echo; MAPE was streamed during the 0717v2 completion.
TQNet,PEMS08,720,24,ok,0.15073838829994202,0.24371644854545593,,0.388250419575,3032216,,,3032216,11.566986084,logged_n_param,2026,96.934,,2.594,,,local_legacy_reproduction,validation-selected legacy run; test loss logged during training,note/results.csv,,,Held-out test MSE/MAE from the local legacy log; MAPE was not persisted.
CycleNet,PEMS08,720,24,ok,0.1350373774766922,0.23750519752502441,,0.3674743222,66264,,,66264,0.252777100,logged_n_param,2026,191.7002,,2.1466,,,local_legacy_reproduction,validation-selected legacy run; test loss logged during training,note/results.csv,,,Held-out test MSE/MAE from the local legacy log; MAPE was not persisted.
FITS,PEMS08,720,24,ok,0.1423446238040924,0.23589201271533966,,0.377285864835,33666,,,67332,0.256851196,logged_n_param,2026,199.3884,,3.1913,,,local_legacy_reproduction,validation-selected legacy run; test loss logged during training,note/results.csv,,,Held-out test MSE/MAE from the local legacy log; MAPE was not persisted.
SparseTSF,PEMS08,720,24,ok,0.22222337126731873,0.2994765341281891,,0.471405739536,55,,,55,0.000209808,logged_n_param,2026,453.7739,,2.3851,,,local_legacy_reproduction,validation-selected legacy run; test loss logged during training,note/results.csv,,,Held-out test MSE/MAE from the local legacy log; MAPE was not persisted.
FreTS,PEMS08,720,24,ok,0.10495799034833908,0.19860368967056274,,0.323972206136,23665560,,,23665560,90.276947021,logged_n_param,2026,1815.2091,,8.0997,,,local_legacy_reproduction,validation-selected legacy run; test loss logged during training,note/results.csv,,,Held-out test MSE/MAE from the local legacy log; MAPE was not persisted.
FilterNet,PEMS08,720,24,ok,0.10500699281692505,0.20287004113197327,,0.324047824892,913260,,,913260,3.483810425,logged_n_param,2026,211.6928,,7.8839,,,local_legacy_reproduction,validation-selected legacy run; test loss logged during training,note/results.csv,,,Held-out test MSE/MAE from the local legacy log; MAPE was not persisted.
iTransformer,PEMS08,720,24,ok,0.09163551777601242,0.18584401905536652,,0.302713590339,5116440,,,5116440,19.517669678,logged_n_param,2026,151.3806,,3.4235,,,local_legacy_reproduction,validation-selected legacy run; test loss logged during training,note/results.csv,,,Held-out test MSE/MAE from the local legacy log; MAPE was not persisted.
PatchTST,PEMS08,720,24,ok,0.08865108582289143,0.18335811873743532,1.5636899231727421,0.297743322046,687643,,,687643,2.623149872,0716v2_audited_param_count,2026,2186.161509990692,,10.882884740829468,2.224736976392122,2599.70361328125,local_completion_strict,validation-selected checkpoint; one deferred held-out test; sample-weighted streaming metrics,outputs/completion_0716v2/COMPLETION_MATRIX_0716V2_RESULTS.csv,,,0716v2 missing-cell completion; MAPE computed with the locked historical no-epsilon definition.
DLinear,PEMS08,720,24,ok,0.13816384971141815,0.23525944352149963,,0.371703981296,34608,,,34608,0.132019043,logged_n_param,2026,183.7148,,2.4371,,,local_legacy_reproduction,validation-selected legacy run; test loss logged during training,note/results.csv,,,Held-out test MSE/MAE from the local legacy log; MAPE was not persisted.
MixLinear,PEMS08,720,24,ok,0.19505497813224792,0.27884432673454285,,0.441650289406,59,,,73,0.000278473,logged_n_param,2026,238.4843,,2.3796,,,local_legacy_reproduction,validation-selected legacy run; test loss logged during training,note/results.csv,,,Held-out test MSE/MAE from the local legacy log; MAPE was not persisted.
PhaseFormer,PEMS08,720,24,ok,0.12305073972216103,0.21256708086024254,1.6994533034205077,0.350785888716,4206,,,4206,0.016044617,0716v2_audited_param_count,2021,425.24053263664246,,3.6796300411224365,0.26208068860491074,54.98583984375,local_completion_strict,validation-selected checkpoint; one deferred held-out test; sample-weighted streaming metrics,outputs/completion_0716v2/COMPLETION_MATRIX_0716V2_RESULTS.csv,,,0716v2 missing-cell completion; MAPE computed with the locked historical no-epsilon definition.
FreqCycle,PEMS08,720,24,ok,0.09777911796358747,0.18755252919565593,1.5695458285646167,0.312696526945,261388,166004,95384,261388,0.997116089,0716v2_audited_param_count,2026,1068.371586561203,,5.285479784011841,0.49891899205458673,377.95849609375,local_completion_strict,validation-selected checkpoint; one deferred held-out test; sample-weighted streaming metrics,outputs/completion_0716v2/COMPLETION_MATRIX_0716V2_RESULTS.csv,,,0716v2 missing-cell completion; MAPE computed with the locked historical no-epsilon definition.
Compact + Echo,PEMS08,720,48,ok,0.20384116085228468,0.2810940153027436,2.04648349255625,0.451487719492,18106,,,18106,0.069068909,locked_3seed_actual_param_count,"2024,2025,2026",159.49359273910522,,,,554.5107421875,local_compact_echo_locked_3seed_mean,validation-locked production route; three matched seeds; one deferred held-out test per checkpoint,analysis_exp/source_snapshot_0721v1/compact_echo_true9_88cells.csv,,,Production route arm=true_compact_echo; MAPE was streamed during the 0717v2 completion.
TQNet,PEMS08,720,48,ok,1.1551166772842407,0.47038957476615906,,1.07476354482,3044528,,,3044528,11.613952637,logged_n_param,2026,56.9761,,2.7885,,,local_legacy_reproduction,validation-selected legacy run; test loss logged during training,note/results.csv,,,Held-out test MSE/MAE from the local legacy log; MAPE was not persisted.
CycleNet,PEMS08,720,48,ok,0.21234673261642456,0.28579941391944885,,0.46081095106,83568,,,83568,0.318786621,logged_n_param,2026,238.2463,,2.2854,,,local_legacy_reproduction,validation-selected legacy run; test loss logged during training,note/results.csv,,,Held-out test MSE/MAE from the local legacy log; MAPE was not persisted.
FITS,PEMS08,720,48,ok,0.23687206208705902,0.2870992124080658,,0.48669504013,34752,,,69504,0.265136719,logged_n_param,2026,271.157,,3.3045,,,local_legacy_reproduction,validation-selected legacy run; test loss logged during training,note/results.csv,,,Held-out test MSE/MAE from the local legacy log; MAPE was not persisted.
SparseTSF,PEMS08,720,48,ok,0.3019939363002777,0.332109659910202,,0.549539749518,85,,,85,0.000324249,logged_n_param,2026,376.2237,,2.5205,,,local_legacy_reproduction,validation-selected legacy run; test loss logged during training,note/results.csv,,,Held-out test MSE/MAE from the local legacy log; MAPE was not persisted.
FreTS,PEMS08,720,48,ok,0.1516295224428177,0.23122622072696686,,0.389396356484,23671728,,,23671728,90.300476074,logged_n_param,2026,1761.8084,,8.0986,,,local_legacy_reproduction,validation-selected legacy run; test loss logged during training,note/results.csv,,,Held-out test MSE/MAE from the local legacy log; MAPE was not persisted.
FilterNet,PEMS08,720,48,ok,0.13487988710403442,0.21536202728748322,,0.367259972096,925572,,,925572,3.530776978,logged_n_param,2026,214.6892,,8.1735,,,local_legacy_reproduction,validation-selected legacy run; test loss logged during training,note/results.csv,,,Held-out test MSE/MAE from the local legacy log; MAPE was not persisted.
iTransformer,PEMS08,720,48,ok,0.13128557801246643,0.2059878557920456,,0.36233351765,5128752,,,5128752,19.564636230,logged_n_param,2026,142.6855,,3.558,,,local_legacy_reproduction,validation-selected legacy run; test loss logged during training,note/results.csv,,,Held-out test MSE/MAE from the local legacy log; MAPE was not persisted.
PatchTST,PEMS08,720,48,ok,0.13249480242823278,0.22148870136493043,1.8166962842996737,0.36399835498,964147,,,964147,3.677928925,0716v2_audited_param_count,2026,1734.9053485393524,,10.742361545562744,2.2158953506567185,2601.3828125,local_completion_strict,validation-selected checkpoint; one deferred held-out test; sample-weighted streaming metrics,outputs/completion_0716v2/COMPLETION_MATRIX_0716V2_RESULTS.csv,,,0716v2 missing-cell completion; MAPE computed with the locked historical no-epsilon definition.
DLinear,PEMS08,720,48,ok,0.23718595504760742,0.30201593041419983,,0.487017407335,69216,,,69216,0.264038086,logged_n_param,2026,113.7119,,2.6376,,,local_legacy_reproduction,validation-selected legacy run; test loss logged during training,note/results.csv,,,Held-out test MSE/MAE from the local legacy log; MAPE was not persisted.
MixLinear,PEMS08,720,48,ok,0.2895500659942627,0.3263159692287445,,0.538098565315,63,,,81,0.000308990,logged_n_param,2026,167.5537,,2.2615,,,local_legacy_reproduction,validation-selected legacy run; test loss logged during training,note/results.csv,,,Held-out test MSE/MAE from the local legacy log; MAPE was not persisted.
PhaseFormer,PEMS08,720,48,ok,0.19218243424175233,0.2465785358603656,1.912105871336505,0.438386170222,4224,,,4224,0.016113281,0716v2_audited_param_count,2021,448.1186330318451,,4.014216423034668,0.29137641773955575,55.6103515625,local_completion_strict,validation-selected checkpoint; one deferred held-out test; sample-weighted streaming metrics,outputs/completion_0716v2/COMPLETION_MATRIX_0716V2_RESULTS.csv,,,0716v2 missing-cell completion; MAPE computed with the locked historical no-epsilon definition.
FreqCycle,PEMS08,720,48,ok,0.1338010830696267,0.2170851421448656,1.677269487742595,0.365788303626,267580,169100,98480,267580,1.020736694,0716v2_audited_param_count,2026,744.637059211731,,5.2494611740112305,0.5179596874571144,378.29296875,local_completion_strict,validation-selected checkpoint; one deferred held-out test; sample-weighted streaming metrics,outputs/completion_0716v2/COMPLETION_MATRIX_0716V2_RESULTS.csv,,,0716v2 missing-cell completion; MAPE computed with the locked historical no-epsilon definition.
Compact + Echo,PEMS08,720,96,ok,0.28451040832234925,0.3169413031332138,2.2967169193683703,0.533395170884,19642,,,19642,0.074928284,locked_3seed_actual_param_count,"2024,2025,2026",165.11431988080344,,,,594.626953125,local_compact_echo_locked_3seed_mean,validation-locked production route; three matched seeds; one deferred held-out test per checkpoint,analysis_exp/source_snapshot_0721v1/compact_echo_true9_88cells.csv,,,Production route arm=true_compact_echo; MAPE was streamed during the 0717v2 completion.
TQNet,PEMS08,720,96,ok,0.44992896914482117,0.4293591380119324,,0.670767447887,3069152,,,3069152,11.707885742,logged_n_param,2026,117.7895,,2.9842,,,local_legacy_reproduction,validation-selected legacy run; test loss logged during training,note/results.csv,,,Held-out test MSE/MAE from the local legacy log; MAPE was not persisted.
CycleNet,PEMS08,720,96,ok,0.296398401260376,0.32383430004119873,,0.544424835271,118176,,,118176,0.450805664,logged_n_param,2026,254.0605,,2.6054,,,local_legacy_reproduction,validation-selected legacy run; test loss logged during training,note/results.csv,,,Held-out test MSE/MAE from the local legacy log; MAPE was not persisted.
FITS,PEMS08,720,96,ok,0.3452822268009186,0.32915326952934265,,0.587607204518,36924,,,73848,0.281707764,logged_n_param,2026,293.9182,,3.4269,,,local_legacy_reproduction,validation-selected legacy run; test loss logged during training,note/results.csv,,,Held-out test MSE/MAE from the local legacy log; MAPE was not persisted.
SparseTSF,PEMS08,720,96,ok,0.37015610933303833,0.3586624562740326,,0.608404560579,145,,,145,0.000553131,logged_n_param,2026,450.2779,,2.6317,,,local_legacy_reproduction,validation-selected legacy run; test loss logged during training,note/results.csv,,,Held-out test MSE/MAE from the local legacy log; MAPE was not persisted.
FreTS,PEMS08,720,96,ok,0.2229904979467392,0.2656748294830322,,0.472218697159,23684064,,,23684064,90.347534180,logged_n_param,2026,1826.8063,,8.2969,,,local_legacy_reproduction,validation-selected legacy run; test loss logged during training,note/results.csv,,,Held-out test MSE/MAE from the local legacy log; MAPE was not persisted.
FilterNet,PEMS08,720,96,ok,0.16949985921382904,0.2211177796125412,,0.411703606025,950196,,,950196,3.624710083,logged_n_param,2026,286.9312,,8.0627,,,local_legacy_reproduction,validation-selected legacy run; test loss logged during training,note/results.csv,,,Held-out test MSE/MAE from the local legacy log; MAPE was not persisted.
iTransformer,PEMS08,720,96,ok,0.18622300028800964,0.21380466222763062,,0.431535630381,5153376,,,5153376,19.658569336,logged_n_param,2026,216.619,,3.6015,,,local_legacy_reproduction,validation-selected legacy run; test loss logged during training,note/results.csv,,,Held-out test MSE/MAE from the local legacy log; MAPE was not persisted.
PatchTST,PEMS08,720,96,ok,0.2088842228492648,0.26180561442366534,2.0647152442832657,0.45703853541,1517155,,,1517155,5.787487030,0716v2_audited_param_count,2026,1659.9572222232819,,10.568804264068604,2.2229929159902317,2605.5400390625,local_completion_strict,validation-selected checkpoint; one deferred held-out test; sample-weighted streaming metrics,outputs/completion_0716v2/COMPLETION_MATRIX_0716V2_RESULTS.csv,,,0716v2 missing-cell completion; MAPE computed with the locked historical no-epsilon definition.
DLinear,PEMS08,720,96,ok,0.33454716205596924,0.3360522985458374,,0.578400520449,138432,,,138432,0.528076172,logged_n_param,2026,141.7225,,2.9318,,,local_legacy_reproduction,validation-selected legacy run; test loss logged during training,note/results.csv,,,Held-out test MSE/MAE from the local legacy log; MAPE was not persisted.
MixLinear,PEMS08,720,96,ok,0.38587576150894165,0.37472155690193176,,0.62118899017,87,,,113,0.000431061,logged_n_param,2026,161.904,,2.6302,,,local_legacy_reproduction,validation-selected legacy run; test loss logged during training,note/results.csv,,,Held-out test MSE/MAE from the local legacy log; MAPE was not persisted.
PhaseFormer,PEMS08,720,96,ok,0.278764932656823,0.28208792660716764,2.1928473558687682,0.527981943495,4260,,,4260,0.016250610,0716v2_audited_param_count,2021,427.805447101593,,3.9297008514404297,0.265101691661349,56.85986328125,local_completion_strict,validation-selected checkpoint; one deferred held-out test; sample-weighted streaming metrics,outputs/completion_0716v2/COMPLETION_MATRIX_0716V2_RESULTS.csv,,,0716v2 missing-cell completion; MAPE computed with the locked historical no-epsilon definition.
FreqCycle,PEMS08,720,96,ok,0.19378175536033085,0.2483243062169418,1.8960938459540344,0.440206491729,279964,175292,104672,279964,1.067977905,0716v2_audited_param_count,2026,704.6010539531708,,4.78692626953125,0.47462432143161604,378.96435546875,local_completion_strict,validation-selected checkpoint; one deferred held-out test; sample-weighted streaming metrics,outputs/completion_0716v2/COMPLETION_MATRIX_0716V2_RESULTS.csv,,,0716v2 missing-cell completion; MAPE computed with the locked historical no-epsilon definition.
