model,dataset,seq_len,pred_len,seed,status,mse,mae,mape,rmse,param_count,forward_active_param_count,inactive_registered_param_count,train_seconds,inference_seconds,forward_ms_per_sample,test_peak_gpu_mem_mb,source_type,protocol,source_path,notes
Ours (Compact + Echo),ETTh1,720,96,2026,ok,0.3589831910894068,0.39773744059859917,9.71608056848221,0.599152060072739,3906,,,36.06951308250427,1.5742149353027344,0.13347876050653307,59.79833984375,local_compact_echo_hpo_seed2026_replay,profile selected by seed-2025 test MSE; frozen replay at seed=2026; held-out test metrics; not an untouched confirmatory test,HPO_TESTONLY_0722V1_FINAL_RESULTS.csv,r4_t16; input=pcke; input_k=2; basis=64; recent=96; output_k=1; channel=cycle_shared; phase_gate=0; gate_cap=0.5; lr=0.005
TQNet,ETTh1,720,96,2026,ok,0.3779054284095764,0.4035109281539917,,0.614740130795,3020360,,,16.8102,0.6576,,,local_legacy_reproduction,validation-selected legacy run; test loss logged during training,note/results.csv,Held-out test MSE/MAE from the local legacy log; MAPE was not persisted.
CycleNet,ETTh1,720,96,2026,ok,0.3799045979976654,0.40370243787765503,,0.616364014198,69384,,,25.2089,0.7026,,,local_legacy_reproduction,validation-selected legacy run; test loss logged during training,note/results.csv,Held-out test MSE/MAE from the local legacy log; MAPE was not persisted.
FITS,ETTh1,720,96,2026,ok,0.37906983494758606,0.4020942449569702,,0.615686474553,37310,,,51.9482,0.9626,,,local_legacy_reproduction,validation-selected legacy run; test loss logged during training,note/results.csv,Held-out test MSE/MAE from the local legacy log; MAPE was not persisted.
SparseTSF,ETTh1,720,96,2026,ok,0.3791796565055847,0.4137553870677948,,0.615775654363,145,,,55.3096,0.6954,,,local_legacy_reproduction,validation-selected legacy run; test loss logged during training,note/results.csv,Held-out test MSE/MAE from the local legacy log; MAPE was not persisted.
FreTS,ETTh1,720,96,2026,ok,0.4557300806045532,0.47059890627861023,,0.675077832997,23684064,,,34.0232,1.4364,,,local_legacy_reproduction,validation-selected legacy run; test loss logged during training,note/results.csv,Held-out test MSE/MAE from the local legacy log; MAPE was not persisted.
FilterNet,ETTh1,720,96,2026,ok,0.4004894196987152,0.42628613114356995,,0.632842333997,209982,,,24.2088,1.7272,,,local_legacy_reproduction,validation-selected legacy run; test loss logged during training,note/results.csv,Held-out test MSE/MAE from the local legacy log; MAPE was not persisted.
iTransformer,ETTh1,720,96,2026,ok,0.3960539400577545,0.4271228313446045,,0.629328165632,1001312,,,25.1707,1.2964,,,local_legacy_reproduction,validation-selected legacy run; test loss logged during training,note/results.csv,Held-out test MSE/MAE from the local legacy log; MAPE was not persisted.
PatchTST,ETTh1,720,96,2026,ok,0.38734200596809387,0.4175139367580414,,0.622368063101,156224,,,53.9566,0.8826,,,local_legacy_reproduction,validation-selected legacy run; test loss logged during training,note/results.csv,Held-out test MSE/MAE from the local legacy log; MAPE was not persisted.
DLinear,ETTh1,720,96,2026,ok,0.4074092209339142,0.4323776960372925,,0.638286159128,138432,,,13.3678,1.177,,,local_legacy_reproduction,validation-selected legacy run; test loss logged during training,note/results.csv,Held-out test MSE/MAE from the local legacy log; MAPE was not persisted.
MixLinear,ETTh1,720,96,2026,ok,0.37407511472702026,0.4099274277687073,,0.61161680383,67,,,44.6612,0.7759,,,local_legacy_reproduction,validation-selected legacy run; test loss logged during training,note/results.csv,Held-out test MSE/MAE from the local legacy log; MAPE was not persisted.
PhaseFormer,ETTh1,720,96,2026,ok,0.36719808466834736,0.38599777132446583,8.847256795212717,0.6059687159155557,2072,,,144.64068484306335,2.113121271133423,0.2386874653260212,35.24755859375,local_phaseformer_seed2026_strict,validation-selected checkpoint; one deferred held-out test; sample-weighted streaming metrics,PHASEFORMER_SEED2026_FULL_0722V1_RESULTS.csv,phase_p24_l3_d4_h1_r8; completion_0716v2_locked_profile
FreqCycle,ETTh1,720,96,2026,ok,0.3761642448534256,0.408509514137072,10.620118272774215,0.613322300959,252832,148160,104672,73.97402477264404,1.765946388244629,0.17936778985485569,484.5576171875,local_completion_strict,validation-selected checkpoint; one deferred held-out test; sample-weighted streaming metrics,outputs/completion_0716v2/COMPLETION_MATRIX_0716V2_RESULTS.csv,0716v2 missing-cell completion; MAPE computed with the locked historical no-epsilon definition.
Ours (Compact + Echo),ETTh1,720,192,2026,ok,0.39667934506113367,0.4207348662799806,10.041304656375944,0.629824852686153,3970,,,25.94488525390625,1.6659963130950928,0.14828905578291923,66.771484375,local_compact_echo_hpo_seed2026_replay,profile selected by seed-2025 test MSE; frozen replay at seed=2026; held-out test metrics; not an untouched confirmatory test,HPO_TESTONLY_0722V1_FINAL_RESULTS.csv,r4_t16; input=pcke; input_k=2; basis=64; recent=96; output_k=1; channel=cycle_shared; phase_gate=0; gate_cap=0.5; lr=0.005
TQNet,ETTh1,720,192,2026,ok,0.4141155779361725,0.42972567677497864,,0.643518125569,3069608,,,17.0402,0.7371,,,local_legacy_reproduction,validation-selected legacy run; test loss logged during training,note/results.csv,Held-out test MSE/MAE from the local legacy log; MAPE was not persisted.
CycleNet,ETTh1,720,192,2026,ok,0.4143056273460388,0.4239436388015747,,0.643665773011,138600,,,38.2369,0.6499,,,local_legacy_reproduction,validation-selected legacy run; test loss logged during training,note/results.csv,Held-out test MSE/MAE from the local legacy log; MAPE was not persisted.
FITS,ETTh1,720,192,2026,ok,0.41361215710639954,0.4225175678730011,,0.643126859264,41678,,,54.2418,1.0239,,,local_legacy_reproduction,validation-selected legacy run; test loss logged during training,note/results.csv,Held-out test MSE/MAE from the local legacy log; MAPE was not persisted.
SparseTSF,ETTh1,720,192,2026,ok,0.4029437005519867,0.41150444746017456,,0.634778465728,265,,,36.2867,0.8986,,,local_legacy_reproduction,validation-selected legacy run; test loss logged during training,note/results.csv,Held-out test MSE/MAE from the local legacy log; MAPE was not persisted.
FreTS,ETTh1,720,192,2026,ok,0.47743508219718933,0.4779393672943115,,0.690966773584,23708736,,,41.8537,1.4721,,,local_legacy_reproduction,validation-selected legacy run; test loss logged during training,note/results.csv,Held-out test MSE/MAE from the local legacy log; MAPE was not persisted.
FilterNet,ETTh1,720,192,2026,ok,0.4306679666042328,0.4501361846923828,,0.656252974549,234654,,,22.1507,1.7798,,,local_legacy_reproduction,validation-selected legacy run; test loss logged during training,note/results.csv,Held-out test MSE/MAE from the local legacy log; MAPE was not persisted.
iTransformer,ETTh1,720,192,2026,ok,0.4344436228275299,0.45496997237205505,,0.659123374512,1025984,,,25.1912,1.1943,,,local_legacy_reproduction,validation-selected legacy run; test loss logged during training,note/results.csv,Held-out test MSE/MAE from the local legacy log; MAPE was not persisted.
PatchTST,ETTh1,720,192,2026,ok,0.4168654978275299,0.4354951083660126,,0.645651219954,294560,,,57.0619,0.8895,,,local_legacy_reproduction,validation-selected legacy run; test loss logged during training,note/results.csv,Held-out test MSE/MAE from the local legacy log; MAPE was not persisted.
DLinear,ETTh1,720,192,2026,ok,0.4383701980113983,0.449484646320343,,0.662095308858,276864,,,14.8714,1.2098,,,local_legacy_reproduction,validation-selected legacy run; test loss logged during training,note/results.csv,Held-out test MSE/MAE from the local legacy log; MAPE was not persisted.
MixLinear,ETTh1,720,192,2026,ok,0.409694641828537,0.4362536668777466,,0.640073934658,87,,,31.6947,0.8139,,,local_legacy_reproduction,validation-selected legacy run; test loss logged during training,note/results.csv,Held-out test MSE/MAE from the local legacy log; MAPE was not persisted.
PhaseFormer,ETTh1,720,192,2026,ok,0.41194920543340446,0.41617761501549116,9.710595168591196,0.6418326927115855,2092,,,75.10653638839722,1.5315470695495605,0.17638856311913687,35.48779296875,local_phaseformer_seed2026_strict,validation-selected checkpoint; one deferred held-out test; sample-weighted streaming metrics,PHASEFORMER_SEED2026_FULL_0722V1_RESULTS.csv,phase_p24_l3_d4_h1_r8; completion_0716v2_locked_profile
FreqCycle,ETTh1,720,192,2026,ok,0.4074214292585804,0.42838704570186187,10.146839034137317,0.638295722419,277600,160544,117056,73.3086748123169,1.2768056392669678,0.10745923352445444,485.61328125,local_completion_strict,validation-selected checkpoint; one deferred held-out test; sample-weighted streaming metrics,outputs/completion_0716v2/COMPLETION_MATRIX_0716V2_RESULTS.csv,0716v2 missing-cell completion; MAPE computed with the locked historical no-epsilon definition.
Ours (Compact + Echo),ETTh1,720,336,2026,ok,0.4260882108449951,0.43899269213981185,10.161658338257014,0.652754326561682,4066,,,51.23934459686279,1.423116683959961,0.06569885776409319,0.0,local_compact_echo_hpo_seed2026_replay,profile selected by seed-2025 test MSE; frozen replay at seed=2026; held-out test metrics; not an untouched confirmatory test,HPO_TESTONLY_0722V1_FINAL_RESULTS.csv,r4_t16; input=pcke; input_k=2; basis=64; recent=96; output_k=1; channel=cycle_shared; phase_gate=0; gate_cap=0.5; lr=0.005
TQNet,ETTh1,720,336,2026,ok,0.455739289522171,0.455806702375412,,0.675084653597,3143480,,,14.7777,0.706,,,local_legacy_reproduction,validation-selected legacy run; test loss logged during training,note/results.csv,Held-out test MSE/MAE from the local legacy log; MAPE was not persisted.
CycleNet,ETTh1,720,336,2026,ok,0.4455920159816742,0.4437824487686157,,0.66752679046,242424,,,31.9896,0.6181,,,local_legacy_reproduction,validation-selected legacy run; test loss logged during training,note/results.csv,Held-out test MSE/MAE from the local legacy log; MAPE was not persisted.
FITS,ETTh1,720,336,2026,ok,0.43292757868766785,0.43993228673934937,,0.657972323649,48230,,,46.7885,0.9245,,,local_legacy_reproduction,validation-selected legacy run; test loss logged during training,note/results.csv,Held-out test MSE/MAE from the local legacy log; MAPE was not persisted.
SparseTSF,ETTh1,720,336,2026,ok,0.4345642328262329,0.4278177320957184,,0.659214860896,445,,,21.8164,0.7934,,,local_legacy_reproduction,validation-selected legacy run; test loss logged during training,note/results.csv,Held-out test MSE/MAE from the local legacy log; MAPE was not persisted.
FreTS,ETTh1,720,336,2026,ok,0.5327762961387634,0.5147860050201416,,0.72991526641,23745744,,,34.0099,1.3463,,,local_legacy_reproduction,validation-selected legacy run; test loss logged during training,note/results.csv,Held-out test MSE/MAE from the local legacy log; MAPE was not persisted.
FilterNet,ETTh1,720,336,2026,ok,0.4505031406879425,0.46356743574142456,,0.671195307409,271662,,,22.3034,1.6371,,,local_legacy_reproduction,validation-selected legacy run; test loss logged during training,note/results.csv,Held-out test MSE/MAE from the local legacy log; MAPE was not persisted.
iTransformer,ETTh1,720,336,2026,ok,0.4941021203994751,0.49454429745674133,,0.702923979104,3698512,,,23.0423,1.1001,,,local_legacy_reproduction,validation-selected legacy run; test loss logged during training,note/results.csv,Held-out test MSE/MAE from the local legacy log; MAPE was not persisted.
PatchTST,ETTh1,720,336,2026,ok,0.4494304955005646,0.45870718359947205,,0.670395775271,502064,,,52.2939,0.8659,,,local_legacy_reproduction,validation-selected legacy run; test loss logged during training,note/results.csv,Held-out test MSE/MAE from the local legacy log; MAPE was not persisted.
DLinear,ETTh1,720,336,2026,ok,0.46796172857284546,0.4713420271873474,,0.684077282603,484512,,,15.5535,0.9919,,,local_legacy_reproduction,validation-selected legacy run; test loss logged during training,note/results.csv,Held-out test MSE/MAE from the local legacy log; MAPE was not persisted.
MixLinear,ETTh1,720,336,2026,ok,0.41350579261779785,0.43624699115753174,,0.643044160706,111,,,48.1081,0.786,,,local_legacy_reproduction,validation-selected legacy run; test loss logged during training,note/results.csv,Held-out test MSE/MAE from the local legacy log; MAPE was not persisted.
PhaseFormer,ETTh1,720,336,2026,ok,0.4287572259034506,0.4251908325323618,8.852274952773788,0.6547955603877065,2122,,,63.030171394348145,2.1534409523010254,0.24695427813164686,35.84814453125,local_phaseformer_seed2026_strict,validation-selected checkpoint; one deferred held-out test; sample-weighted streaming metrics,PHASEFORMER_SEED2026_FULL_0722V1_RESULTS.csv,phase_p24_l3_d4_h1_r8; completion_0716v2_locked_profile
FreqCycle,ETTh1,720,336,2026,ok,0.45578015727498766,0.46149956654164304,9.597630377562952,0.675114921532,1126528,585008,541520,68.21390843391418,1.6928246021270752,0.17250238173075885,490.29345703125,local_completion_strict,validation-selected checkpoint; one deferred held-out test; sample-weighted streaming metrics,outputs/completion_0716v2/COMPLETION_MATRIX_0716V2_RESULTS.csv,0716v2 missing-cell completion; MAPE computed with the locked historical no-epsilon definition.
Ours (Compact + Echo),ETTh1,720,720,2026,ok,0.4343906265122932,0.4594398235665083,10.468173128206466,0.65908317116453,4322,,,28.734047889709473,1.3871521949768066,0.1588214719794089,100.51171875,local_compact_echo_hpo_seed2026_replay,profile selected by seed-2025 test MSE; frozen replay at seed=2026; held-out test metrics; not an untouched confirmatory test,HPO_TESTONLY_0722V1_FINAL_RESULTS.csv,r4_t16; input=pcke; input_k=2; basis=64; recent=96; output_k=1; channel=cycle_shared; phase_gate=0; gate_cap=0.5; lr=0.005
TQNet,ETTh1,720,720,2026,ok,0.5055779814720154,0.5041306018829346,,0.71104007023,3340472,,,15.6686,0.8898,,,local_legacy_reproduction,validation-selected legacy run; test loss logged during training,note/results.csv,Held-out test MSE/MAE from the local legacy log; MAPE was not persisted.
CycleNet,ETTh1,720,720,2026,ok,0.47718533873558044,0.4819819927215576,,0.690786029633,519288,,,25.5823,0.7245,,,local_legacy_reproduction,validation-selected legacy run; test loss logged during training,note/results.csv,Held-out test MSE/MAE from the local legacy log; MAPE was not persisted.
FITS,ETTh1,720,720,2026,ok,0.43090853095054626,0.45682865381240845,,0.656436235251,65884,,,57.5627,0.9953,,,local_legacy_reproduction,validation-selected legacy run; test loss logged during training,note/results.csv,Held-out test MSE/MAE from the local legacy log; MAPE was not persisted.
SparseTSF,ETTh1,720,720,2026,ok,0.42561429738998413,0.4450589716434479,,0.652391214985,925,,,32.3056,0.9095,,,local_legacy_reproduction,validation-selected legacy run; test loss logged during training,note/results.csv,Held-out test MSE/MAE from the local legacy log; MAPE was not persisted.
FreTS,ETTh1,720,720,2026,ok,0.5945382118225098,0.5498382449150085,,0.771063040109,23844432,,,40.6602,1.4034,,,local_legacy_reproduction,validation-selected legacy run; test loss logged during training,note/results.csv,Held-out test MSE/MAE from the local legacy log; MAPE was not persisted.
FilterNet,ETTh1,720,720,2026,ok,0.502188503742218,0.5007496476173401,,0.708652597358,370350,,,22.526,1.5679,,,local_legacy_reproduction,validation-selected legacy run; test loss logged during training,note/results.csv,Held-out test MSE/MAE from the local legacy log; MAPE was not persisted.
iTransformer,ETTh1,720,720,2026,ok,0.5749146342277527,0.5505433082580566,,0.758231253793,3895504,,,23.2791,1.199,,,local_legacy_reproduction,validation-selected legacy run; test loss logged during training,note/results.csv,Held-out test MSE/MAE from the local legacy log; MAPE was not persisted.
PatchTST,ETTh1,720,720,2026,ok,0.47029203176498413,0.48533669114112854,,0.685778413021,1055408,,,56.6182,0.8945,,,local_legacy_reproduction,validation-selected legacy run; test loss logged during training,note/results.csv,Held-out test MSE/MAE from the local legacy log; MAPE was not persisted.
DLinear,ETTh1,720,720,2026,ok,0.5079513192176819,0.5209159255027771,,0.712707036038,1038240,,,14.4739,1.1549,,,local_legacy_reproduction,validation-selected legacy run; test loss logged during training,note/results.csv,Held-out test MSE/MAE from the local legacy log; MAPE was not persisted.
MixLinear,ETTh1,720,720,2026,ok,0.42420992255210876,0.4573168456554413,,0.651313996896,167,,,34.9494,0.8115,,,local_legacy_reproduction,validation-selected legacy run; test loss logged during training,note/results.csv,Held-out test MSE/MAE from the local legacy log; MAPE was not persisted.
PhaseFormer,ETTh1,720,720,2026,ok,0.4180024960740493,0.44093329274369464,9.106482442223347,0.6465311253714312,60762,,,94.75905585289001,2.159458637237549,0.2762434883794132,40.37744140625,local_phaseformer_seed2026_strict,validation-selected checkpoint; one deferred held-out test; sample-weighted streaming metrics,PHASEFORMER_SEED2026_FULL_0722V1_RESULTS.csv,phase_p24_l3_d32_h2_r16; completion_0716v2_locked_profile
FreqCycle,ETTh1,720,720,2026,ok,0.4867874891367912,0.49520079611366524,9.987719185022877,0.697701575988,1520512,782000,738512,66.84770464897156,1.6735172271728516,0.19468823602972127,496.48046875,local_completion_strict,validation-selected checkpoint; one deferred held-out test; sample-weighted streaming metrics,outputs/completion_0716v2/COMPLETION_MATRIX_0716V2_RESULTS.csv,0716v2 missing-cell completion; MAPE computed with the locked historical no-epsilon definition.
Ours (Compact + Echo),ETTh2,720,96,2026,ok,0.2713738606367237,0.3336247700851092,1.418475703403646,0.520935562845083,2978,,,20.1616530418396,1.562831163406372,0.12373317989664523,59.79541015625,local_compact_echo_hpo_seed2026_replay,profile selected by seed-2025 test MSE; frozen replay at seed=2026; held-out test metrics; not an untouched confirmatory test,HPO_TESTONLY_0722V1_FINAL_RESULTS.csv,r2_t16; input=pcke; input_k=1; basis=64; recent=96; output_k=1; channel=cycle_shared; phase_gate=1; gate_cap=0.5; lr=0.005
TQNet,ETTh2,720,96,2026,ok,0.2887498438358307,0.35072454810142517,,0.537354486197,3020360,,,16.248,0.731,,,local_legacy_reproduction,validation-selected legacy run; test loss logged during training,note/results.csv,Held-out test MSE/MAE from the local legacy log; MAPE was not persisted.
CycleNet,ETTh2,720,96,2026,ok,0.27115511894226074,0.337828665971756,,0.520725569703,69384,,,29.5258,0.5498,,,local_legacy_reproduction,validation-selected legacy run; test loss logged during training,note/results.csv,Held-out test MSE/MAE from the local legacy log; MAPE was not persisted.
FITS,ETTh2,720,96,2026,ok,0.27274051308631897,0.3382429778575897,,0.522245644392,37310,,,55.8001,0.9424,,,local_legacy_reproduction,validation-selected legacy run; test loss logged during training,note/results.csv,Held-out test MSE/MAE from the local legacy log; MAPE was not persisted.
SparseTSF,ETTh2,720,96,2026,ok,0.28404802083969116,0.3423610031604767,,0.532961556625,145,,,36.4025,0.8031,,,local_legacy_reproduction,validation-selected legacy run; test loss logged during training,note/results.csv,Held-out test MSE/MAE from the local legacy log; MAPE was not persisted.
FreTS,ETTh2,720,96,2026,ok,0.3707292079925537,0.4145609140396118,,0.608875363266,23684064,,,68.9444,1.3608,,,local_legacy_reproduction,validation-selected legacy run; test loss logged during training,note/results.csv,Held-out test MSE/MAE from the local legacy log; MAPE was not persisted.
FilterNet,ETTh2,720,96,2026,ok,0.3217521905899048,0.3762148320674896,,0.567232042986,209982,,,21.5728,1.6273,,,local_legacy_reproduction,validation-selected legacy run; test loss logged during training,note/results.csv,Held-out test MSE/MAE from the local legacy log; MAPE was not persisted.
iTransformer,ETTh2,720,96,2026,ok,0.3086549937725067,0.3621634840965271,,0.555567272049,304096,,,28.5744,1.2679,,,local_legacy_reproduction,validation-selected legacy run; test loss logged during training,note/results.csv,Held-out test MSE/MAE from the local legacy log; MAPE was not persisted.
PatchTST,ETTh2,720,96,2026,ok,0.2772338092327118,0.3396688997745514,,0.526529969928,156224,,,71.8896,0.8383,,,local_legacy_reproduction,validation-selected legacy run; test loss logged during training,note/results.csv,Held-out test MSE/MAE from the local legacy log; MAPE was not persisted.
DLinear,ETTh2,720,96,2026,ok,0.3480552136898041,0.4015803039073944,,0.589962044279,138432,,,15.2245,1.2144,,,local_legacy_reproduction,validation-selected legacy run; test loss logged during training,note/results.csv,Held-out test MSE/MAE from the local legacy log; MAPE was not persisted.
MixLinear,ETTh2,720,96,2026,ok,0.28609880805015564,0.3452703654766083,,0.534882050596,87,,,42.7418,1.0425,,,local_legacy_reproduction,validation-selected legacy run; test loss logged during training,note/results.csv,Held-out test MSE/MAE from the local legacy log; MAPE was not persisted.
PhaseFormer,ETTh2,720,96,2026,ok,0.28232705783498463,0.343274166982845,1.4458536713957062,0.5313445754263278,1716,,,86.42302536964417,1.8639345169067383,0.15494995331433492,35.21142578125,local_phaseformer_seed2026_strict,validation-selected checkpoint; one deferred held-out test; sample-weighted streaming metrics,PHASEFORMER_SEED2026_FULL_0722V1_RESULTS.csv,phase_p24_l1_d8_h1_r8; completion_0716v2_locked_profile
FreqCycle,ETTh2,720,96,2026,ok,0.28375551100771296,0.3449739611589283,1.5283931367728005,0.53268706668,252832,148160,104672,78.09758400917053,1.8037047386169434,0.1681176935534931,484.5576171875,local_completion_strict,validation-selected checkpoint; one deferred held-out test; sample-weighted streaming metrics,outputs/completion_0716v2/COMPLETION_MATRIX_0716V2_RESULTS.csv,0716v2 missing-cell completion; MAPE computed with the locked historical no-epsilon definition.
Ours (Compact + Echo),ETTh2,720,192,2026,ok,0.3366454454652481,0.37868623859340944,1.5736398448836253,0.580211552336946,3042,,,20.257696866989136,1.6110508441925049,0.1452061680782664,68.529296875,local_compact_echo_hpo_seed2026_replay,profile selected by seed-2025 test MSE; frozen replay at seed=2026; held-out test metrics; not an untouched confirmatory test,HPO_TESTONLY_0722V1_FINAL_RESULTS.csv,r2_t16; input=pcke; input_k=1; basis=64; recent=96; output_k=1; channel=cycle_shared; phase_gate=1; gate_cap=0.5; lr=0.005
TQNet,ETTh2,720,192,2026,ok,0.36291444301605225,0.39711615443229675,,0.602423806814,3069608,,,18.3542,0.7164,,,local_legacy_reproduction,validation-selected legacy run; test loss logged during training,note/results.csv,Held-out test MSE/MAE from the local legacy log; MAPE was not persisted.
CycleNet,ETTh2,720,192,2026,ok,0.3313729465007782,0.3797982335090637,,0.575650020847,138600,,,38.0757,0.5936,,,local_legacy_reproduction,validation-selected legacy run; test loss logged during training,note/results.csv,Held-out test MSE/MAE from the local legacy log; MAPE was not persisted.
FITS,ETTh2,720,192,2026,ok,0.33196765184402466,0.37570351362228394,,0.57616634043,41678,,,57.1367,0.9296,,,local_legacy_reproduction,validation-selected legacy run; test loss logged during training,note/results.csv,Held-out test MSE/MAE from the local legacy log; MAPE was not persisted.
SparseTSF,ETTh2,720,192,2026,ok,0.34183478355407715,0.3785141110420227,,0.584666386544,265,,,25.1456,0.7086,,,local_legacy_reproduction,validation-selected legacy run; test loss logged during training,note/results.csv,Held-out test MSE/MAE from the local legacy log; MAPE was not persisted.
FreTS,ETTh2,720,192,2026,ok,0.5145644545555115,0.4894672632217407,,0.717331481643,23708736,,,45.5597,1.3596,,,local_legacy_reproduction,validation-selected legacy run; test loss logged during training,note/results.csv,Held-out test MSE/MAE from the local legacy log; MAPE was not persisted.
FilterNet,ETTh2,720,192,2026,ok,0.37776389718055725,0.4094568192958832,,0.614625005333,234654,,,21.8022,1.6662,,,local_legacy_reproduction,validation-selected legacy run; test loss logged during training,note/results.csv,Held-out test MSE/MAE from the local legacy log; MAPE was not persisted.
iTransformer,ETTh2,720,192,2026,ok,0.38932549953460693,0.41134998202323914,,0.623959533571,316480,,,28.7687,1.305,,,local_legacy_reproduction,validation-selected legacy run; test loss logged during training,note/results.csv,Held-out test MSE/MAE from the local legacy log; MAPE was not persisted.
PatchTST,ETTh2,720,192,2026,ok,0.3519377112388611,0.3888952434062958,,0.593243382802,294560,,,92.7529,0.8929,,,local_legacy_reproduction,validation-selected legacy run; test loss logged during training,note/results.csv,Held-out test MSE/MAE from the local legacy log; MAPE was not persisted.
DLinear,ETTh2,720,192,2026,ok,0.38725677132606506,0.4228920042514801,,0.62229958326,276864,,,33.8976,1.0891,,,local_legacy_reproduction,validation-selected legacy run; test loss logged during training,note/results.csv,Held-out test MSE/MAE from the local legacy log; MAPE was not persisted.
MixLinear,ETTh2,720,192,2026,ok,0.3425609767436981,0.37977486848831177,,0.585287089165,107,,,46.0769,0.7601,,,local_legacy_reproduction,validation-selected legacy run; test loss logged during training,note/results.csv,Held-out test MSE/MAE from the local legacy log; MAPE was not persisted.
PhaseFormer,ETTh2,720,192,2026,ok,0.34483130051512717,0.381016016639694,1.5494435329896068,0.587223382125684,1752,,,81.19213509559631,1.8663840293884277,0.16115068986154013,35.45166015625,local_phaseformer_seed2026_strict,validation-selected checkpoint; one deferred held-out test; sample-weighted streaming metrics,PHASEFORMER_SEED2026_FULL_0722V1_RESULTS.csv,phase_p24_l1_d8_h1_r8; completion_0716v2_locked_profile
FreqCycle,ETTh2,720,192,2026,ok,0.35394702042991477,0.39308966036211757,1.6216733401138586,0.594934467341,277600,160544,117056,73.79602885246277,1.7968673706054688,0.17100378355602208,485.61328125,local_completion_strict,validation-selected checkpoint; one deferred held-out test; sample-weighted streaming metrics,outputs/completion_0716v2/COMPLETION_MATRIX_0716V2_RESULTS.csv,0716v2 missing-cell completion; MAPE computed with the locked historical no-epsilon definition.
Ours (Compact + Echo),ETTh2,720,336,2026,ok,0.3750363212947712,0.40984357864298615,1.7523111697677798,0.612402091190724,3138,,,18.424397945404053,1.6039009094238281,0.14756634972773652,81.04443359375,local_compact_echo_hpo_seed2026_replay,profile selected by seed-2025 test MSE; frozen replay at seed=2026; held-out test metrics; not an untouched confirmatory test,HPO_TESTONLY_0722V1_FINAL_RESULTS.csv,r2_t16; input=pcke; input_k=1; basis=64; recent=96; output_k=1; channel=cycle_shared; phase_gate=1; gate_cap=0.5; lr=0.005
TQNet,ETTh2,720,336,2026,ok,0.3828412592411041,0.41631078720092773,,0.618741674078,3143480,,,17.9869,0.7609,,,local_legacy_reproduction,validation-selected legacy run; test loss logged during training,note/results.csv,Held-out test MSE/MAE from the local legacy log; MAPE was not persisted.
CycleNet,ETTh2,720,336,2026,ok,0.3668234050273895,0.4114667773246765,,0.605659479433,242424,,,24.0713,0.7094,,,local_legacy_reproduction,validation-selected legacy run; test loss logged during training,note/results.csv,Held-out test MSE/MAE from the local legacy log; MAPE was not persisted.
FITS,ETTh2,720,336,2026,ok,0.3548415005207062,0.39678412675857544,,0.595685739733,48230,,,59.3209,0.8818,,,local_legacy_reproduction,validation-selected legacy run; test loss logged during training,note/results.csv,Held-out test MSE/MAE from the local legacy log; MAPE was not persisted.
SparseTSF,ETTh2,720,336,2026,ok,0.3661781847476959,0.4016106426715851,,0.605126585722,445,,,23.6272,0.8135,,,local_legacy_reproduction,validation-selected legacy run; test loss logged during training,note/results.csv,Held-out test MSE/MAE from the local legacy log; MAPE was not persisted.
FreTS,ETTh2,720,336,2026,ok,0.5026333928108215,0.4981009066104889,,0.708966425729,23745744,,,33.6209,1.196,,,local_legacy_reproduction,validation-selected legacy run; test loss logged during training,note/results.csv,Held-out test MSE/MAE from the local legacy log; MAPE was not persisted.
FilterNet,ETTh2,720,336,2026,ok,0.40695375204086304,0.43629100918769836,,0.637929268839,271662,,,22.1234,1.6393,,,local_legacy_reproduction,validation-selected legacy run; test loss logged during training,note/results.csv,Held-out test MSE/MAE from the local legacy log; MAPE was not persisted.
iTransformer,ETTh2,720,336,2026,ok,0.4855862259864807,0.47082096338272095,,0.696840172483,335056,,,35.5718,1.2251,,,local_legacy_reproduction,validation-selected legacy run; test loss logged during training,note/results.csv,Held-out test MSE/MAE from the local legacy log; MAPE was not persisted.
PatchTST,ETTh2,720,336,2026,ok,0.3638736605644226,0.4047430157661438,,0.603219413285,502064,,,57.644,0.8349,,,local_legacy_reproduction,validation-selected legacy run; test loss logged during training,note/results.csv,Held-out test MSE/MAE from the local legacy log; MAPE was not persisted.
DLinear,ETTh2,720,336,2026,ok,0.570676326751709,0.5266774892807007,,0.755431219074,484512,,,15.5187,1.0563,,,local_legacy_reproduction,validation-selected legacy run; test loss logged during training,note/results.csv,Held-out test MSE/MAE from the local legacy log; MAPE was not persisted.
MixLinear,ETTh2,720,336,2026,ok,0.3601621091365814,0.39837104082107544,,0.600135075743,131,,,40.9427,0.7938,,,local_legacy_reproduction,validation-selected legacy run; test loss logged during training,note/results.csv,Held-out test MSE/MAE from the local legacy log; MAPE was not persisted.
PhaseFormer,ETTh2,720,336,2026,ok,0.3701070621623775,0.4046840989508938,1.7412123927124015,0.6083642512199229,1806,,,73.55926275253296,1.3875882625579834,0.11007169557530397,35.81201171875,local_phaseformer_seed2026_strict,validation-selected checkpoint; one deferred held-out test; sample-weighted streaming metrics,PHASEFORMER_SEED2026_FULL_0722V1_RESULTS.csv,phase_p24_l1_d8_h1_r8; completion_0716v2_locked_profile
FreqCycle,ETTh2,720,336,2026,ok,0.38029544764733003,0.4203060562392038,1.8786741461017709,0.616680993422,1126528,585008,541520,77.4927327632904,1.148845911026001,0.0970078783186632,490.29345703125,local_completion_strict,validation-selected checkpoint; one deferred held-out test; sample-weighted streaming metrics,outputs/completion_0716v2/COMPLETION_MATRIX_0716V2_RESULTS.csv,0716v2 missing-cell completion; MAPE computed with the locked historical no-epsilon definition.
Ours (Compact + Echo),ETTh2,720,720,2026,ok,0.4037809855010673,0.4403831092109793,2.083755029274376,0.63543763305384,3394,,,20.234436750411987,1.6107046604156494,0.17824746646090034,111.1123046875,local_compact_echo_hpo_seed2026_replay,profile selected by seed-2025 test MSE; frozen replay at seed=2026; held-out test metrics; not an untouched confirmatory test,HPO_TESTONLY_0722V1_FINAL_RESULTS.csv,r2_t16; input=pcke; input_k=1; basis=64; recent=96; output_k=1; channel=cycle_shared; phase_gate=1; gate_cap=0.5; lr=0.005
TQNet,ETTh2,720,720,2026,ok,0.4228421449661255,0.45209822058677673,,0.650263135174,3340472,,,18.1384,0.9385,,,local_legacy_reproduction,validation-selected legacy run; test loss logged during training,note/results.csv,Held-out test MSE/MAE from the local legacy log; MAPE was not persisted.
CycleNet,ETTh2,720,720,2026,ok,0.4179643392562866,0.45116937160491943,,0.646501615819,519288,,,23.9941,0.7292,,,local_legacy_reproduction,validation-selected legacy run; test loss logged during training,note/results.csv,Held-out test MSE/MAE from the local legacy log; MAPE was not persisted.
FITS,ETTh2,720,720,2026,ok,0.3782028257846832,0.42392873764038086,,0.614981971918,65884,,,63.7319,1.01,,,local_legacy_reproduction,validation-selected legacy run; test loss logged during training,note/results.csv,Held-out test MSE/MAE from the local legacy log; MAPE was not persisted.
SparseTSF,ETTh2,720,720,2026,ok,0.3816608488559723,0.42367666959762573,,0.617787057857,925,,,30.6028,0.9521,,,local_legacy_reproduction,validation-selected legacy run; test loss logged during training,note/results.csv,Held-out test MSE/MAE from the local legacy log; MAPE was not persisted.
FreTS,ETTh2,720,720,2026,ok,0.8486284017562866,0.6630163192749023,,0.921210291821,23844432,,,33.4383,1.3136,,,local_legacy_reproduction,validation-selected legacy run; test loss logged during training,note/results.csv,Held-out test MSE/MAE from the local legacy log; MAPE was not persisted.
FilterNet,ETTh2,720,720,2026,ok,0.42345696687698364,0.451883465051651,,0.650735712004,370350,,,21.8501,1.5976,,,local_legacy_reproduction,validation-selected legacy run; test loss logged during training,note/results.csv,Held-out test MSE/MAE from the local legacy log; MAPE was not persisted.
iTransformer,ETTh2,720,720,2026,ok,0.4310358762741089,0.46062490344047546,,0.656533225568,384592,,,25.5202,1.3669,,,local_legacy_reproduction,validation-selected legacy run; test loss logged during training,note/results.csv,Held-out test MSE/MAE from the local legacy log; MAPE was not persisted.
PatchTST,ETTh2,720,720,2026,ok,0.396075040102005,0.4358846843242645,,0.629344929353,1055408,,,60.3994,0.874,,,local_legacy_reproduction,validation-selected legacy run; test loss logged during training,note/results.csv,Held-out test MSE/MAE from the local legacy log; MAPE was not persisted.
DLinear,ETTh2,720,720,2026,ok,0.7751088738441467,0.6260589957237244,,0.8804026771,1038240,,,26.4875,1.1498,,,local_legacy_reproduction,validation-selected legacy run; test loss logged during training,note/results.csv,Held-out test MSE/MAE from the local legacy log; MAPE was not persisted.
MixLinear,ETTh2,720,720,2026,ok,0.3805728256702423,0.42355766892433167,,0.616905848303,187,,,62.1185,0.9475,,,local_legacy_reproduction,validation-selected legacy run; test loss logged during training,note/results.csv,Held-out test MSE/MAE from the local legacy log; MAPE was not persisted.
PhaseFormer,ETTh2,720,720,2026,ok,0.4098819425669797,0.4398836830649663,2.1086953259639145,0.6402202297389389,718,,,65.07014632225037,1.7629876136779785,0.18828142471691228,36.38134765625,local_phaseformer_seed2026_strict,validation-selected checkpoint; one deferred held-out test; sample-weighted streaming metrics,PHASEFORMER_SEED2026_FULL_0722V1_RESULTS.csv,phase_p24_l1_d4_h1_r4; completion_0716v2_locked_profile
FreqCycle,ETTh2,720,720,2026,ok,0.41944466466771874,0.4498965471413718,2.1191325982142937,0.647645477609,1520512,782000,738512,71.5767674446106,1.7758347988128662,0.20311237566047233,496.48046875,local_completion_strict,validation-selected checkpoint; one deferred held-out test; sample-weighted streaming metrics,outputs/completion_0716v2/COMPLETION_MATRIX_0716V2_RESULTS.csv,0716v2 missing-cell completion; MAPE computed with the locked historical no-epsilon definition.
Ours (Compact + Echo),ETTm1,720,96,2026,ok,0.28690916923129245,0.3401005766849335,2.1487741617658638,0.53563902885366,10146,,,59.78868532180786,1.339568853378296,0.01758933321550423,62.1494140625,local_compact_echo_hpo_seed2026_replay,profile selected by seed-2025 test MSE; frozen replay at seed=2026; held-out test metrics; not an untouched confirmatory test,HPO_TESTONLY_0722V1_FINAL_RESULTS.csv,r4_t32; input=pcke; input_k=1; basis=64; recent=96; output_k=1; channel=cycle_shared; phase_gate=1; gate_cap=0.5; lr=0.005
TQNet,ETTm1,720,96,2026,ok,0.2986374795436859,0.35090240836143494,,0.546477336716,3020864,,,28.8972,1.2363,,,local_legacy_reproduction,validation-selected legacy run; test loss logged during training,note/results.csv,Held-out test MSE/MAE from the local legacy log; MAPE was not persisted.
CycleNet,ETTm1,720,96,2026,ok,0.3093375861644745,0.35583487153053284,,0.556181252978,69888,,,37.1349,1.1622,,,local_legacy_reproduction,validation-selected legacy run; test loss logged during training,note/results.csv,Held-out test MSE/MAE from the local legacy log; MAPE was not persisted.
FITS,ETTm1,720,96,2026,ok,0.3188023865222931,0.35981908440589905,,0.56462588191,2112,,,122.3225,1.9892,,,local_legacy_reproduction,validation-selected legacy run; test loss logged during training,note/results.csv,Held-out test MSE/MAE from the local legacy log; MAPE was not persisted.
SparseTSF,ETTm1,720,96,2026,ok,0.3385867476463318,0.3711400032043457,,0.58188207366,145,,,52.6705,1.4243,,,local_legacy_reproduction,validation-selected legacy run; test loss logged during training,note/results.csv,Held-out test MSE/MAE from the local legacy log; MAPE was not persisted.
FreTS,ETTm1,720,96,2026,ok,0.36896827816963196,0.38762760162353516,,0.607427590886,23684064,,,133.2056,3.8675,,,local_legacy_reproduction,validation-selected legacy run; test loss logged during training,note/results.csv,Held-out test MSE/MAE from the local legacy log; MAPE was not persisted.
FilterNet,ETTm1,720,96,2026,ok,0.320210725069046,0.36763253808021545,,0.565871650703,209982,,,72.5406,3.3358,,,local_legacy_reproduction,validation-selected legacy run; test loss logged during training,note/results.csv,Held-out test MSE/MAE from the local legacy log; MAPE was not persisted.
iTransformer,ETTm1,720,96,2026,ok,0.31721365451812744,0.37108859419822693,,0.563217235637,304096,,,83.9107,3.5872,,,local_legacy_reproduction,validation-selected legacy run; test loss logged during training,note/results.csv,Held-out test MSE/MAE from the local legacy log; MAPE was not persisted.
PatchTST,ETTm1,720,96,2026,ok,0.29760363698005676,0.3523174524307251,,0.545530601323,1517152,,,261.2999,2.3061,,,local_legacy_reproduction,validation-selected legacy run; test loss logged during training,note/results.csv,Held-out test MSE/MAE from the local legacy log; MAPE was not persisted.
DLinear,ETTm1,720,96,2026,ok,0.31389403343200684,0.3563418984413147,,0.560262468341,138432,,,34.69,3.1483,,,local_legacy_reproduction,validation-selected legacy run; test loss logged during training,note/results.csv,Held-out test MSE/MAE from the local legacy log; MAPE was not persisted.
MixLinear,ETTm1,720,96,2026,ok,0.33563119173049927,0.37527450919151306,,0.579336855146,653,,,72.7179,2.0505,,,local_legacy_reproduction,validation-selected legacy run; test loss logged during training,note/results.csv,Held-out test MSE/MAE from the local legacy log; MAPE was not persisted.
PhaseFormer,ETTm1,720,96,2026,ok,0.29532520196321277,0.3455300111006587,2.170397387775134,0.5434383147729029,3666,,,527.4467353820801,3.4915049076080322,0.10972522730537623,35.701171875,local_phaseformer_seed2026_strict,validation-selected checkpoint; one deferred held-out test; sample-weighted streaming metrics,PHASEFORMER_SEED2026_FULL_0722V1_RESULTS.csv,phase_p24_l2_d8_h1_r8; completion_0716v2_locked_profile
FreqCycle,ETTm1,720,96,2026,ok,0.2970054792030497,0.3528414653657353,2.2578036622225306,0.544982090718,253336,148664,104672,300.68732833862305,2.0585615634918213,0.0734102277643571,484.5595703125,local_completion_strict,validation-selected checkpoint; one deferred held-out test; sample-weighted streaming metrics,outputs/completion_0716v2/COMPLETION_MATRIX_0716V2_RESULTS.csv,0716v2 missing-cell completion; MAPE computed with the locked historical no-epsilon definition.
Ours (Compact + Echo),ETTm1,720,192,2026,ok,0.3237226136434635,0.36329888192331755,2.251168235265354,0.568966267579602,10210,,,78.99104309082031,1.2368929386138916,0.01843479124179574,75.28662109375,local_compact_echo_hpo_seed2026_replay,profile selected by seed-2025 test MSE; frozen replay at seed=2026; held-out test metrics; not an untouched confirmatory test,HPO_TESTONLY_0722V1_FINAL_RESULTS.csv,r4_t32; input=pcke; input_k=1; basis=64; recent=96; output_k=1; channel=cycle_shared; phase_gate=1; gate_cap=0.5; lr=0.005
TQNet,ETTm1,720,192,2026,ok,0.3308126628398895,0.3722689151763916,,0.575163161929,3070112,,,29.3237,1.2689,,,local_legacy_reproduction,validation-selected legacy run; test loss logged during training,note/results.csv,Held-out test MSE/MAE from the local legacy log; MAPE was not persisted.
CycleNet,ETTm1,720,192,2026,ok,0.33956289291381836,0.37396177649497986,,0.582720252706,139104,,,41.1443,1.2227,,,local_legacy_reproduction,validation-selected legacy run; test loss logged during training,note/results.csv,Held-out test MSE/MAE from the local legacy log; MAPE was not persisted.
FITS,ETTm1,720,192,2026,ok,0.34534579515457153,0.3743635416030884,,0.587661292884,2376,,,128.6049,2.0696,,,local_legacy_reproduction,validation-selected legacy run; test loss logged during training,note/results.csv,Held-out test MSE/MAE from the local legacy log; MAPE was not persisted.
SparseTSF,ETTm1,720,192,2026,ok,0.36108458042144775,0.3823169767856598,,0.600903137304,265,,,45.3886,1.4543,,,local_legacy_reproduction,validation-selected legacy run; test loss logged during training,note/results.csv,Held-out test MSE/MAE from the local legacy log; MAPE was not persisted.
FreTS,ETTm1,720,192,2026,ok,0.4003933072090149,0.42054328322410583,,0.632766392288,23708736,,,108.0971,3.8122,,,local_legacy_reproduction,validation-selected legacy run; test loss logged during training,note/results.csv,Held-out test MSE/MAE from the local legacy log; MAPE was not persisted.
FilterNet,ETTm1,720,192,2026,ok,0.3602975010871887,0.38974472880363464,,0.600247866375,234654,,,68.0655,3.13,,,local_legacy_reproduction,validation-selected legacy run; test loss logged during training,note/results.csv,Held-out test MSE/MAE from the local legacy log; MAPE was not persisted.
iTransformer,ETTm1,720,192,2026,ok,0.34846290946006775,0.3873361051082611,,0.590307470273,316480,,,85.8856,3.3699,,,local_legacy_reproduction,validation-selected legacy run; test loss logged during training,note/results.csv,Held-out test MSE/MAE from the local legacy log; MAPE was not persisted.
PatchTST,ETTm1,720,192,2026,ok,0.33582746982574463,0.3738658130168915,,0.579506229324,2623168,,,251.5335,2.4573,,,local_legacy_reproduction,validation-selected legacy run; test loss logged during training,note/results.csv,Held-out test MSE/MAE from the local legacy log; MAPE was not persisted.
DLinear,ETTm1,720,192,2026,ok,0.34316131472587585,0.37610408663749695,,0.585799722368,276864,,,36.7291,3.021,,,local_legacy_reproduction,validation-selected legacy run; test loss logged during training,note/results.csv,Held-out test MSE/MAE from the local legacy log; MAPE was not persisted.
MixLinear,ETTm1,720,192,2026,ok,0.3530093729496002,0.383041113615036,,0.594145918903,863,,,75.5851,1.9271,,,local_legacy_reproduction,validation-selected legacy run; test loss logged during training,note/results.csv,Held-out test MSE/MAE from the local legacy log; MAPE was not persisted.
PhaseFormer,ETTm1,720,192,2026,ok,0.324119122011441,0.36051558824815566,2.2097781602522035,0.5693146072352623,3702,,,507.6018509864807,4.068242788314819,0.12383200990992033,35.94140625,local_phaseformer_seed2026_strict,validation-selected checkpoint; one deferred held-out test; sample-weighted streaming metrics,PHASEFORMER_SEED2026_FULL_0722V1_RESULTS.csv,phase_p24_l2_d8_h1_r8; completion_0716v2_locked_profile
FreqCycle,ETTm1,720,192,2026,ok,0.33381343302802186,0.37340903933586833,2.3180905456912635,0.577765898118,278104,161048,117056,285.2446961402893,2.5570945739746094,0.07779515476699898,485.615234375,local_completion_strict,validation-selected checkpoint; one deferred held-out test; sample-weighted streaming metrics,outputs/completion_0716v2/COMPLETION_MATRIX_0716V2_RESULTS.csv,0716v2 missing-cell completion; MAPE computed with the locked historical no-epsilon definition.
Ours (Compact + Echo),ETTm1,720,336,2026,ok,0.35357943614499543,0.382870242602821,2.3340488940596638,0.59462545870909,10274,,,67.45444750785828,1.8827886581420898,0.037638379073967,92.29443359375,local_compact_echo_hpo_seed2026_replay,profile selected by seed-2025 test MSE; frozen replay at seed=2026; held-out test metrics; not an untouched confirmatory test,HPO_TESTONLY_0722V1_FINAL_RESULTS.csv,r4_t32; input=pcke; input_k=1; basis=64; recent=96; output_k=1; channel=cycle_shared; phase_gate=1; gate_cap=0.5; lr=0.005
TQNet,ETTm1,720,336,2026,ok,0.37157607078552246,0.3963717520236969,,0.609570398548,3143984,,,28.2441,1.2942,,,local_legacy_reproduction,validation-selected legacy run; test loss logged during training,note/results.csv,Held-out test MSE/MAE from the local legacy log; MAPE was not persisted.
CycleNet,ETTm1,720,336,2026,ok,0.3641086220741272,0.387827068567276,,0.603414138113,242928,,,47.5126,1.43,,,local_legacy_reproduction,validation-selected legacy run; test loss logged during training,note/results.csv,Held-out test MSE/MAE from the local legacy log; MAPE was not persisted.
FITS,ETTm1,720,336,2026,ok,0.37235257029533386,0.3899894654750824,,0.610206989714,2772,,,140.741,2.1269,,,local_legacy_reproduction,validation-selected legacy run; test loss logged during training,note/results.csv,Held-out test MSE/MAE from the local legacy log; MAPE was not persisted.
SparseTSF,ETTm1,720,336,2026,ok,0.3762289881706238,0.39092615246772766,,0.613375079515,445,,,49.1139,1.512,,,local_legacy_reproduction,validation-selected legacy run; test loss logged during training,note/results.csv,Held-out test MSE/MAE from the local legacy log; MAPE was not persisted.
FreTS,ETTm1,720,336,2026,ok,0.4148719906806946,0.4258573651313782,,0.644105574173,23745744,,,150.0164,3.9277,,,local_legacy_reproduction,validation-selected legacy run; test loss logged during training,note/results.csv,Held-out test MSE/MAE from the local legacy log; MAPE was not persisted.
FilterNet,ETTm1,720,336,2026,ok,0.38700515031814575,0.4022761583328247,,0.622097380093,271662,,,44.4435,3.3058,,,local_legacy_reproduction,validation-selected legacy run; test loss logged during training,note/results.csv,Held-out test MSE/MAE from the local legacy log; MAPE was not persisted.
iTransformer,ETTm1,720,336,2026,ok,0.37996354699134827,0.4072243571281433,,0.616411832293,335056,,,87.4292,3.7184,,,local_legacy_reproduction,validation-selected legacy run; test loss logged during training,note/results.csv,Held-out test MSE/MAE from the local legacy log; MAPE was not persisted.
PatchTST,ETTm1,720,336,2026,ok,0.36382463574409485,0.39491942524909973,,0.60317877594,4282192,,,269.7923,2.6159,,,local_legacy_reproduction,validation-selected legacy run; test loss logged during training,note/results.csv,Held-out test MSE/MAE from the local legacy log; MAPE was not persisted.
DLinear,ETTm1,720,336,2026,ok,0.37182700634002686,0.39314696192741394,,0.609776193648,484512,,,38.1106,3.1995,,,local_legacy_reproduction,validation-selected legacy run; test loss logged during training,note/results.csv,Held-out test MSE/MAE from the local legacy log; MAPE was not persisted.
MixLinear,ETTm1,720,336,2026,ok,0.3919742703437805,0.40890514850616455,,0.62607848577,1121,,,70.2372,2.0263,,,local_legacy_reproduction,validation-selected legacy run; test loss logged during training,note/results.csv,Held-out test MSE/MAE from the local legacy log; MAPE was not persisted.
PhaseFormer,ETTm1,720,336,2026,ok,0.35953996713265846,0.3813702611680565,2.310427062555158,0.5996165167276986,1806,,,226.13648223876953,3.8102948665618896,0.09202516620464966,35.81201171875,local_phaseformer_seed2026_strict,validation-selected checkpoint; one deferred held-out test; sample-weighted streaming metrics,PHASEFORMER_SEED2026_FULL_0722V1_RESULTS.csv,phase_p24_l1_d8_h1_r8; completion_0716v2_locked_profile
FreqCycle,ETTm1,720,336,2026,ok,0.37142398440746227,0.39404398784531763,2.384491892020171,0.609445636958,315256,179624,135632,285.68284010887146,2.5204739570617676,0.07532154545887379,487.19873046875,local_completion_strict,validation-selected checkpoint; one deferred held-out test; sample-weighted streaming metrics,outputs/completion_0716v2/COMPLETION_MATRIX_0716V2_RESULTS.csv,0716v2 missing-cell completion; MAPE computed with the locked historical no-epsilon definition.
Ours (Compact + Echo),ETTm1,720,720,2026,ok,0.4050175564471658,0.41144356252679276,2.469053797536628,0.636409896566015,10402,,,70.22928619384766,2.006643772125244,0.04030675317256323,133.26025390625,local_compact_echo_hpo_seed2026_replay,profile selected by seed-2025 test MSE; frozen replay at seed=2026; held-out test metrics; not an untouched confirmatory test,HPO_TESTONLY_0722V1_FINAL_RESULTS.csv,r4_t32; input=pcke; input_k=1; basis=64; recent=96; output_k=1; channel=cycle_shared; phase_gate=1; gate_cap=0.5; lr=0.005
TQNet,ETTm1,720,720,2026,ok,0.43777579069137573,0.4331223964691162,,0.661646273088,3340976,,,35.4416,1.8072,,,local_legacy_reproduction,validation-selected legacy run; test loss logged during training,note/results.csv,Held-out test MSE/MAE from the local legacy log; MAPE was not persisted.
CycleNet,ETTm1,720,720,2026,ok,0.4093974232673645,0.41126078367233276,,0.639841717355,519792,,,84.292,1.6927,,,local_legacy_reproduction,validation-selected legacy run; test loss logged during training,note/results.csv,Held-out test MSE/MAE from the local legacy log; MAPE was not persisted.
FITS,ETTm1,720,720,2026,ok,0.4203034043312073,0.4157411456108093,,0.648308109105,3784,,,165.1736,2.451,,,local_legacy_reproduction,validation-selected legacy run; test loss logged during training,note/results.csv,Held-out test MSE/MAE from the local legacy log; MAPE was not persisted.
SparseTSF,ETTm1,720,720,2026,ok,0.42289260029792786,0.41502055525779724,,0.650301930105,925,,,73.6894,1.7159,,,local_legacy_reproduction,validation-selected legacy run; test loss logged during training,note/results.csv,Held-out test MSE/MAE from the local legacy log; MAPE was not persisted.
FreTS,ETTm1,720,720,2026,ok,0.4764655530452728,0.4650174677371979,,0.690264842684,23844432,,,112.898,4.182,,,local_legacy_reproduction,validation-selected legacy run; test loss logged during training,note/results.csv,Held-out test MSE/MAE from the local legacy log; MAPE was not persisted.
FilterNet,ETTm1,720,720,2026,ok,0.43667763471603394,0.4262752830982208,,0.660815885641,370350,,,49.5747,3.68,,,local_legacy_reproduction,validation-selected legacy run; test loss logged during training,note/results.csv,Held-out test MSE/MAE from the local legacy log; MAPE was not persisted.
iTransformer,ETTm1,720,720,2026,ok,0.44203829765319824,0.44574812054634094,,0.664859607476,384592,,,94.614,3.975,,,local_legacy_reproduction,validation-selected legacy run; test loss logged during training,note/results.csv,Held-out test MSE/MAE from the local legacy log; MAPE was not persisted.
PatchTST,ETTm1,720,720,2026,ok,0.4156937301158905,0.4180508852005005,,0.644743150499,8706256,,,228.6588,2.8979,,,local_legacy_reproduction,validation-selected legacy run; test loss logged during training,note/results.csv,Held-out test MSE/MAE from the local legacy log; MAPE was not persisted.
DLinear,ETTm1,720,720,2026,ok,0.42246609926223755,0.4216175675392151,,0.649973921986,1038240,,,42.8384,3.5505,,,local_legacy_reproduction,validation-selected legacy run; test loss logged during training,note/results.csv,Held-out test MSE/MAE from the local legacy log; MAPE was not persisted.
MixLinear,ETTm1,720,720,2026,ok,0.42960551381111145,0.42673730850219727,,0.655442990512,1733,,,93.4918,2.4656,,,local_legacy_reproduction,validation-selected legacy run; test loss logged during training,note/results.csv,Held-out test MSE/MAE from the local legacy log; MAPE was not persisted.
PhaseFormer,ETTm1,720,720,2026,ok,0.41194357698596507,0.41101613942179704,2.4606833925650426,0.6418283080279064,3900,,,363.35109663009644,3.978654384613037,0.1242414535258323,37.26318359375,local_phaseformer_seed2026_strict,validation-selected checkpoint; one deferred held-out test; sample-weighted streaming metrics,PHASEFORMER_SEED2026_FULL_0722V1_RESULTS.csv,phase_p24_l2_d8_h1_r8; completion_0716v2_locked_profile
FreqCycle,ETTm1,720,720,2026,ok,0.42364218956291,0.42031713161882805,2.4384517423417686,0.650878014349,414328,229160,185168,273.7984836101532,2.6386635303497314,0.07778144213564556,491.7333984375,local_completion_strict,validation-selected checkpoint; one deferred held-out test; sample-weighted streaming metrics,outputs/completion_0716v2/COMPLETION_MATRIX_0716V2_RESULTS.csv,0716v2 missing-cell completion; MAPE computed with the locked historical no-epsilon definition.
Ours (Compact + Echo),ETTm2,720,96,2026,ok,0.16050571327573201,0.2517217479696033,1.0745043872080362,0.400631642878757,5010,,,49.15882420539856,1.2408626079559326,0.016541444809589724,59.80078125,local_compact_echo_hpo_seed2026_replay,profile selected by seed-2025 test MSE; frozen replay at seed=2026; held-out test metrics; not an untouched confirmatory test,HPO_TESTONLY_0722V1_FINAL_RESULTS.csv,r2_t16; input=pcke; input_k=1; basis=64; recent=96; output_k=1; channel=cycle_shared; phase_gate=1; gate_cap=0.25; lr=0.005
TQNet,ETTm2,720,96,2026,ok,0.17146673798561096,0.2624165415763855,,0.414085423537,3020864,,,23.0261,1.2624,,,local_legacy_reproduction,validation-selected legacy run; test loss logged during training,note/results.csv,Held-out test MSE/MAE from the local legacy log; MAPE was not persisted.
CycleNet,ETTm2,720,96,2026,ok,0.1597035527229309,0.2496950775384903,,0.399629269102,69888,,,82.6988,1.3723,,,local_legacy_reproduction,validation-selected legacy run; test loss logged during training,note/results.csv,Held-out test MSE/MAE from the local legacy log; MAPE was not persisted.
FITS,ETTm2,720,96,2026,ok,0.16739100217819214,0.25845155119895935,,0.40913445489,2112,,,120.7604,1.9396,,,local_legacy_reproduction,validation-selected legacy run; test loss logged during training,note/results.csv,Held-out test MSE/MAE from the local legacy log; MAPE was not persisted.
SparseTSF,ETTm2,720,96,2026,ok,0.17622493207454681,0.26380181312561035,,0.419791534067,145,,,81.8243,1.2503,,,local_legacy_reproduction,validation-selected legacy run; test loss logged during training,note/results.csv,Held-out test MSE/MAE from the local legacy log; MAPE was not persisted.
FreTS,ETTm2,720,96,2026,ok,0.17445601522922516,0.26340344548225403,,0.417679321046,23684064,,,199.2471,3.9006,,,local_legacy_reproduction,validation-selected legacy run; test loss logged during training,note/results.csv,Held-out test MSE/MAE from the local legacy log; MAPE was not persisted.
FilterNet,ETTm2,720,96,2026,ok,0.18691499531269073,0.2752159833908081,,0.432336668943,209982,,,46.5134,3.2563,,,local_legacy_reproduction,validation-selected legacy run; test loss logged during training,note/results.csv,Held-out test MSE/MAE from the local legacy log; MAPE was not persisted.
iTransformer,ETTm2,720,96,2026,ok,0.18659758567810059,0.28062236309051514,,0.431969426786,304096,,,71.471,3.5782,,,local_legacy_reproduction,validation-selected legacy run; test loss logged during training,note/results.csv,Held-out test MSE/MAE from the local legacy log; MAPE was not persisted.
PatchTST,ETTm2,720,96,2026,ok,0.16342592239379883,0.2544896602630615,,0.404259721459,1517152,,,209.4624,2.3087,,,local_legacy_reproduction,validation-selected legacy run; test loss logged during training,note/results.csv,Held-out test MSE/MAE from the local legacy log; MAPE was not persisted.
DLinear,ETTm2,720,96,2026,ok,0.16871094703674316,0.26194196939468384,,0.410744381625,138432,,,34.7975,3.2605,,,local_legacy_reproduction,validation-selected legacy run; test loss logged during training,note/results.csv,Held-out test MSE/MAE from the local legacy log; MAPE was not persisted.
MixLinear,ETTm2,720,96,2026,ok,0.16674456000328064,0.2568809390068054,,0.408343678785,653,,,72.5163,1.949,,,local_legacy_reproduction,validation-selected legacy run; test loss logged during training,note/results.csv,Held-out test MSE/MAE from the local legacy log; MAPE was not persisted.
PhaseFormer,ETTm2,720,96,2026,ok,0.17398087677521226,0.2632271891138953,1.047368731186023,0.41711014945121183,3666,,,228.82841086387634,4.177942991256714,0.12913987860266993,35.701171875,local_phaseformer_seed2026_strict,validation-selected checkpoint; one deferred held-out test; sample-weighted streaming metrics,PHASEFORMER_SEED2026_FULL_0722V1_RESULTS.csv,phase_p24_l2_d8_h1_r8; completion_0716v2_locked_profile
FreqCycle,ETTm2,720,96,2026,ok,0.16493782530060144,0.2560801600607425,1.0272874536975918,0.406125381256,253336,148664,104672,268.2893726825714,2.5533976554870605,0.08006630216763891,484.5595703125,local_completion_strict,validation-selected checkpoint; one deferred held-out test; sample-weighted streaming metrics,outputs/completion_0716v2/COMPLETION_MATRIX_0716V2_RESULTS.csv,0716v2 missing-cell completion; MAPE computed with the locked historical no-epsilon definition.
Ours (Compact + Echo),ETTm2,720,192,2026,ok,0.21347726643492712,0.28874442952135265,1.194285985734051,0.462036001232509,5042,,,51.82988524436951,1.6325883865356445,0.037965908995058834,68.537109375,local_compact_echo_hpo_seed2026_replay,profile selected by seed-2025 test MSE; frozen replay at seed=2026; held-out test metrics; not an untouched confirmatory test,HPO_TESTONLY_0722V1_FINAL_RESULTS.csv,r2_t16; input=pcke; input_k=1; basis=64; recent=96; output_k=1; channel=cycle_shared; phase_gate=1; gate_cap=0.25; lr=0.005
TQNet,ETTm2,720,192,2026,ok,0.22500082850456238,0.2988210916519165,,0.474342522345,3070112,,,25.6077,1.3137,,,local_legacy_reproduction,validation-selected legacy run; test loss logged during training,note/results.csv,Held-out test MSE/MAE from the local legacy log; MAPE was not persisted.
CycleNet,ETTm2,720,192,2026,ok,0.2140214443206787,0.2885828912258148,,0.462624517639,139104,,,94.7981,1.3118,,,local_legacy_reproduction,validation-selected legacy run; test loss logged during training,note/results.csv,Held-out test MSE/MAE from the local legacy log; MAPE was not persisted.
FITS,ETTm2,720,192,2026,ok,0.2208792269229889,0.2948889136314392,,0.469977900462,2376,,,128.0696,1.7557,,,local_legacy_reproduction,validation-selected legacy run; test loss logged during training,note/results.csv,Held-out test MSE/MAE from the local legacy log; MAPE was not persisted.
SparseTSF,ETTm2,720,192,2026,ok,0.22570571303367615,0.29754388332366943,,0.475084953491,265,,,108.3927,1.3276,,,local_legacy_reproduction,validation-selected legacy run; test loss logged during training,note/results.csv,Held-out test MSE/MAE from the local legacy log; MAPE was not persisted.
FreTS,ETTm2,720,192,2026,ok,0.2562311887741089,0.31118595600128174,,0.506192837537,23708736,,,253.1309,3.7493,,,local_legacy_reproduction,validation-selected legacy run; test loss logged during training,note/results.csv,Held-out test MSE/MAE from the local legacy log; MAPE was not persisted.
FilterNet,ETTm2,720,192,2026,ok,0.23529069125652313,0.30522799491882324,,0.485067718217,234654,,,74.1164,3.2004,,,local_legacy_reproduction,validation-selected legacy run; test loss logged during training,note/results.csv,Held-out test MSE/MAE from the local legacy log; MAPE was not persisted.
iTransformer,ETTm2,720,192,2026,ok,0.2423819899559021,0.3154045343399048,,0.492323054463,316480,,,73.5098,3.5511,,,local_legacy_reproduction,validation-selected legacy run; test loss logged during training,note/results.csv,Held-out test MSE/MAE from the local legacy log; MAPE was not persisted.
PatchTST,ETTm2,720,192,2026,ok,0.21801498532295227,0.29457592964172363,,0.466920748439,2623168,,,199.2306,2.4942,,,local_legacy_reproduction,validation-selected legacy run; test loss logged during training,note/results.csv,Held-out test MSE/MAE from the local legacy log; MAPE was not persisted.
DLinear,ETTm2,720,192,2026,ok,0.28141874074935913,0.3610976040363312,,0.530489152339,276864,,,36.3152,3.0477,,,local_legacy_reproduction,validation-selected legacy run; test loss logged during training,note/results.csv,Held-out test MSE/MAE from the local legacy log; MAPE was not persisted.
MixLinear,ETTm2,720,192,2026,ok,0.22234834730625153,0.2971177399158478,,0.471538277668,863,,,74.801,1.957,,,local_legacy_reproduction,validation-selected legacy run; test loss logged during training,note/results.csv,Held-out test MSE/MAE from the local legacy log; MAPE was not persisted.
PhaseFormer,ETTm2,720,192,2026,ok,0.22160574427523363,0.29362745895420284,1.1417993948818566,0.4707501930697784,1752,,,298.2115845680237,3.56636905670166,0.08485158972796626,35.45166015625,local_phaseformer_seed2026_strict,validation-selected checkpoint; one deferred held-out test; sample-weighted streaming metrics,PHASEFORMER_SEED2026_FULL_0722V1_RESULTS.csv,phase_p24_l1_d8_h1_r8; completion_0716v2_locked_profile
FreqCycle,ETTm2,720,192,2026,ok,0.232964378064326,0.30398034119897205,1.1419074778303477,0.482663835463,278104,161048,117056,276.0690755844116,2.729236125946045,0.08061223851068157,485.615234375,local_completion_strict,validation-selected checkpoint; one deferred held-out test; sample-weighted streaming metrics,outputs/completion_0716v2/COMPLETION_MATRIX_0716V2_RESULTS.csv,0716v2 missing-cell completion; MAPE computed with the locked historical no-epsilon definition.
Ours (Compact + Echo),ETTm2,720,336,2026,ok,0.2674414144506606,0.3267077954392084,1.31925895256662,0.517147381749788,5074,,,46.81803631782532,2.068201780319214,0.03819805221533454,81.0517578125,local_compact_echo_hpo_seed2026_replay,profile selected by seed-2025 test MSE; frozen replay at seed=2026; held-out test metrics; not an untouched confirmatory test,HPO_TESTONLY_0722V1_FINAL_RESULTS.csv,r2_t16; input=pcke; input_k=1; basis=64; recent=96; output_k=1; channel=cycle_shared; phase_gate=1; gate_cap=0.25; lr=0.005
TQNet,ETTm2,720,336,2026,ok,0.2821178436279297,0.33685624599456787,,0.5311476665,3143984,,,32.1819,1.3934,,,local_legacy_reproduction,validation-selected legacy run; test loss logged during training,note/results.csv,Held-out test MSE/MAE from the local legacy log; MAPE was not persisted.
CycleNet,ETTm2,720,336,2026,ok,0.2693482041358948,0.3256162703037262,,0.518987672432,242928,,,57.2407,1.3843,,,local_legacy_reproduction,validation-selected legacy run; test loss logged during training,note/results.csv,Held-out test MSE/MAE from the local legacy log; MAPE was not persisted.
FITS,ETTm2,720,336,2026,ok,0.2718510627746582,0.32884758710861206,,0.521393385818,2772,,,135.2312,2.0269,,,local_legacy_reproduction,validation-selected legacy run; test loss logged during training,note/results.csv,Held-out test MSE/MAE from the local legacy log; MAPE was not persisted.
SparseTSF,ETTm2,720,336,2026,ok,0.2746334671974182,0.3298884630203247,,0.524054832243,445,,,86.2228,1.5362,,,local_legacy_reproduction,validation-selected legacy run; test loss logged during training,note/results.csv,Held-out test MSE/MAE from the local legacy log; MAPE was not persisted.
FreTS,ETTm2,720,336,2026,ok,0.30655649304389954,0.3539564311504364,,0.553675440167,23745744,,,203.1625,3.9906,,,local_legacy_reproduction,validation-selected legacy run; test loss logged during training,note/results.csv,Held-out test MSE/MAE from the local legacy log; MAPE was not persisted.
FilterNet,ETTm2,720,336,2026,ok,0.2916852831840515,0.34817129373550415,,0.540078960138,271662,,,63.4319,3.37,,,local_legacy_reproduction,validation-selected legacy run; test loss logged during training,note/results.csv,Held-out test MSE/MAE from the local legacy log; MAPE was not persisted.
iTransformer,ETTm2,720,336,2026,ok,0.30280736088752747,0.35462406277656555,,0.550279348047,335056,,,74.8421,3.4076,,,local_legacy_reproduction,validation-selected legacy run; test loss logged during training,note/results.csv,Held-out test MSE/MAE from the local legacy log; MAPE was not persisted.
PatchTST,ETTm2,720,336,2026,ok,0.26922571659088135,0.3285997211933136,,0.518869652794,4282192,,,190.2377,2.4808,,,local_legacy_reproduction,validation-selected legacy run; test loss logged during training,note/results.csv,Held-out test MSE/MAE from the local legacy log; MAPE was not persisted.
DLinear,ETTm2,720,336,2026,ok,0.2988881468772888,0.3606742322444916,,0.546706636943,484512,,,37.6778,3.4146,,,local_legacy_reproduction,validation-selected legacy run; test loss logged during training,note/results.csv,Held-out test MSE/MAE from the local legacy log; MAPE was not persisted.
MixLinear,ETTm2,720,336,2026,ok,0.27105197310447693,0.32762411236763,,0.520626519786,1121,,,80.8076,2.273,,,local_legacy_reproduction,validation-selected legacy run; test loss logged during training,note/results.csv,Held-out test MSE/MAE from the local legacy log; MAPE was not persisted.
PhaseFormer,ETTm2,720,336,2026,ok,0.27044478302063685,0.32573638202474164,1.2411088304902997,0.5200430588140148,1806,,,210.77352023124695,3.1576590538024902,0.07978225781067716,35.81201171875,local_phaseformer_seed2026_strict,validation-selected checkpoint; one deferred held-out test; sample-weighted streaming metrics,PHASEFORMER_SEED2026_FULL_0722V1_RESULTS.csv,phase_p24_l1_d8_h1_r8; completion_0716v2_locked_profile
FreqCycle,ETTm2,720,336,2026,ok,0.2743032627902462,0.3314030488875804,1.2787185959873624,0.523739689913,315256,179624,135632,270.348370552063,2.5354442596435547,0.07583662391060303,487.19873046875,local_completion_strict,validation-selected checkpoint; one deferred held-out test; sample-weighted streaming metrics,outputs/completion_0716v2/COMPLETION_MATRIX_0716V2_RESULTS.csv,0716v2 missing-cell completion; MAPE computed with the locked historical no-epsilon definition.
Ours (Compact + Echo),ETTm2,720,720,2026,ok,0.35131039341786796,0.3831965714076022,1.5251292176574838,0.592714428218065,5138,,,57.38047218322754,1.412407398223877,0.018714790019351474,111.11865234375,local_compact_echo_hpo_seed2026_replay,profile selected by seed-2025 test MSE; frozen replay at seed=2026; held-out test metrics; not an untouched confirmatory test,HPO_TESTONLY_0722V1_FINAL_RESULTS.csv,r2_t16; input=pcke; input_k=1; basis=64; recent=96; output_k=1; channel=cycle_shared; phase_gate=1; gate_cap=0.25; lr=0.005
TQNet,ETTm2,720,720,2026,ok,0.37288898229599,0.39936187863349915,,0.610646364352,3340976,,,30.2823,1.5841,,,local_legacy_reproduction,validation-selected legacy run; test loss logged during training,note/results.csv,Held-out test MSE/MAE from the local legacy log; MAPE was not persisted.
CycleNet,ETTm2,720,720,2026,ok,0.3579799234867096,0.38407352566719055,,0.598314234735,519792,,,70.0721,1.6964,,,local_legacy_reproduction,validation-selected legacy run; test loss logged during training,note/results.csv,Held-out test MSE/MAE from the local legacy log; MAPE was not persisted.
FITS,ETTm2,720,720,2026,ok,0.35144495964050293,0.3798040747642517,,0.592827934261,3784,,,163.9345,2.3922,,,local_legacy_reproduction,validation-selected legacy run; test loss logged during training,note/results.csv,Held-out test MSE/MAE from the local legacy log; MAPE was not persisted.
SparseTSF,ETTm2,720,720,2026,ok,0.355662077665329,0.38073480129241943,,0.596374108815,925,,,78.0668,1.7847,,,local_legacy_reproduction,validation-selected legacy run; test loss logged during training,note/results.csv,Held-out test MSE/MAE from the local legacy log; MAPE was not persisted.
FreTS,ETTm2,720,720,2026,ok,0.39043959975242615,0.4098762571811676,,0.624851662199,23844432,,,211.3172,4.2555,,,local_legacy_reproduction,validation-selected legacy run; test loss logged during training,note/results.csv,Held-out test MSE/MAE from the local legacy log; MAPE was not persisted.
FilterNet,ETTm2,720,720,2026,ok,0.3663069009780884,0.3985232710838318,,0.605232931175,370350,,,49.2131,3.6134,,,local_legacy_reproduction,validation-selected legacy run; test loss logged during training,note/results.csv,Held-out test MSE/MAE from the local legacy log; MAPE was not persisted.
iTransformer,ETTm2,720,720,2026,ok,0.38059571385383606,0.40435343980789185,,0.616924398815,384592,,,79.0737,3.807,,,local_legacy_reproduction,validation-selected legacy run; test loss logged during training,note/results.csv,Held-out test MSE/MAE from the local legacy log; MAPE was not persisted.
PatchTST,ETTm2,720,720,2026,ok,0.35128718614578247,0.3804495334625244,,0.592694850784,8706256,,,199.4576,2.8494,,,local_legacy_reproduction,validation-selected legacy run; test loss logged during training,note/results.csv,Held-out test MSE/MAE from the local legacy log; MAPE was not persisted.
DLinear,ETTm2,720,720,2026,ok,0.4505883753299713,0.4552929401397705,,0.671258799071,1038240,,,42.9428,3.5981,,,local_legacy_reproduction,validation-selected legacy run; test loss logged during training,note/results.csv,Held-out test MSE/MAE from the local legacy log; MAPE was not persisted.
MixLinear,ETTm2,720,720,2026,ok,0.35205966234207153,0.37995073199272156,,0.593346157266,1733,,,93.3046,2.4815,,,local_legacy_reproduction,validation-selected legacy run; test loss logged during training,note/results.csv,Held-out test MSE/MAE from the local legacy log; MAPE was not persisted.
PhaseFormer,ETTm2,720,720,2026,ok,0.35522407669980327,0.38078972317426246,1.4289979117142393,0.5960067757163532,1950,,,195.9529252052307,3.69698166847229,0.0863383345465825,36.7734375,local_phaseformer_seed2026_strict,validation-selected checkpoint; one deferred held-out test; sample-weighted streaming metrics,PHASEFORMER_SEED2026_FULL_0722V1_RESULTS.csv,phase_p24_l1_d8_h1_r8; completion_0716v2_locked_profile
FreqCycle,ETTm2,720,720,2026,ok,0.35915100628029467,0.38405713169943806,1.4390224842605166,0.599292087617,414328,229160,185168,274.6777696609497,2.9878902435302734,0.08031567288760112,491.7333984375,local_completion_strict,validation-selected checkpoint; one deferred held-out test; sample-weighted streaming metrics,outputs/completion_0716v2/COMPLETION_MATRIX_0716V2_RESULTS.csv,0716v2 missing-cell completion; MAPE computed with the locked historical no-epsilon definition.
Ours (Compact + Echo),weather,720,96,2026,ok,0.14004642657973088,0.1912906309070807,10.158141991910316,0.374227773661618,5358,,,77.54682993888855,1.419534683227539,0.01768611164312622,107.7666015625,local_compact_echo_hpo_seed2026_replay,profile selected by seed-2025 test MSE; frozen replay at seed=2026; held-out test metrics; not an untouched confirmatory test,HPO_TESTONLY_0722V1_FINAL_RESULTS.csv,r2_t16; input=pcke; input_k=1; basis=64; recent=48; output_k=1; channel=independent; phase_gate=0; gate_cap=0.5; lr=0.003
TQNet,weather,720,96,2026,ok,0.1549634486436844,0.20761480927467346,,0.393653970695,3023216,,,71.9653,2.4149,,,local_legacy_reproduction,validation-selected legacy run; test loss logged during training,note/results.csv,Held-out test MSE/MAE from the local legacy log; MAPE was not persisted.
CycleNet,weather,720,96,2026,ok,0.16416355967521667,0.2196582853794098,,0.405171025217,72240,,,78.2772,1.6131,,,local_legacy_reproduction,validation-selected legacy run; test loss logged during training,note/results.csv,Held-out test MSE/MAE from the local legacy log; MAPE was not persisted.
FITS,weather,720,96,2026,ok,0.17357486486434937,0.22936281561851501,,0.4166231689,1120,,,165.4639,2.3564,,,local_legacy_reproduction,validation-selected legacy run; test loss logged during training,note/results.csv,Held-out test MSE/MAE from the local legacy log; MAPE was not persisted.
SparseTSF,weather,720,96,2026,ok,0.1802700012922287,0.2365075945854187,,0.42458214905,145,,,113.582,1.9589,,,local_legacy_reproduction,validation-selected legacy run; test loss logged during training,note/results.csv,Held-out test MSE/MAE from the local legacy log; MAPE was not persisted.
FreTS,weather,720,96,2026,ok,0.15549831092357635,0.21914157271385193,,0.394332741379,23684064,,,294.0459,5.3955,,,local_legacy_reproduction,validation-selected legacy run; test loss logged during training,note/results.csv,Held-out test MSE/MAE from the local legacy log; MAPE was not persisted.
FilterNet,weather,720,96,2026,ok,0.15866126120090485,0.21351312100887299,,0.398323061347,139274,,,41.8085,1.9316,,,local_legacy_reproduction,validation-selected legacy run; test loss logged during training,note/results.csv,Held-out test MSE/MAE from the local legacy log; MAPE was not persisted.
iTransformer,weather,720,96,2026,ok,0.18142440915107727,0.23175014555454254,,0.425939443056,5153376,,,93.0942,3.7705,,,local_legacy_reproduction,validation-selected legacy run; test loss logged during training,note/results.csv,Held-out test MSE/MAE from the local legacy log; MAPE was not persisted.
PatchTST,weather,720,96,2026,ok,0.1517416089773178,0.20334701240062714,,0.389540253347,1517152,,,729.919,4.5885,,,local_legacy_reproduction,validation-selected legacy run; test loss logged during training,note/results.csv,Held-out test MSE/MAE from the local legacy log; MAPE was not persisted.
DLinear,weather,720,96,2026,ok,0.17131155729293823,0.23299820721149445,,0.41389800349,138432,,,42.5962,3.3541,,,local_legacy_reproduction,validation-selected legacy run; test loss logged during training,note/results.csv,Held-out test MSE/MAE from the local legacy log; MAPE was not persisted.
MixLinear,weather,720,96,2026,ok,0.17508280277252197,0.23090596497058868,,0.418428969806,203,,,161.1296,2.2979,,,local_legacy_reproduction,validation-selected legacy run; test loss logged during training,note/results.csv,Held-out test MSE/MAE from the local legacy log; MAPE was not persisted.
PhaseFormer,weather,720,96,2026,ok,0.14770661322495673,0.1919446193285254,11.298407926638367,0.38432618076961234,5616,,,622.0823605060577,2.807739496231079,0.17079082152958977,40.45166015625,local_phaseformer_seed2026_strict,validation-selected checkpoint; one deferred held-out test; sample-weighted streaming metrics,PHASEFORMER_SEED2026_FULL_0722V1_RESULTS.csv,phase_p24_l3_d8_h1_r8; locked_0713v1_0716v1_reproduction_profile
FreqCycle,weather,720,96,2026,ok,0.1471955227980287,0.20204465905476846,,0.383660687063,244858,140186,104672,414.7797996997833,2.4050610065460205,,2066.25390625,local_strict_official_reproduction,validation-selected checkpoint; deferred held-out test; sample-weighted metrics,outputs/freqcycle_official/freqcycle_0716v1_results.csv,Official-port reproduction; registered count includes an upstream duplicate inactive MLP; MAPE was not persisted.
Ours (Compact + Echo),weather,720,192,2026,ok,0.1821707503677913,0.23220464215480216,12.043592871530032,0.426814655755623,6158,,,114.30098915100098,2.162227153778076,0.039492115480485104,116.46142578125,local_compact_echo_hpo_seed2026_replay,profile selected by seed-2025 test MSE; frozen replay at seed=2026; held-out test metrics; not an untouched confirmatory test,HPO_TESTONLY_0722V1_FINAL_RESULTS.csv,r2_t16; input=pcke; input_k=1; basis=64; recent=48; output_k=1; channel=independent; phase_gate=0; gate_cap=0.5; lr=0.003
TQNet,weather,720,192,2026,ok,0.20860981941223145,0.25618526339530945,,0.45673823949,3072464,,,63.9863,2.4525,,,local_legacy_reproduction,validation-selected legacy run; test loss logged during training,note/results.csv,Held-out test MSE/MAE from the local legacy log; MAPE was not persisted.
CycleNet,weather,720,192,2026,ok,0.20949116349220276,0.25799620151519775,,0.457702046633,141456,,,75.4902,1.7617,,,local_legacy_reproduction,validation-selected legacy run; test loss logged during training,note/results.csv,Held-out test MSE/MAE from the local legacy log; MAPE was not persisted.
FITS,weather,720,192,2026,ok,0.2152470201253891,0.2632787823677063,,0.46394721696,1248,,,183.752,2.4072,,,local_legacy_reproduction,validation-selected legacy run; test loss logged during training,note/results.csv,Held-out test MSE/MAE from the local legacy log; MAPE was not persisted.
SparseTSF,weather,720,192,2026,ok,0.2194487303495407,0.26734650135040283,,0.468453551966,265,,,129.0077,1.822,,,local_legacy_reproduction,validation-selected legacy run; test loss logged during training,note/results.csv,Held-out test MSE/MAE from the local legacy log; MAPE was not persisted.
FreTS,weather,720,192,2026,ok,0.20071247220039368,0.262688547372818,,0.448009455481,23708736,,,325.4381,5.381,,,local_legacy_reproduction,validation-selected legacy run; test loss logged during training,note/results.csv,Held-out test MSE/MAE from the local legacy log; MAPE was not persisted.
FilterNet,weather,720,192,2026,ok,0.19939637184143066,0.24975721538066864,,0.446538208714,151658,,,45.2874,2.0534,,,local_legacy_reproduction,validation-selected legacy run; test loss logged during training,note/results.csv,Held-out test MSE/MAE from the local legacy log; MAPE was not persisted.
iTransformer,weather,720,192,2026,ok,0.232009619474411,0.2711865305900574,,0.481673768722,5202624,,,96.4415,3.9422,,,local_legacy_reproduction,validation-selected legacy run; test loss logged during training,note/results.csv,Held-out test MSE/MAE from the local legacy log; MAPE was not persisted.
PatchTST,weather,720,192,2026,ok,0.19503802061080933,0.24352572858333588,,0.441631091083,2623168,,,806.9522,4.6951,,,local_legacy_reproduction,validation-selected legacy run; test loss logged during training,note/results.csv,Held-out test MSE/MAE from the local legacy log; MAPE was not persisted.
DLinear,weather,720,192,2026,ok,0.21318824589252472,0.26852819323539734,,0.461723126876,276864,,,45.271,3.345,,,local_legacy_reproduction,validation-selected legacy run; test loss logged during training,note/results.csv,Held-out test MSE/MAE from the local legacy log; MAPE was not persisted.
MixLinear,weather,720,192,2026,ok,0.21804451942443848,0.26796767115592957,,0.466952373829,307,,,172.2429,2.6282,,,local_legacy_reproduction,validation-selected legacy run; test loss logged during training,note/results.csv,Held-out test MSE/MAE from the local legacy log; MAPE was not persisted.
PhaseFormer,weather,720,192,2026,ok,0.19423296628738462,0.23888019506888716,12.458178418595658,0.44071869291803883,3702,,,219.88375616073608,1.9943373203277588,0.10182944442530548,41.083984375,local_phaseformer_seed2026_strict,validation-selected checkpoint; one deferred held-out test; sample-weighted streaming metrics,PHASEFORMER_SEED2026_FULL_0722V1_RESULTS.csv,phase_p24_l2_d8_h1_r8; locked_0713v1_0716v1_reproduction_profile
FreqCycle,weather,720,192,2026,ok,0.1911690479094778,0.24393977980156745,,0.437228827857,269626,152570,117056,412.51836585998535,2.534628391265869,,2070.5673828125,local_strict_official_reproduction,validation-selected checkpoint; deferred held-out test; sample-weighted metrics,outputs/freqcycle_official/freqcycle_0716v1_results.csv,Official-port reproduction; registered count includes an upstream duplicate inactive MLP; MAPE was not persisted.
Ours (Compact + Echo),weather,720,336,2026,ok,0.23337291480809158,0.2727260091551961,12.56560294363896,0.483086860521057,6174,,,120.12226867675781,1.5237295627593994,0.018240794102175387,140.73583984375,local_compact_echo_hpo_seed2026_replay,profile selected by seed-2025 test MSE; frozen replay at seed=2026; held-out test metrics; not an untouched confirmatory test,HPO_TESTONLY_0722V1_FINAL_RESULTS.csv,r2_t16; input=pcke; input_k=1; basis=64; recent=48; output_k=1; channel=independent; phase_gate=0; gate_cap=0.5; lr=0.003
TQNet,weather,720,336,2026,ok,0.26260775327682495,0.29763278365135193,,0.51245268394,3146336,,,76.752,2.5948,,,local_legacy_reproduction,validation-selected legacy run; test loss logged during training,note/results.csv,Held-out test MSE/MAE from the local legacy log; MAPE was not persisted.
CycleNet,weather,720,336,2026,ok,0.2557961046695709,0.29278653860092163,,0.505762893725,245280,,,74.2924,1.8367,,,local_legacy_reproduction,validation-selected legacy run; test loss logged during training,note/results.csv,Held-out test MSE/MAE from the local legacy log; MAPE was not persisted.
FITS,weather,720,336,2026,ok,0.25971662998199463,0.2964123785495758,,0.509624008443,1440,,,205.6572,2.744,,,local_legacy_reproduction,validation-selected legacy run; test loss logged during training,note/results.csv,Held-out test MSE/MAE from the local legacy log; MAPE was not persisted.
SparseTSF,weather,720,336,2026,ok,0.2655036151409149,0.3023287355899811,,0.515270429135,445,,,123.6896,2.3074,,,local_legacy_reproduction,validation-selected legacy run; test loss logged during training,note/results.csv,Held-out test MSE/MAE from the local legacy log; MAPE was not persisted.
FreTS,weather,720,336,2026,ok,0.24665631353855133,0.29744794964790344,,0.496645057902,23745744,,,360.7133,5.5903,,,local_legacy_reproduction,validation-selected legacy run; test loss logged during training,note/results.csv,Held-out test MSE/MAE from the local legacy log; MAPE was not persisted.
FilterNet,weather,720,336,2026,ok,0.2690029740333557,0.3035426735877991,,0.518654966267,170234,,,56.9955,2.2201,,,local_legacy_reproduction,validation-selected legacy run; test loss logged during training,note/results.csv,Held-out test MSE/MAE from the local legacy log; MAPE was not persisted.
iTransformer,weather,720,336,2026,ok,0.29379788041114807,0.31381893157958984,,0.542031254091,5276496,,,116.9553,3.8655,,,local_legacy_reproduction,validation-selected legacy run; test loss logged during training,note/results.csv,Held-out test MSE/MAE from the local legacy log; MAPE was not persisted.
PatchTST,weather,720,336,2026,ok,0.2447805404663086,0.2843873202800751,,0.494753009558,4282192,,,1118.2862,4.8448,,,local_legacy_reproduction,validation-selected legacy run; test loss logged during training,note/results.csv,Held-out test MSE/MAE from the local legacy log; MAPE was not persisted.
DLinear,weather,720,336,2026,ok,0.2571867108345032,0.29969510436058044,,0.507135791317,484512,,,49.418,3.5748,,,local_legacy_reproduction,validation-selected legacy run; test loss logged during training,note/results.csv,Held-out test MSE/MAE from the local legacy log; MAPE was not persisted.
MixLinear,weather,720,336,2026,ok,0.2649969160556793,0.30421435832977295,,0.514778511649,463,,,90.6309,2.6953,,,local_legacy_reproduction,validation-selected legacy run; test loss logged during training,note/results.csv,Held-out test MSE/MAE from the local legacy log; MAPE was not persisted.
PhaseFormer,weather,720,336,2026,ok,0.24393522620636165,0.2798689333543606,12.670410893014981,0.49389799170108156,3756,,,286.85666131973267,2.099443197250366,0.10472552600693284,42.0595703125,local_phaseformer_seed2026_strict,validation-selected checkpoint; one deferred held-out test; sample-weighted streaming metrics,PHASEFORMER_SEED2026_FULL_0722V1_RESULTS.csv,phase_p24_l2_d8_h1_r8; locked_0713v1_0716v1_reproduction_profile
FreqCycle,weather,720,336,2026,ok,0.2440889127416601,0.28359402516673493,,0.494053552504,306778,171146,135632,408.4415354728699,2.55143141746521,,2078.40478515625,local_strict_official_reproduction,validation-selected checkpoint; deferred held-out test; sample-weighted metrics,outputs/freqcycle_official/freqcycle_0716v1_results.csv,Official-port reproduction; registered count includes an upstream duplicate inactive MLP; MAPE was not persisted.
Ours (Compact + Echo),weather,720,720,2026,ok,0.3063659334331389,0.3255925475505028,14.302297434889072,0.553503327391208,6206,,,148.6669523715973,2.2325761318206787,0.03864254856760976,206.24951171875,local_compact_echo_hpo_seed2026_replay,profile selected by seed-2025 test MSE; frozen replay at seed=2026; held-out test metrics; not an untouched confirmatory test,HPO_TESTONLY_0722V1_FINAL_RESULTS.csv,r2_t16; input=pcke; input_k=1; basis=64; recent=48; output_k=1; channel=independent; phase_gate=0; gate_cap=0.5; lr=0.003
TQNet,weather,720,720,2026,ok,0.32713600993156433,0.34377822279930115,,0.571958049101,3343328,,,74.7035,3.476,,,local_legacy_reproduction,validation-selected legacy run; test loss logged during training,note/results.csv,Held-out test MSE/MAE from the local legacy log; MAPE was not persisted.
CycleNet,weather,720,720,2026,ok,0.320957750082016,0.3391593396663666,,0.566531331951,522144,,,107.2394,2.6142,,,local_legacy_reproduction,validation-selected legacy run; test loss logged during training,note/results.csv,Held-out test MSE/MAE from the local legacy log; MAPE was not persisted.
FITS,weather,720,720,2026,ok,0.32156896591186523,0.3402409851551056,,0.567070512293,1984,,,269.2828,3.6174,,,local_legacy_reproduction,validation-selected legacy run; test loss logged during training,note/results.csv,Held-out test MSE/MAE from the local legacy log; MAPE was not persisted.
SparseTSF,weather,720,720,2026,ok,0.32388249039649963,0.34231430292129517,,0.569106747804,925,,,160.5136,2.8034,,,local_legacy_reproduction,validation-selected legacy run; test loss logged during training,note/results.csv,Held-out test MSE/MAE from the local legacy log; MAPE was not persisted.
FreTS,weather,720,720,2026,ok,0.314802885055542,0.3491857945919037,,0.561072976586,23844432,,,308.7443,6.5052,,,local_legacy_reproduction,validation-selected legacy run; test loss logged during training,note/results.csv,Held-out test MSE/MAE from the local legacy log; MAPE was not persisted.
FilterNet,weather,720,720,2026,ok,0.34460127353668213,0.35278257727622986,,0.587027489592,219770,,,71.8493,2.9816,,,local_legacy_reproduction,validation-selected legacy run; test loss logged during training,note/results.csv,Held-out test MSE/MAE from the local legacy log; MAPE was not persisted.
iTransformer,weather,720,720,2026,ok,0.35792896151542664,0.35898298025131226,,0.598271645254,5473488,,,112.6274,4.9813,,,local_legacy_reproduction,validation-selected legacy run; test loss logged during training,note/results.csv,Held-out test MSE/MAE from the local legacy log; MAPE was not persisted.
PatchTST,weather,720,720,2026,ok,0.30982255935668945,0.33105552196502686,,0.556617067073,8706256,,,1058.1066,5.214,,,local_legacy_reproduction,validation-selected legacy run; test loss logged during training,note/results.csv,Held-out test MSE/MAE from the local legacy log; MAPE was not persisted.
DLinear,weather,720,720,2026,ok,0.3176976442337036,0.35638299584388733,,0.563646737091,1038240,,,58.8387,4.554,,,local_legacy_reproduction,validation-selected legacy run; test loss logged during training,note/results.csv,Held-out test MSE/MAE from the local legacy log; MAPE was not persisted.
MixLinear,weather,720,720,2026,ok,0.3257553279399872,0.3463296890258789,,0.570749794516,767,,,219.8563,3.3288,,,local_legacy_reproduction,validation-selected legacy run; test loss logged during training,note/results.csv,Held-out test MSE/MAE from the local legacy log; MAPE was not persisted.
PhaseFormer,weather,720,720,2026,ok,0.3140812773179363,0.3306505031931593,14.858612315160794,0.5604295471492704,3900,,,273.6997916698456,2.3513875007629395,0.12087055355181933,44.81005859375,local_phaseformer_seed2026_strict,validation-selected checkpoint; one deferred held-out test; sample-weighted streaming metrics,PHASEFORMER_SEED2026_FULL_0722V1_RESULTS.csv,phase_p24_l2_d8_h1_r8; locked_0713v1_0716v1_reproduction_profile
FreqCycle,weather,720,720,2026,ok,0.31687949421136946,0.3346547821388621,,0.562920504344,405850,220682,185168,413.3915960788727,6.498305797576904,,2094.291015625,local_strict_official_reproduction,validation-selected checkpoint; deferred held-out test; sample-weighted metrics,outputs/freqcycle_official/freqcycle_0716v1_results.csv,Official-port reproduction; registered count includes an upstream duplicate inactive MLP; MAPE was not persisted.
Ours (Compact + Echo),electricity,720,96,2026,ok,0.1276768792066806,0.22314843809877627,2.183697968722385,0.357319016016053,30178,,,495.74087929725647,4.884642124176025,0.10726608035410687,296.8046875,local_compact_echo_hpo_seed2026_replay,profile selected by seed-2025 test MSE; frozen replay at seed=2026; held-out test metrics; not an untouched confirmatory test,HPO_TESTONLY_0722V1_FINAL_RESULTS.csv,r16_t64; input=pcke; input_k=1; basis=64; recent=48; output_k=0; channel=cycle_shared; phase_gate=1; gate_cap=0.5; lr=0.005
TQNet,electricity,720,96,2026,ok,0.14467470347881317,0.2483416646718979,,0.380361280205,3074120,,,146.2729,6.1143,,,local_legacy_reproduction,validation-selected legacy run; test loss logged during training,note/results.csv,Held-out test MSE/MAE from the local legacy log; MAPE was not persisted.
CycleNet,electricity,720,96,2026,ok,0.12850621342658997,0.22351469099521637,,0.358477633091,123144,,,607.8554,6.1205,,,local_legacy_reproduction,validation-selected legacy run; test loss logged during training,note/results.csv,Held-out test MSE/MAE from the local legacy log; MAPE was not persisted.
FITS,electricity,720,96,2026,ok,0.1417919546365738,0.2435220330953598,,0.376552724909,37310,,,654.4165,6.0757,,,local_legacy_reproduction,validation-selected legacy run; test loss logged during training,note/results.csv,Held-out test MSE/MAE from the local legacy log; MAPE was not persisted.
SparseTSF,electricity,720,96,2026,ok,0.13845622539520264,0.232941135764122,,0.372097064481,145,,,1428.7957,6.1452,,,local_legacy_reproduction,validation-selected legacy run; test loss logged during training,note/results.csv,Held-out test MSE/MAE from the local legacy log; MAPE was not persisted.
FreTS,electricity,720,96,2026,ok,0.1308007538318634,0.22858230769634247,,0.361663868574,23684064,,,5476.6945,21.8035,,,local_legacy_reproduction,validation-selected legacy run; test loss logged during training,note/results.csv,Held-out test MSE/MAE from the local legacy log; MAPE was not persisted.
FilterNet,electricity,720,96,2026,ok,0.14399871230125427,0.2403172254562378,,0.379471622524,950498,,,634.446,13.9944,,,local_legacy_reproduction,validation-selected legacy run; test loss logged during training,note/results.csv,Held-out test MSE/MAE from the local legacy log; MAPE was not persisted.
iTransformer,electricity,720,96,2026,ok,0.13282805681228638,0.22597725689411163,,0.364455836573,5153376,,,682.2558,7.8449,,,local_legacy_reproduction,validation-selected legacy run; test loss logged during training,note/results.csv,Held-out test MSE/MAE from the local legacy log; MAPE was not persisted.
PatchTST,electricity,720,96,2026,ok,0.12943749129772186,0.2245134562253952,,0.35977422267,1517152,,,14226.0309,26.2653,,,local_legacy_reproduction,validation-selected legacy run; test loss logged during training,note/results.csv,Held-out test MSE/MAE from the local legacy log; MAPE was not persisted.
DLinear,electricity,720,96,2026,ok,0.13266582787036896,0.22931772470474243,,0.364233205337,138432,,,695.1644,7.2567,,,local_legacy_reproduction,validation-selected legacy run; test loss logged during training,note/results.csv,Held-out test MSE/MAE from the local legacy log; MAPE was not persisted.
MixLinear,electricity,720,96,2026,ok,0.14968761801719666,0.24483129382133484,,0.386894841032,67,,,1928.6596,5.9012,,,local_legacy_reproduction,validation-selected legacy run; test loss logged during training,note/results.csv,Held-out test MSE/MAE from the local legacy log; MAPE was not persisted.
PhaseFormer,electricity,720,96,2026,ok,0.1295508252879051,0.2215672930333046,2.2131108088205322,0.35993169530885316,3666,,,635.2609875202179,2.893965244293213,0.17817974602104872,154.9326171875,local_phaseformer_seed2026_strict,validation-selected checkpoint; one deferred held-out test; sample-weighted streaming metrics,PHASEFORMER_SEED2026_FULL_0722V1_RESULTS.csv,phase_p24_l2_d8_h1_r8; locked_0713v1_0716v1_reproduction_profile
FreqCycle,electricity,720,96,2026,ok,0.12927038924104073,0.2253312169954945,,0.359541915833,306592,201920,104672,7869.110192537308,8.861724138259888,,20642.837890625,local_strict_official_reproduction,validation-selected checkpoint; deferred held-out test; sample-weighted metrics,outputs/freqcycle_official/freqcycle_0716v1_results.csv,Official-port reproduction; registered count includes an upstream duplicate inactive MLP; MAPE was not persisted.
Ours (Compact + Echo),electricity,720,192,2026,ok,0.14328154266194226,0.2374928233268883,2.3778466571376597,0.378525484824922,36322,,,563.9252648353577,5.272782325744629,0.09999412768792333,337.4462890625,local_compact_echo_hpo_seed2026_replay,profile selected by seed-2025 test MSE; frozen replay at seed=2026; held-out test metrics; not an untouched confirmatory test,HPO_TESTONLY_0722V1_FINAL_RESULTS.csv,r16_t64; input=pcke; input_k=1; basis=64; recent=48; output_k=0; channel=cycle_shared; phase_gate=1; gate_cap=0.5; lr=0.005
TQNet,electricity,720,192,2026,ok,0.16448409855365753,0.26711681485176086,,0.405566392288,3123368,,,161.8721,7.0584,,,local_legacy_reproduction,validation-selected legacy run; test loss logged during training,note/results.csv,Held-out test MSE/MAE from the local legacy log; MAPE was not persisted.
CycleNet,electricity,720,192,2026,ok,0.14343416690826416,0.23733901977539062,,0.378727034826,192360,,,719.3115,6.9592,,,local_legacy_reproduction,validation-selected legacy run; test loss logged during training,note/results.csv,Held-out test MSE/MAE from the local legacy log; MAPE was not persisted.
FITS,electricity,720,192,2026,ok,0.15625900030136108,0.25583693385124207,,0.395296091938,41678,,,759.3952,7.0366,,,local_legacy_reproduction,validation-selected legacy run; test loss logged during training,note/results.csv,Held-out test MSE/MAE from the local legacy log; MAPE was not persisted.
SparseTSF,electricity,720,192,2026,ok,0.15109550952911377,0.24496491253376007,,0.388710058436,265,,,1010.2266,6.7802,,,local_legacy_reproduction,validation-selected legacy run; test loss logged during training,note/results.csv,Held-out test MSE/MAE from the local legacy log; MAPE was not persisted.
FreTS,electricity,720,192,2026,ok,0.14679290354251862,0.24324969947338104,,0.3831356203,23708736,,,5519.2953,22.1125,,,local_legacy_reproduction,validation-selected legacy run; test loss logged during training,note/results.csv,Held-out test MSE/MAE from the local legacy log; MAPE was not persisted.
FilterNet,electricity,720,192,2026,ok,0.17773137986660004,0.2707023620605469,,0.421581996611,999746,,,589.2153,14.4385,,,local_legacy_reproduction,validation-selected legacy run; test loss logged during training,note/results.csv,Held-out test MSE/MAE from the local legacy log; MAPE was not persisted.
iTransformer,electricity,720,192,2026,ok,0.15493518114089966,0.2506368160247803,,0.393618065059,5202624,,,390.1227,8.6356,,,local_legacy_reproduction,validation-selected legacy run; test loss logged during training,note/results.csv,Held-out test MSE/MAE from the local legacy log; MAPE was not persisted.
PatchTST,electricity,720,192,2026,ok,0.1477529202861975,0.24192687479228522,2.4372759612180137,0.384386420528,2623171,,,6412.909605979919,26.00776481628418,3.9869428983975688,4892.7998046875,local_completion_strict,validation-selected checkpoint; one deferred held-out test; sample-weighted streaming metrics,outputs/completion_0716v2/COMPLETION_MATRIX_0716V2_RESULTS.csv,0716v2 missing-cell completion; MAPE computed with the locked historical no-epsilon definition.
DLinear,electricity,720,192,2026,ok,0.14708736538887024,0.24335002899169922,,0.38351970665,276864,,,796.0102,8.0496,,,local_legacy_reproduction,validation-selected legacy run; test loss logged during training,note/results.csv,Held-out test MSE/MAE from the local legacy log; MAPE was not persisted.
MixLinear,electricity,720,192,2026,ok,0.16276034712791443,0.25682908296585083,,0.403435679047,87,,,1868.502,6.6848,,,local_legacy_reproduction,validation-selected legacy run; test loss logged during training,note/results.csv,Held-out test MSE/MAE from the local legacy log; MAPE was not persisted.
PhaseFormer,electricity,720,192,2026,ok,0.14507811945036367,0.23447125604167182,2.4474510237202853,0.3808912173447475,273160,,,533.4228136539459,3.6223363876342773,0.2759946731072504,828.255859375,local_phaseformer_seed2026_strict,validation-selected checkpoint; one deferred held-out test; sample-weighted streaming metrics,PHASEFORMER_SEED2026_FULL_0722V1_RESULTS.csv,phase_p24_l1_d128_h4_r4; locked_0713v1_0716v1_reproduction_profile
FreqCycle,electricity,720,192,2026,ok,0.14684333855435916,0.24185368723943326,,0.383201433393,331360,214304,117056,7804.468821763992,8.283982753753662,,20675.0732421875,local_strict_official_reproduction,validation-selected checkpoint; deferred held-out test; sample-weighted metrics,outputs/freqcycle_official/freqcycle_0716v1_results.csv,Official-port reproduction; registered count includes an upstream duplicate inactive MLP; MAPE was not persisted.
Ours (Compact + Echo),electricity,720,336,2026,ok,0.1593535549440812,0.25427252704411135,2.327211092004358,0.39919112583333,45538,,,610.6219215393066,5.235435962677002,0.10001414722578629,415.57275390625,local_compact_echo_hpo_seed2026_replay,profile selected by seed-2025 test MSE; frozen replay at seed=2026; held-out test metrics; not an untouched confirmatory test,HPO_TESTONLY_0722V1_FINAL_RESULTS.csv,r16_t64; input=pcke; input_k=1; basis=64; recent=48; output_k=0; channel=cycle_shared; phase_gate=1; gate_cap=0.5; lr=0.005
TQNet,electricity,720,336,2026,ok,0.16995851695537567,0.26740190386772156,,0.412260253912,3197240,,,951.5371,8.6307,,,local_legacy_reproduction,validation-selected legacy run; test loss logged during training,note/results.csv,Held-out test MSE/MAE from the local legacy log; MAPE was not persisted.
CycleNet,electricity,720,336,2026,ok,0.15949472784996033,0.25424695014953613,,0.399367910391,296184,,,826.0607,8.6424,,,local_legacy_reproduction,validation-selected legacy run; test loss logged during training,note/results.csv,Held-out test MSE/MAE from the local legacy log; MAPE was not persisted.
FITS,electricity,720,336,2026,ok,0.1719021499156952,0.2712532579898834,,0.414610841532,48230,,,922.482,9.0188,,,local_legacy_reproduction,validation-selected legacy run; test loss logged during training,note/results.csv,Held-out test MSE/MAE from the local legacy log; MAPE was not persisted.
SparseTSF,electricity,720,336,2026,ok,0.16615964472293854,0.2602103054523468,,0.407626844949,445,,,941.5456,8.4088,,,local_legacy_reproduction,validation-selected legacy run; test loss logged during training,note/results.csv,Held-out test MSE/MAE from the local legacy log; MAPE was not persisted.
FreTS,electricity,720,336,2026,ok,0.16752952756658823,0.2641076453141484,2.250508886281541,0.409303710668,23745744,,,4787.111626148224,29.843562364578247,3.4189422659311197,921.251953125,local_completion_strict,validation-selected checkpoint; one deferred held-out test; sample-weighted streaming metrics,outputs/completion_0716v2/COMPLETION_MATRIX_0716V2_RESULTS.csv,0716v2 missing-cell completion; MAPE computed with the locked historical no-epsilon definition.
FilterNet,electricity,720,336,2026,ok,0.18075284361839294,0.2803776264190674,,0.425150377653,1073618,,,553.2652,16.1284,,,local_legacy_reproduction,validation-selected legacy run; test loss logged during training,note/results.csv,Held-out test MSE/MAE from the local legacy log; MAPE was not persisted.
iTransformer,electricity,720,336,2026,ok,0.16701781749725342,0.2634674906730652,,0.408678134352,5276496,,,627.7835,10.3084,,,local_legacy_reproduction,validation-selected legacy run; test loss logged during training,note/results.csv,Held-out test MSE/MAE from the local legacy log; MAPE was not persisted.
PatchTST,electricity,720,336,2026,ok,0.17117235886166063,0.26895248218978174,2.386073412514553,0.413729813842,4282195,,,3216.7909531593323,25.65548038482666,4.019883339893697,4905.71142578125,local_completion_strict,validation-selected checkpoint; one deferred held-out test; sample-weighted streaming metrics,outputs/completion_0716v2/COMPLETION_MATRIX_0716V2_RESULTS.csv,0716v2 missing-cell completion; MAPE computed with the locked historical no-epsilon definition.
DLinear,electricity,720,336,2026,ok,0.1623198390007019,0.26039621233940125,,0.402889363226,484512,,,738.1087,9.6013,,,local_legacy_reproduction,validation-selected legacy run; test loss logged during training,note/results.csv,Held-out test MSE/MAE from the local legacy log; MAPE was not persisted.
MixLinear,electricity,720,336,2026,ok,0.1780269891023636,0.27206236124038696,,0.421932446136,111,,,1485.0734,8.2369,,,local_legacy_reproduction,validation-selected legacy run; test loss logged during training,note/results.csv,Held-out test MSE/MAE from the local legacy log; MAPE was not persisted.
PhaseFormer,electricity,720,336,2026,ok,0.16677378918432337,0.25915032646171965,2.4579639926866625,0.4083794671433952,3756,,,541.0984275341034,3.6621527671813965,0.19457810107490928,179.4716796875,local_phaseformer_seed2026_strict,validation-selected checkpoint; one deferred held-out test; sample-weighted streaming metrics,PHASEFORMER_SEED2026_FULL_0722V1_RESULTS.csv,phase_p24_l2_d8_h1_r8; locked_0713v1_0716v1_reproduction_profile
FreqCycle,electricity,720,336,2026,ok,0.1628172531162216,0.2592874377356357,,0.403506199601,368512,232880,135632,7820.048203468323,9.131070375442505,,20718.66064453125,local_strict_official_reproduction,validation-selected checkpoint; deferred held-out test; sample-weighted metrics,outputs/freqcycle_official/freqcycle_0716v1_results.csv,Official-port reproduction; registered count includes an upstream duplicate inactive MLP; MAPE was not persisted.
Ours (Compact + Echo),electricity,720,720,2026,ok,0.19565213429015163,0.28668647732160546,2.5141827130061998,0.442325823675435,70114,,,660.074568271637,6.5796966552734375,0.11672616317632172,658.41259765625,local_compact_echo_hpo_seed2026_replay,profile selected by seed-2025 test MSE; frozen replay at seed=2026; held-out test metrics; not an untouched confirmatory test,HPO_TESTONLY_0722V1_FINAL_RESULTS.csv,r16_t64; input=pcke; input_k=1; basis=64; recent=48; output_k=0; channel=cycle_shared; phase_gate=1; gate_cap=0.5; lr=0.005
TQNet,electricity,720,720,2026,ok,0.22622038424015045,0.3212098777294159,,0.475626307347,3394232,,,243.5633,12.6744,,,local_legacy_reproduction,validation-selected legacy run; test loss logged during training,note/results.csv,Held-out test MSE/MAE from the local legacy log; MAPE was not persisted.
CycleNet,electricity,720,720,2026,ok,0.19765573740005493,0.28780966997146606,,0.444584904602,573048,,,879.8529,11.2352,,,local_legacy_reproduction,validation-selected legacy run; test loss logged during training,note/results.csv,Held-out test MSE/MAE from the local legacy log; MAPE was not persisted.
FITS,electricity,720,720,2026,ok,0.210378497838974,0.3027832508087158,,0.458670358579,65884,,,1361.8607,13.6397,,,local_legacy_reproduction,validation-selected legacy run; test loss logged during training,note/results.csv,Held-out test MSE/MAE from the local legacy log; MAPE was not persisted.
SparseTSF,electricity,720,720,2026,ok,0.2052305042743683,0.2943643033504486,,0.45302373478,925,,,1525.082,11.8026,,,local_legacy_reproduction,validation-selected legacy run; test loss logged during training,note/results.csv,Held-out test MSE/MAE from the local legacy log; MAPE was not persisted.
FreTS,electricity,720,720,2026,ok,0.19934892654418945,0.2982920706272125,,0.446485079867,23844432,,,5592.7711,27.0206,,,local_legacy_reproduction,validation-selected legacy run; test loss logged during training,note/results.csv,Held-out test MSE/MAE from the local legacy log; MAPE was not persisted.
FilterNet,electricity,720,720,2026,ok,0.20664073526859283,0.302337110042572,,0.454577534936,1270610,,,651.6808,20.8149,,,local_legacy_reproduction,validation-selected legacy run; test loss logged during training,note/results.csv,Held-out test MSE/MAE from the local legacy log; MAPE was not persisted.
iTransformer,electricity,720,720,2026,ok,0.18633435666561127,0.279984712600708,,0.431664634486,5473488,,,895.6228,15.2271,,,local_legacy_reproduction,validation-selected legacy run; test loss logged during training,note/results.csv,Held-out test MSE/MAE from the local legacy log; MAPE was not persisted.
PatchTST,electricity,720,720,2026,ok,0.19847363233566284,0.291259765625,,0.445503796096,8706256,,,11879.6657,32.1213,,,local_legacy_reproduction,validation-selected legacy run; test loss logged during training,note/results.csv,Held-out test MSE/MAE from the local legacy log; MAPE was not persisted.
DLinear,electricity,720,720,2026,ok,0.1963992714881897,0.29348278045654297,,0.443169574191,1038240,,,968.3016,14.1771,,,local_legacy_reproduction,validation-selected legacy run; test loss logged during training,note/results.csv,Held-out test MSE/MAE from the local legacy log; MAPE was not persisted.
MixLinear,electricity,720,720,2026,ok,0.21711865067481995,0.3046438992023468,,0.465959923893,167,,,2312.361,11.2346,,,local_legacy_reproduction,validation-selected legacy run; test loss logged during training,note/results.csv,Held-out test MSE/MAE from the local legacy log; MAPE was not persisted.
PhaseFormer,electricity,720,720,2026,ok,0.19833727028038967,0.2842105251104907,2.923275744066816,0.44535072727052966,275998,,,556.8152918815613,5.069611549377441,0.31970073085973943,878.75390625,local_phaseformer_seed2026_strict,validation-selected checkpoint; one deferred held-out test; sample-weighted streaming metrics,PHASEFORMER_SEED2026_FULL_0722V1_RESULTS.csv,phase_p24_l1_d128_h4_r4; locked_0713v1_0716v1_reproduction_profile
FreqCycle,electricity,720,720,2026,ok,0.1985804229374034,0.2920381553182481,,0.445623633729,467584,282416,185168,7738.20201086998,9.635351419448853,,20839.9765625,local_strict_official_reproduction,validation-selected checkpoint; deferred held-out test; sample-weighted metrics,outputs/freqcycle_official/freqcycle_0716v1_results.csv,Official-port reproduction; registered count includes an upstream duplicate inactive MLP; MAPE was not persisted.
Ours (Compact + Echo),traffic,720,96,2026,ok,0.3785703282625333,0.2647691294382976,3.071517099443984,0.615280690630328,23514,,,748.9741759300232,7.075258493423462,0.14869669380884562,742.73828125,local_compact_echo_hpo_seed2026_replay,profile selected by seed-2025 test MSE; frozen replay at seed=2026; held-out test metrics; not an untouched confirmatory test,HPO_TESTONLY_0722V1_FINAL_RESULTS.csv,r8_t32; input=pcke; input_k=1; basis=64; recent=192; output_k=1; channel=cycle_shared; phase_gate=1; gate_cap=0.25; lr=0.005
TQNet,traffic,720,96,2026,ok,0.4005686640739441,0.29737457633018494,,0.632904940788,3165008,,,269.5086,11.0113,,,local_legacy_reproduction,validation-selected legacy run; test loss logged during training,note/results.csv,Held-out test MSE/MAE from the local legacy log; MAPE was not persisted.
CycleNet,traffic,720,96,2026,ok,0.38230055570602417,0.2670319080352783,,0.618304581663,214032,,,822.274,9.0682,,,local_legacy_reproduction,validation-selected legacy run; test loss logged during training,note/results.csv,Held-out test MSE/MAE from the local legacy log; MAPE was not persisted.
FITS,traffic,720,96,2026,ok,0.39359763264656067,0.27951163053512573,,0.62737359894,37310,,,1111.7551,10.0936,,,local_legacy_reproduction,validation-selected legacy run; test loss logged during training,note/results.csv,Held-out test MSE/MAE from the local legacy log; MAPE was not persisted.
SparseTSF,traffic,720,96,2026,ok,0.3893495500087738,0.26749545335769653,,0.623978805737,145,,,752.0784,9.7043,,,local_legacy_reproduction,validation-selected legacy run; test loss logged during training,note/results.csv,Held-out test MSE/MAE from the local legacy log; MAPE was not persisted.
FreTS,traffic,720,96,2026,ok,0.4316761123883106,0.33563776035383736,3.7843704491133714,0.657020633153,23684064,,,1843.8976593017578,38.691593647003174,7.879530442586628,2254.31494140625,local_completion_strict,validation-selected checkpoint; one deferred held-out test; sample-weighted streaming metrics,outputs/completion_0716v2/COMPLETION_MATRIX_0716V2_RESULTS.csv,0716v2 missing-cell completion; MAPE computed with the locked historical no-epsilon definition.
FilterNet,traffic,720,96,2026,ok,0.3535124659538269,0.25975045561790466,,0.594569143123,476956,,,780.6995,10.1722,,,local_legacy_reproduction,validation-selected legacy run; test loss logged during training,note/results.csv,Held-out test MSE/MAE from the local legacy log; MAPE was not persisted.
iTransformer,traffic,720,96,2026,ok,0.3475149869918823,0.2503238916397095,,0.589504017791,6731360,,,1063.8996,12.4348,,,local_legacy_reproduction,validation-selected legacy run; test loss logged during training,note/results.csv,Held-out test MSE/MAE from the local legacy log; MAPE was not persisted.
PatchTST,traffic,720,96,2026,ok,0.3609218682395258,0.24901274929134723,2.614323987477308,0.600767732355,1517155,,,11554.696013212204,47.092451095581055,10.990787620298454,3291.24951171875,local_completion_strict,validation-selected checkpoint; one deferred held-out test; sample-weighted streaming metrics,outputs/completion_0716v2/COMPLETION_MATRIX_0716V2_RESULTS.csv,0716v2 missing-cell completion; MAPE computed with the locked historical no-epsilon definition.
DLinear,traffic,720,96,2026,ok,0.42375263571739197,0.32832929491996765,,0.650962852794,138432,,,226.7471,9.9208,,,local_legacy_reproduction,validation-selected legacy run; test loss logged during training,note/results.csv,Held-out test MSE/MAE from the local legacy log; MAPE was not persisted.
MixLinear,traffic,720,96,2026,ok,0.40646788477897644,0.2813977599143982,,0.63754833917,67,,,3382.9919,9.3707,,,local_legacy_reproduction,validation-selected legacy run; test loss logged during training,note/results.csv,Held-out test MSE/MAE from the local legacy log; MAPE was not persisted.
PhaseFormer,traffic,720,96,2026,ok,0.35876341035422427,0.2315320857737469,2.082880170501958,0.5989686221783443,37154,,,1168.9642660617828,9.128834009170532,0.6391635411007616,208.63427734375,local_phaseformer_seed2026_strict,validation-selected checkpoint; one deferred held-out test; sample-weighted streaming metrics,PHASEFORMER_SEED2026_FULL_0722V1_RESULTS.csv,phase_p24_l2_d32_h8_r1; completion_0716v2_locked_profile
FreqCycle,traffic,720,96,2026,ok,0.4007659190399519,0.26944406975185897,2.8709466163495367,0.63306075462,397480,292808,104672,14010.180530548096,14.190381526947021,2.0309177904321305,3495.1845703125,local_completion_strict,validation-selected checkpoint; one deferred held-out test; sample-weighted streaming metrics,outputs/completion_0716v2/COMPLETION_MATRIX_0716V2_RESULTS.csv,0716v2 missing-cell completion; MAPE computed with the locked historical no-epsilon definition.
Ours (Compact + Echo),traffic,720,192,2026,ok,0.39512177533053466,0.27151139295973414,3.095946707300679,0.628587126284443,25882,,,842.7308058738708,7.1447227001190186,0.1473802873327933,843.90771484375,local_compact_echo_hpo_seed2026_replay,profile selected by seed-2025 test MSE; frozen replay at seed=2026; held-out test metrics; not an untouched confirmatory test,HPO_TESTONLY_0722V1_FINAL_RESULTS.csv,r8_t32; input=pcke; input_k=1; basis=64; recent=192; output_k=1; channel=cycle_shared; phase_gate=1; gate_cap=0.25; lr=0.005
TQNet,traffic,720,192,2026,ok,0.4207238256931305,0.307436466217041,,0.648632273089,3214256,,,292.995,12.9132,,,local_legacy_reproduction,validation-selected legacy run; test loss logged during training,note/results.csv,Held-out test MSE/MAE from the local legacy log; MAPE was not persisted.
CycleNet,traffic,720,192,2026,ok,0.3943370282649994,0.27327027916908264,,0.627962601008,283248,,,1072.1829,11.2397,,,local_legacy_reproduction,validation-selected legacy run; test loss logged during training,note/results.csv,Held-out test MSE/MAE from the local legacy log; MAPE was not persisted.
FITS,traffic,720,192,2026,ok,0.4043581187725067,0.282828152179718,,0.63589159357,41678,,,1405.7303,12.0228,,,local_legacy_reproduction,validation-selected legacy run; test loss logged during training,note/results.csv,Held-out test MSE/MAE from the local legacy log; MAPE was not persisted.
SparseTSF,traffic,720,192,2026,ok,0.39941394329071045,0.27055492997169495,,0.631992043693,265,,,753.3304,11.1783,,,local_legacy_reproduction,validation-selected legacy run; test loss logged during training,note/results.csv,Held-out test MSE/MAE from the local legacy log; MAPE was not persisted.
FreTS,traffic,720,192,2026,ok,0.4843250639194845,0.3725319505329575,4.300273474707273,0.69593466929,23708736,,,1846.375182390213,38.52239203453064,7.9233876373624454,2255.98828125,local_completion_strict,validation-selected checkpoint; one deferred held-out test; sample-weighted streaming metrics,outputs/completion_0716v2/COMPLETION_MATRIX_0716V2_RESULTS.csv,0716v2 missing-cell completion; MAPE computed with the locked historical no-epsilon definition.
FilterNet,traffic,720,192,2026,ok,0.37141746282577515,0.2685295641422272,,0.609440286514,501628,,,891.5219,11.9399,,,local_legacy_reproduction,validation-selected legacy run; test loss logged during training,note/results.csv,Held-out test MSE/MAE from the local legacy log; MAPE was not persisted.
iTransformer,traffic,720,192,2026,ok,0.353252649307251,0.25689175724983215,,0.59435061143,6780608,,,1400.5403,13.7918,,,local_legacy_reproduction,validation-selected legacy run; test loss logged during training,note/results.csv,Held-out test MSE/MAE from the local legacy log; MAPE was not persisted.
PatchTST,traffic,720,192,2026,ok,0.38219149686592496,0.25839301257390795,2.6632669986265176,0.618216383531,2623171,,,11486.798503160477,46.0538215637207,10.983917467410679,3299.1435546875,local_completion_strict,validation-selected checkpoint; one deferred held-out test; sample-weighted streaming metrics,outputs/completion_0716v2/COMPLETION_MATRIX_0716V2_RESULTS.csv,0716v2 missing-cell completion; MAPE computed with the locked historical no-epsilon definition.
DLinear,traffic,720,192,2026,ok,0.4300711750984192,0.3262074589729309,,0.655798120688,276864,,,256.7734,11.854,,,local_legacy_reproduction,validation-selected legacy run; test loss logged during training,note/results.csv,Held-out test MSE/MAE from the local legacy log; MAPE was not persisted.
MixLinear,traffic,720,192,2026,ok,0.41904276609420776,0.28638288378715515,,0.647335126572,87,,,3531.905,10.8905,,,local_legacy_reproduction,validation-selected legacy run; test loss logged during training,note/results.csv,Held-out test MSE/MAE from the local legacy log; MAPE was not persisted.
PhaseFormer,traffic,720,192,2026,ok,0.3783568291931283,0.23962362026147044,2.1538137848973045,0.6151071688682618,273160,,,1091.7487559318542,9.412981271743774,0.7151326465626512,567.81982421875,local_phaseformer_seed2026_strict,validation-selected checkpoint; one deferred held-out test; sample-weighted streaming metrics,PHASEFORMER_SEED2026_FULL_0722V1_RESULTS.csv,phase_p24_l1_d128_h4_r4; completion_0716v2_locked_profile
FreqCycle,traffic,720,192,2026,ok,0.42629155964786886,0.2754195329277771,2.82340038869589,0.652910070108,422248,305192,117056,13950.757462263107,14.416009902954102,2.0797523050233475,3502.02978515625,local_completion_strict,validation-selected checkpoint; one deferred held-out test; sample-weighted streaming metrics,outputs/completion_0716v2/COMPLETION_MATRIX_0716V2_RESULTS.csv,0716v2 missing-cell completion; MAPE computed with the locked historical no-epsilon definition.
Ours (Compact + Echo),traffic,720,336,2026,ok,0.4080926935387765,0.2780751671446931,3.187999744938227,0.638821331468179,25882,,,943.1974160671234,7.8935160636901855,0.16561345297018734,1056.603515625,local_compact_echo_hpo_seed2026_replay,profile selected by seed-2025 test MSE; frozen replay at seed=2026; held-out test metrics; not an untouched confirmatory test,HPO_TESTONLY_0722V1_FINAL_RESULTS.csv,r8_t32; input=pcke; input_k=1; basis=64; recent=192; output_k=1; channel=cycle_shared; phase_gate=1; gate_cap=0.25; lr=0.005
TQNet,traffic,720,336,2026,ok,0.40920355916023254,0.2872856557369232,,0.639690205615,3288128,,,1689.4431,15.4762,,,local_legacy_reproduction,validation-selected legacy run; test loss logged during training,note/results.csv,Held-out test MSE/MAE from the local legacy log; MAPE was not persisted.
CycleNet,traffic,720,336,2026,ok,0.406368613243103,0.27889689803123474,,0.637470480292,387072,,,1581.259,13.1231,,,local_legacy_reproduction,validation-selected legacy run; test loss logged during training,note/results.csv,Held-out test MSE/MAE from the local legacy log; MAPE was not persisted.
FITS,traffic,720,336,2026,ok,0.4170425236225128,0.28800371289253235,,0.645788296288,48230,,,1669.6205,15.1559,,,local_legacy_reproduction,validation-selected legacy run; test loss logged during training,note/results.csv,Held-out test MSE/MAE from the local legacy log; MAPE was not persisted.
SparseTSF,traffic,720,336,2026,ok,0.41098272800445557,0.2756803333759308,,0.641079346107,445,,,965.8261,13.8144,,,local_legacy_reproduction,validation-selected legacy run; test loss logged during training,note/results.csv,Held-out test MSE/MAE from the local legacy log; MAPE was not persisted.
FreTS,traffic,720,336,2026,ok,0.5409277510422811,0.4009363545614074,4.5604646234547435,0.735477906563,23745744,,,1854.2841637134552,38.40323781967163,7.86313660597805,2258.50146484375,local_completion_strict,validation-selected checkpoint; one deferred held-out test; sample-weighted streaming metrics,outputs/completion_0716v2/COMPLETION_MATRIX_0716V2_RESULTS.csv,0716v2 missing-cell completion; MAPE computed with the locked historical no-epsilon definition.
FilterNet,traffic,720,336,2026,ok,0.38520509004592896,0.2755923271179199,,0.620648926565,538636,,,1042.497,14.907,,,local_legacy_reproduction,validation-selected legacy run; test loss logged during training,note/results.csv,Held-out test MSE/MAE from the local legacy log; MAPE was not persisted.
iTransformer,traffic,720,336,2026,ok,0.36223262548446655,0.26402005553245544,,0.601857645531,6854480,,,1616.7201,16.1247,,,local_legacy_reproduction,validation-selected legacy run; test loss logged during training,note/results.csv,Held-out test MSE/MAE from the local legacy log; MAPE was not persisted.
PatchTST,traffic,720,336,2026,ok,0.4005949934543809,0.2681916257917805,2.7761776866895422,0.632925740869,4282195,,,11353.36369228363,45.15593123435974,11.02935297287275,3310.39306640625,local_completion_strict,validation-selected checkpoint; one deferred held-out test; sample-weighted streaming metrics,outputs/completion_0716v2/COMPLETION_MATRIX_0716V2_RESULTS.csv,0716v2 missing-cell completion; MAPE computed with the locked historical no-epsilon definition.
DLinear,traffic,720,336,2026,ok,0.4471653997898102,0.3368777930736542,,0.668704269307,484512,,,298.9637,14.5247,,,local_legacy_reproduction,validation-selected legacy run; test loss logged during training,note/results.csv,Held-out test MSE/MAE from the local legacy log; MAPE was not persisted.
MixLinear,traffic,720,336,2026,ok,0.42973780632019043,0.29175639152526855,,0.655543901139,111,,,3089.1839,13.6098,,,local_legacy_reproduction,validation-selected legacy run; test loss logged during training,note/results.csv,Held-out test MSE/MAE from the local legacy log; MAPE was not persisted.
PhaseFormer,traffic,720,336,2026,ok,0.4010261837749131,0.2485245633113099,2.279526928556775,0.633266281886943,273934,,,1399.2577250003815,10.284100532531738,0.7328549589839372,576.66748046875,local_phaseformer_seed2026_strict,validation-selected checkpoint; one deferred held-out test; sample-weighted streaming metrics,PHASEFORMER_SEED2026_FULL_0722V1_RESULTS.csv,phase_p24_l1_d128_h4_r4; completion_0716v2_locked_profile
FreqCycle,traffic,720,336,2026,ok,0.4424196036318968,0.2965936464152503,3.22033763594314,0.665146302427,459400,323768,135632,7870.4123277664185,14.873208284378052,2.0709250649461377,3511.43017578125,local_completion_strict,validation-selected checkpoint; one deferred held-out test; sample-weighted streaming metrics,outputs/completion_0716v2/COMPLETION_MATRIX_0716V2_RESULTS.csv,0716v2 missing-cell completion; MAPE computed with the locked historical no-epsilon definition.
Ours (Compact + Echo),traffic,720,720,2026,ok,0.44001849906749935,0.296229215621741,3.268937330405414,0.663338902121306,25978,,,1195.2452447414398,9.126861333847046,0.1903631380034057,1708.43017578125,local_compact_echo_hpo_seed2026_replay,profile selected by seed-2025 test MSE; frozen replay at seed=2026; held-out test metrics; not an untouched confirmatory test,HPO_TESTONLY_0722V1_FINAL_RESULTS.csv,r8_t32; input=pcke; input_k=1; basis=64; recent=192; output_k=1; channel=cycle_shared; phase_gate=1; gate_cap=0.25; lr=0.005
TQNet,traffic,720,720,2026,ok,0.45453715324401855,0.3107021450996399,,0.674193706025,3485120,,,2325.9536,19.6607,,,local_legacy_reproduction,validation-selected legacy run; test loss logged during training,note/results.csv,Held-out test MSE/MAE from the local legacy log; MAPE was not persisted.
CycleNet,traffic,720,720,2026,ok,0.4417615234851837,0.30020666122436523,,0.664651430063,663936,,,2086.1244,17.9825,,,local_legacy_reproduction,validation-selected legacy run; test loss logged during training,note/results.csv,Held-out test MSE/MAE from the local legacy log; MAPE was not persisted.
FITS,traffic,720,720,2026,ok,0.4544665515422821,0.3077138066291809,,0.67414134389,65884,,,2249.5747,20.7812,,,local_legacy_reproduction,validation-selected legacy run; test loss logged during training,note/results.csv,Held-out test MSE/MAE from the local legacy log; MAPE was not persisted.
SparseTSF,traffic,720,720,2026,ok,0.4472768306732178,0.29571694135665894,,0.668787582625,925,,,992.0991,18.7572,,,local_legacy_reproduction,validation-selected legacy run; test loss logged during training,note/results.csv,Held-out test MSE/MAE from the local legacy log; MAPE was not persisted.
FreTS,traffic,720,720,2026,ok,0.8505027774870199,0.3220286768851508,3.123025940658155,0.922227074796,23844432,,,8848.40169095993,34.78839612007141,7.948745790416193,2265.2001953125,local_completion_strict,validation-selected checkpoint; one deferred held-out test; sample-weighted streaming metrics,outputs/completion_0716v2/COMPLETION_MATRIX_0716V2_RESULTS.csv,0716v2 missing-cell completion; MAPE computed with the locked historical no-epsilon definition.
FilterNet,traffic,720,720,2026,ok,0.4437009394168854,0.3068320155143738,,0.666108804488,637324,,,979.2282,18.8432,,,local_legacy_reproduction,validation-selected legacy run; test loss logged during training,note/results.csv,Held-out test MSE/MAE from the local legacy log; MAPE was not persisted.
iTransformer,traffic,720,720,2026,ok,0.39537087082862854,0.28153422474861145,,0.628785234264,7051472,,,1930.8452,20.534,,,local_legacy_reproduction,validation-selected legacy run; test loss logged during training,note/results.csv,Held-out test MSE/MAE from the local legacy log; MAPE was not persisted.
PatchTST,traffic,720,720,2026,ok,0.4336286044769836,0.28873348390488324,2.9080496471612087,0.658504824946,8706259,,,11260.099269628525,41.927063941955566,11.303533395894563,3339.58203125,local_completion_strict,validation-selected checkpoint; one deferred held-out test; sample-weighted streaming metrics,outputs/completion_0716v2/COMPLETION_MATRIX_0716V2_RESULTS.csv,0716v2 missing-cell completion; MAPE computed with the locked historical no-epsilon definition.
DLinear,traffic,720,720,2026,ok,0.49559834599494934,0.3625485897064209,,0.703987461532,1038240,,,430.7701,18.4877,,,local_legacy_reproduction,validation-selected legacy run; test loss logged during training,note/results.csv,Held-out test MSE/MAE from the local legacy log; MAPE was not persisted.
MixLinear,traffic,720,720,2026,ok,0.46593809127807617,0.31107035279273987,,0.682596580183,167,,,2029.2312,18.33,,,local_legacy_reproduction,validation-selected legacy run; test loss logged during training,note/results.csv,Held-out test MSE/MAE from the local legacy log; MAPE was not persisted.
PhaseFormer,traffic,720,720,2026,ok,0.4359831533150258,0.2723011468248753,2.3683829542995767,0.6602902038611703,275998,,,831.3917922973633,10.165746212005615,0.730829642117294,601.87451171875,local_phaseformer_seed2026_strict,validation-selected checkpoint; one deferred held-out test; sample-weighted streaming metrics,PHASEFORMER_SEED2026_FULL_0722V1_RESULTS.csv,phase_p24_l1_d128_h4_r4; completion_0716v2_locked_profile
FreqCycle,traffic,720,720,2026,ok,0.5026392207876906,0.3104272163107142,3.2974058388022884,0.708970535909,558472,373304,185168,10768.661890268326,14.794005870819092,2.093156879649565,3536.46630859375,local_completion_strict,validation-selected checkpoint; one deferred held-out test; sample-weighted streaming metrics,outputs/completion_0716v2/COMPLETION_MATRIX_0716V2_RESULTS.csv,0716v2 missing-cell completion; MAPE computed with the locked historical no-epsilon definition.
Ours (Compact + Echo),PEMS03,96,12,2026,ok,0.06314358268744714,0.1685224404029678,1.3478474722750535,0.251283868737026,42722,,,97.40869402885437,2.151338815689087,0.06566672237215111,211.1357421875,local_compact_echo_hpo_seed2026_replay,profile selected by seed-2025 test MSE; frozen replay at seed=2026; held-out test metrics; not an untouched confirmatory test,HPO_TESTONLY_0722V1_FINAL_RESULTS.csv,r32_t128; input=dense; input_k=1; basis=64; recent=0; output_k=1; channel=cycle_shared; phase_gate=1; gate_cap=1; lr=0.01
TQNet,PEMS03,96,12,2026,ok,0.05989682301878929,0.16076910495758057,,0.244738274528,721484,,,197.3469,2.3014,,,local_legacy_reproduction,validation-selected legacy run; test loss logged during training,note/results.csv,Held-out test MSE/MAE from the local legacy log; MAPE was not persisted.
CycleNet,PEMS03,96,12,2026,ok,0.08074407279491425,0.19348108768463135,,0.284155015432,104268,,,110.5173,1.504,,,local_legacy_reproduction,validation-selected legacy run; test loss logged during training,note/results.csv,Held-out test MSE/MAE from the local legacy log; MAPE was not persisted.
FITS,PEMS03,96,12,2026,ok,0.12001078575849533,0.23020026087760925,,0.346425729065,675,,,214.3765,3.1499,,,local_legacy_reproduction,validation-selected legacy run; test loss logged during training,note/results.csv,Held-out test MSE/MAE from the local legacy log; MAPE was not persisted.
SparseTSF,PEMS03,96,12,2026,ok,0.15972057631346895,0.2810597796548598,2.056414490592488,0.399650567763,21,,,63.04183340072632,2.233034133911133,0.09663696249459032,95.08935546875,local_completion_strict,validation-selected checkpoint; one deferred held-out test; sample-weighted streaming metrics,outputs/completion_0716v2/COMPLETION_MATRIX_0716V2_RESULTS.csv,0716v2 missing-cell completion; MAPE computed with the locked historical no-epsilon definition.
FreTS,PEMS03,96,12,2026,ok,0.0805475115776062,0.18980887532234192,,0.283808934986,3215244,,,840.4968,4.4501,,,local_legacy_reproduction,validation-selected legacy run; test loss logged during training,note/results.csv,Held-out test MSE/MAE from the local legacy log; MAPE was not persisted.
FilterNet,PEMS03,96,12,2026,ok,0.06746017187833786,0.17250944674015045,,0.259730960569,587992,,,529.4705,9.6961,,,local_legacy_reproduction,validation-selected legacy run; test loss logged during training,note/results.csv,Held-out test MSE/MAE from the local legacy log; MAPE was not persisted.
iTransformer,PEMS03,96,12,2026,ok,0.06709934771060944,0.17141462862491608,,0.259035417869,4790796,,,465.9879,4.0616,,,local_legacy_reproduction,validation-selected legacy run; test loss logged during training,note/results.csv,Held-out test MSE/MAE from the local legacy log; MAPE was not persisted.
PatchTST,PEMS03,96,12,2026,ok,0.08683314174413681,0.19565826654434204,,0.29467463709,419596,,,866.0335,4.868,,,local_legacy_reproduction,validation-selected legacy run; test loss logged during training,note/results.csv,Held-out test MSE/MAE from the local legacy log; MAPE was not persisted.
DLinear,PEMS03,96,12,2026,ok,0.10339632630348206,0.21670156717300415,,0.321552991439,2328,,,126.9701,2.1098,,,local_legacy_reproduction,validation-selected legacy run; test loss logged during training,note/results.csv,Held-out test MSE/MAE from the local legacy log; MAPE was not persisted.
MixLinear,PEMS03,96,12,2026,ok,0.18540608882904053,0.296534925699234,,0.430588073255,31,,,103.3497,1.8169,,,local_legacy_reproduction,validation-selected legacy run; test loss logged during training,note/results.csv,Held-out test MSE/MAE from the local legacy log; MAPE was not persisted.
PhaseFormer,PEMS03,96,12,2026,ok,0.0973506108198101,0.20761479558083687,1.7322133119809082,0.3120105940826531,2897,,,552.3234000205994,3.9375319480895996,0.23646758032680434,52.37353515625,local_phaseformer_seed2026_strict,validation-selected checkpoint; one deferred held-out test; sample-weighted streaming metrics,PHASEFORMER_SEED2026_FULL_0722V1_RESULTS.csv,phase_p12_l2_d8_h1_r8; completion_0716v2_pems_extension_period12
FreqCycle,PEMS03,96,12,2026,ok,0.06764451171706107,0.17311358325323056,1.4073458832075345,0.26008558537,131424,117460,13964,205.6318485736847,2.727637767791748,0.11412848326258261,94.1875,local_completion_strict,validation-selected checkpoint; one deferred held-out test; sample-weighted streaming metrics,outputs/completion_0716v2/COMPLETION_MATRIX_0716V2_RESULTS.csv,0716v2 missing-cell completion; MAPE computed with the locked historical no-epsilon definition.
Ours (Compact + Echo),PEMS03,96,24,2026,ok,0.08110723127319447,0.18966422457244753,1.5451301433452613,0.28479331325225,44258,,,108.63970351219177,1.6707947254180908,0.02911467630759377,232.1533203125,local_compact_echo_hpo_seed2026_replay,profile selected by seed-2025 test MSE; frozen replay at seed=2026; held-out test metrics; not an untouched confirmatory test,HPO_TESTONLY_0722V1_FINAL_RESULTS.csv,r32_t128; input=dense; input_k=1; basis=64; recent=0; output_k=1; channel=cycle_shared; phase_gate=1; gate_cap=1; lr=0.01
TQNet,PEMS03,96,24,2026,ok,0.0763738602399826,0.18203113973140717,,0.27635821001,727640,,,214.3913,2.4736,,,local_legacy_reproduction,validation-selected legacy run; test loss logged during training,note/results.csv,Held-out test MSE/MAE from the local legacy log; MAPE was not persisted.
CycleNet,PEMS03,96,24,2026,ok,0.1248183622956276,0.24172361195087433,,0.353296422704,105432,,,150.5696,1.7255,,,local_legacy_reproduction,validation-selected legacy run; test loss logged during training,note/results.csv,Held-out test MSE/MAE from the local legacy log; MAPE was not persisted.
FITS,PEMS03,96,24,2026,ok,0.2394111454486847,0.32832077145576477,,0.489296582298,750,,,235.2471,3.5256,,,local_legacy_reproduction,validation-selected legacy run; test loss logged during training,note/results.csv,Held-out test MSE/MAE from the local legacy log; MAPE was not persisted.
SparseTSF,PEMS03,96,24,2026,ok,0.32168424129486084,0.4231143593788147,,0.567172144322,29,,,130.0874,1.7795,,,local_legacy_reproduction,validation-selected legacy run; test loss logged during training,note/results.csv,Held-out test MSE/MAE from the local legacy log; MAPE was not persisted.
FreTS,PEMS03,96,24,2026,ok,0.12233417481184006,0.2359355092048645,,0.349763026651,3218328,,,856.4916,4.7688,,,local_legacy_reproduction,validation-selected legacy run; test loss logged during training,note/results.csv,Held-out test MSE/MAE from the local legacy log; MAPE was not persisted.
FilterNet,PEMS03,96,24,2026,ok,0.09543900191783905,0.20446136593818665,,0.308932034464,594148,,,539.0859,10.0904,,,local_legacy_reproduction,validation-selected legacy run; test loss logged during training,note/results.csv,Held-out test MSE/MAE from the local legacy log; MAPE was not persisted.
iTransformer,PEMS03,96,24,2026,ok,0.0927206501364708,0.20231454074382782,,0.304500657038,4796952,,,481.9177,4.3442,,,local_legacy_reproduction,validation-selected legacy run; test loss logged during training,note/results.csv,Held-out test MSE/MAE from the local legacy log; MAPE was not persisted.
PatchTST,PEMS03,96,24,2026,ok,0.1391206979751587,0.24961921572685242,,0.372988871114,438040,,,874.7711,5.0319,,,local_legacy_reproduction,validation-selected legacy run; test loss logged during training,note/results.csv,Held-out test MSE/MAE from the local legacy log; MAPE was not persisted.
DLinear,PEMS03,96,24,2026,ok,0.18015779554843903,0.29369163513183594,,0.424449991811,4656,,,175.1925,2.4533,,,local_legacy_reproduction,validation-selected legacy run; test loss logged during training,note/results.csv,Held-out test MSE/MAE from the local legacy log; MAPE was not persisted.
MixLinear,PEMS03,96,24,2026,ok,0.3241387605667114,0.3972198963165283,,0.569331854516,39,,,171.1982,2.218,,,local_legacy_reproduction,validation-selected legacy run; test loss logged during training,note/results.csv,Held-out test MSE/MAE from the local legacy log; MAPE was not persisted.
PhaseFormer,PEMS03,96,24,2026,ok,0.16484239209250573,0.27165176010745373,2.3113093743736925,0.4060078719587906,2906,,,549.3882875442505,3.939138412475586,0.23529590578917906,53.02880859375,local_phaseformer_seed2026_strict,validation-selected checkpoint; one deferred held-out test; sample-weighted streaming metrics,PHASEFORMER_SEED2026_FULL_0722V1_RESULTS.csv,phase_p12_l2_d8_h1_r8; completion_0716v2_pems_extension_period12
FreqCycle,PEMS03,96,24,2026,ok,0.09697372788782094,0.20802819837307301,1.6716296540867726,0.311406049857,134520,119008,15512,212.26402187347412,2.952075481414795,0.1237734989111407,95.51220703125,local_completion_strict,validation-selected checkpoint; one deferred held-out test; sample-weighted streaming metrics,outputs/completion_0716v2/COMPLETION_MATRIX_0716V2_RESULTS.csv,0716v2 missing-cell completion; MAPE computed with the locked historical no-epsilon definition.
Ours (Compact + Echo),PEMS03,96,48,2026,ok,0.11918887877317857,0.22311715755046113,1.7823229663859952,0.345237423772653,47330,,,115.41612386703491,2.254525661468506,0.08272145265198004,274.6259765625,local_compact_echo_hpo_seed2026_replay,profile selected by seed-2025 test MSE; frozen replay at seed=2026; held-out test metrics; not an untouched confirmatory test,HPO_TESTONLY_0722V1_FINAL_RESULTS.csv,r32_t128; input=dense; input_k=1; basis=64; recent=0; output_k=1; channel=cycle_shared; phase_gate=1; gate_cap=1; lr=0.01
TQNet,PEMS03,96,48,2026,ok,0.10813553631305695,0.21567097306251526,,0.32883968178,739952,,,248.2977,2.9628,,,local_legacy_reproduction,validation-selected legacy run; test loss logged during training,note/results.csv,Held-out test MSE/MAE from the local legacy log; MAPE was not persisted.
CycleNet,PEMS03,96,48,2026,ok,0.20829887688159943,0.31712162494659424,,0.456397717875,107760,,,137.3976,2.1061,,,local_legacy_reproduction,validation-selected legacy run; test loss logged during training,note/results.csv,Held-out test MSE/MAE from the local legacy log; MAPE was not persisted.
FITS,PEMS03,96,48,2026,ok,0.5470492839813232,0.5254224538803101,,0.739627800979,900,,,273.9155,4.1895,,,local_legacy_reproduction,validation-selected legacy run; test loss logged during training,note/results.csv,Held-out test MSE/MAE from the local legacy log; MAPE was not persisted.
SparseTSF,PEMS03,96,48,2026,ok,0.44370871782302856,0.5104646682739258,,0.666114643153,33,,,242.176,2.348,,,local_legacy_reproduction,validation-selected legacy run; test loss logged during training,note/results.csv,Held-out test MSE/MAE from the local legacy log; MAPE was not persisted.
FreTS,PEMS03,96,48,2026,ok,0.19749866425991058,0.30530333518981934,,0.444408218038,3224496,,,822.9828,5.111,,,local_legacy_reproduction,validation-selected legacy run; test loss logged during training,note/results.csv,Held-out test MSE/MAE from the local legacy log; MAPE was not persisted.
FilterNet,PEMS03,96,48,2026,ok,0.14990073442459106,0.2607572078704834,,0.387170162105,606460,,,564.3364,10.6883,,,local_legacy_reproduction,validation-selected legacy run; test loss logged during training,note/results.csv,Held-out test MSE/MAE from the local legacy log; MAPE was not persisted.
iTransformer,PEMS03,96,48,2026,ok,0.14899951219558716,0.25836747884750366,,0.386004549449,4809264,,,511.1206,4.6355,,,local_legacy_reproduction,validation-selected legacy run; test loss logged during training,note/results.csv,Held-out test MSE/MAE from the local legacy log; MAPE was not persisted.
PatchTST,PEMS03,96,48,2026,ok,0.25270646810531616,0.3436179459095001,,0.502699182519,474928,,,904.8214,5.4493,,,local_legacy_reproduction,validation-selected legacy run; test loss logged during training,note/results.csv,Held-out test MSE/MAE from the local legacy log; MAPE was not persisted.
DLinear,PEMS03,96,48,2026,ok,0.3180282711982727,0.4098265767097473,,0.56393995354,9312,,,163.8997,2.8723,,,local_legacy_reproduction,validation-selected legacy run; test loss logged during training,note/results.csv,Held-out test MSE/MAE from the local legacy log; MAPE was not persisted.
MixLinear,PEMS03,96,48,2026,ok,0.6500186324119568,0.5855863094329834,,0.806237330078,43,,,166.2878,2.3555,,,local_legacy_reproduction,validation-selected legacy run; test loss logged during training,note/results.csv,Held-out test MSE/MAE from the local legacy log; MAPE was not persisted.
PhaseFormer,PEMS03,96,48,2026,ok,0.31463484499784816,0.3851620612986911,2.931297228823652,0.560923207754723,2924,,,569.9093346595764,3.7550296783447266,0.22758152532335843,54.341796875,local_phaseformer_seed2026_strict,validation-selected checkpoint; one deferred held-out test; sample-weighted streaming metrics,PHASEFORMER_SEED2026_FULL_0722V1_RESULTS.csv,phase_p12_l2_d8_h1_r8; completion_0716v2_pems_extension_period12
FreqCycle,PEMS03,96,48,2026,ok,0.15882029791845115,0.2674038272639127,1.9644543003440949,0.398522644173,140712,122104,18608,224.91848754882812,3.2405755519866943,0.11244579890730705,99.103515625,local_completion_strict,validation-selected checkpoint; one deferred held-out test; sample-weighted streaming metrics,outputs/completion_0716v2/COMPLETION_MATRIX_0716V2_RESULTS.csv,0716v2 missing-cell completion; MAPE computed with the locked historical no-epsilon definition.
Ours (Compact + Echo),PEMS03,96,96,2026,ok,0.16053450648121356,0.25209555867920985,1.9965621366402593,0.400667576029323,53474,,,126.06402206420898,1.8415229320526123,0.029361358517029833,376.259765625,local_compact_echo_hpo_seed2026_replay,profile selected by seed-2025 test MSE; frozen replay at seed=2026; held-out test metrics; not an untouched confirmatory test,HPO_TESTONLY_0722V1_FINAL_RESULTS.csv,r32_t128; input=dense; input_k=1; basis=64; recent=0; output_k=1; channel=cycle_shared; phase_gate=1; gate_cap=1; lr=0.01
TQNet,PEMS03,96,96,2026,ok,0.14159342646598816,0.25235241651535034,,0.376289019858,764576,,,313.7458,3.86,,,local_legacy_reproduction,validation-selected legacy run; test loss logged during training,note/results.csv,Held-out test MSE/MAE from the local legacy log; MAPE was not persisted.
CycleNet,PEMS03,96,96,2026,ok,0.29904142022132874,0.3845345675945282,,0.546846797761,112416,,,262.9609,2.5921,,,local_legacy_reproduction,validation-selected legacy run; test loss logged during training,note/results.csv,Held-out test MSE/MAE from the local legacy log; MAPE was not persisted.
FITS,PEMS03,96,96,2026,ok,1.0679467916488647,0.7935665845870972,,1.033415111,1200,,,343.4979,5.0245,,,local_legacy_reproduction,validation-selected legacy run; test loss logged during training,note/results.csv,Held-out test MSE/MAE from the local legacy log; MAPE was not persisted.
SparseTSF,PEMS03,96,96,2026,ok,0.5239710211753845,0.5648054480552673,,0.723858426196,41,,,122.2641,3.1973,,,local_legacy_reproduction,validation-selected legacy run; test loss logged during training,note/results.csv,Held-out test MSE/MAE from the local legacy log; MAPE was not persisted.
FreTS,PEMS03,96,96,2026,ok,0.2653208076953888,0.3648478090763092,,0.515093008781,3236832,,,897.7743,5.9032,,,local_legacy_reproduction,validation-selected legacy run; test loss logged during training,note/results.csv,Held-out test MSE/MAE from the local legacy log; MAPE was not persisted.
FilterNet,PEMS03,96,96,2026,ok,0.23060376942157745,0.32765302062034607,,0.480212212903,631084,,,607.1523,11.5734,,,local_legacy_reproduction,validation-selected legacy run; test loss logged during training,note/results.csv,Held-out test MSE/MAE from the local legacy log; MAPE was not persisted.
iTransformer,PEMS03,96,96,2026,ok,0.22716641426086426,0.3274228274822235,,0.476619779553,4833888,,,520.6239,5.5927,,,local_legacy_reproduction,validation-selected legacy run; test loss logged during training,note/results.csv,Held-out test MSE/MAE from the local legacy log; MAPE was not persisted.
PatchTST,PEMS03,96,96,2026,ok,0.43325722217559814,0.4702683389186859,,0.658222775491,548704,,,951.5564,6.1934,,,local_legacy_reproduction,validation-selected legacy run; test loss logged during training,note/results.csv,Held-out test MSE/MAE from the local legacy log; MAPE was not persisted.
DLinear,PEMS03,96,96,2026,ok,0.4540484845638275,0.5092261433601379,,0.673831198865,18624,,,120.2211,3.6161,,,local_legacy_reproduction,validation-selected legacy run; test loss logged during training,note/results.csv,Held-out test MSE/MAE from the local legacy log; MAPE was not persisted.
MixLinear,PEMS03,96,96,2026,ok,1.1865453720092773,0.8464546799659729,,1.08928663446,57,,,236.3463,3.6562,,,local_legacy_reproduction,validation-selected legacy run; test loss logged during training,note/results.csv,Held-out test MSE/MAE from the local legacy log; MAPE was not persisted.
PhaseFormer,PEMS03,96,96,2026,ok,0.528114975161288,0.516011701678749,3.027412339466487,0.7267151953559854,2960,,,581.2937307357788,3.6065080165863037,0.2220529216425649,56.96826171875,local_phaseformer_seed2026_strict,validation-selected checkpoint; one deferred held-out test; sample-weighted streaming metrics,PHASEFORMER_SEED2026_FULL_0722V1_RESULTS.csv,phase_p12_l2_d8_h1_r8; completion_0716v2_pems_extension_period12
FreqCycle,PEMS03,96,96,2026,ok,0.251073853313313,0.3421638703557273,2.0970275485439753,0.501072702622,153096,128296,24800,260.4369742870331,2.652966260910034,0.07791771289497597,104.375,local_completion_strict,validation-selected checkpoint; one deferred held-out test; sample-weighted streaming metrics,outputs/completion_0716v2/COMPLETION_MATRIX_0716V2_RESULTS.csv,0716v2 missing-cell completion; MAPE computed with the locked historical no-epsilon definition.
Ours (Compact + Echo),PEMS04,96,12,2026,ok,0.07529264724354134,0.18144974874254557,1.2845499073079885,0.274395056886128,65794,,,61.69890880584717,1.7791452407836914,0.11389799202654312,185.45068359375,local_compact_echo_hpo_seed2026_replay,profile selected by seed-2025 test MSE; frozen replay at seed=2026; held-out test metrics; not an untouched confirmatory test,HPO_TESTONLY_0722V1_FINAL_RESULTS.csv,r32_t128; input=pcke; input_k=1; basis=64; recent=0; output_k=1; channel=cycle_shared; phase_gate=1; gate_cap=1; lr=0.01
TQNet,PEMS04,96,12,2026,ok,0.06787731498479843,0.16881413757801056,,0.26053275223,706796,,,129.0908,1.7004,,,local_legacy_reproduction,validation-selected legacy run; test loss logged during training,note/results.csv,Held-out test MSE/MAE from the local legacy log; MAPE was not persisted.
CycleNet,PEMS04,96,12,2026,ok,0.0934174656867981,0.20889517664909363,,0.305642709199,89580,,,90.1863,1.2024,,,local_legacy_reproduction,validation-selected legacy run; test loss logged during training,note/results.csv,Held-out test MSE/MAE from the local legacy log; MAPE was not persisted.
FITS,PEMS04,96,12,2026,ok,0.13351035118103027,0.24610035121440887,,0.365390682942,675,,,133.9327,2.1458,,,local_legacy_reproduction,validation-selected legacy run; test loss logged during training,note/results.csv,Held-out test MSE/MAE from the local legacy log; MAPE was not persisted.
SparseTSF,PEMS04,96,12,2026,ok,0.16794539485762192,0.2892021122582127,1.9418744327278643,0.409811413772,21,,,58.33806109428406,2.5262300968170166,0.26178748118915246,86.12451171875,local_completion_strict,validation-selected checkpoint; one deferred held-out test; sample-weighted streaming metrics,outputs/completion_0716v2/COMPLETION_MATRIX_0716V2_RESULTS.csv,0716v2 missing-cell completion; MAPE computed with the locked historical no-epsilon definition.
FreTS,PEMS04,96,12,2026,ok,0.09576735645532608,0.20692798495292664,,0.309463013065,3215244,,,479.8124,2.6394,,,local_legacy_reproduction,validation-selected legacy run; test loss logged during training,note/results.csv,Held-out test MSE/MAE from the local legacy log; MAPE was not persisted.
FilterNet,PEMS04,96,12,2026,ok,0.0775541439652443,0.1835460215806961,,0.278485446595,587890,,,354.2788,6.3696,,,local_legacy_reproduction,validation-selected legacy run; test loss logged during training,note/results.csv,Held-out test MSE/MAE from the local legacy log; MAPE was not persisted.
iTransformer,PEMS04,96,12,2026,ok,0.08466869592666626,0.18856604397296906,,0.290978858213,4790796,,,212.5746,2.6196,,,local_legacy_reproduction,validation-selected legacy run; test loss logged during training,note/results.csv,Held-out test MSE/MAE from the local legacy log; MAPE was not persisted.
PatchTST,PEMS04,96,12,2026,ok,0.10087845474481583,0.20962141454219818,,0.317613687905,419596,,,1601.6208,3.0134,,,local_legacy_reproduction,validation-selected legacy run; test loss logged during training,note/results.csv,Held-out test MSE/MAE from the local legacy log; MAPE was not persisted.
DLinear,PEMS04,96,12,2026,ok,0.11387927830219269,0.22800074517726898,,0.337460039563,2328,,,71.7374,1.6892,,,local_legacy_reproduction,validation-selected legacy run; test loss logged during training,note/results.csv,Held-out test MSE/MAE from the local legacy log; MAPE was not persisted.
MixLinear,PEMS04,96,12,2026,ok,0.19666960835456848,0.31276872754096985,,0.443474473171,31,,,43.616,1.323,,,local_legacy_reproduction,validation-selected legacy run; test loss logged during training,note/results.csv,Held-out test MSE/MAE from the local legacy log; MAPE was not persisted.
PhaseFormer,PEMS04,96,12,2026,ok,0.11557937808350903,0.22845826640613465,1.7400324452434546,0.3399696722996171,2897,,,364.2199549674988,3.0381648540496826,0.27589727993141655,49.41650390625,local_phaseformer_seed2026_strict,validation-selected checkpoint; one deferred held-out test; sample-weighted streaming metrics,PHASEFORMER_SEED2026_FULL_0722V1_RESULTS.csv,phase_p12_l2_d8_h1_r8; completion_0716v2_pems_extension_period12
FreqCycle,PEMS04,96,12,2026,ok,0.07952950700001492,0.18650122081265819,1.4091492549562321,0.282009764015,116736,102772,13964,137.3294870853424,2.341574192047119,0.16093597911542448,84.60400390625,local_completion_strict,validation-selected checkpoint; one deferred held-out test; sample-weighted streaming metrics,outputs/completion_0716v2/COMPLETION_MATRIX_0716V2_RESULTS.csv,0716v2 missing-cell completion; MAPE computed with the locked historical no-epsilon definition.
Ours (Compact + Echo),PEMS04,96,24,2026,ok,0.0902362021777384,0.20062716996858967,1.4712482795370736,0.300393412340781,67330,,,67.97175741195679,1.2727911472320557,0.04479544180341893,203.05419921875,local_compact_echo_hpo_seed2026_replay,profile selected by seed-2025 test MSE; frozen replay at seed=2026; held-out test metrics; not an untouched confirmatory test,HPO_TESTONLY_0722V1_FINAL_RESULTS.csv,r32_t128; input=pcke; input_k=1; basis=64; recent=0; output_k=1; channel=cycle_shared; phase_gate=1; gate_cap=1; lr=0.01
TQNet,PEMS04,96,24,2026,ok,0.07915566116571426,0.18397538363933563,,0.281346158967,712952,,,140.2327,1.8345,,,local_legacy_reproduction,validation-selected legacy run; test loss logged during training,note/results.csv,Held-out test MSE/MAE from the local legacy log; MAPE was not persisted.
CycleNet,PEMS04,96,24,2026,ok,0.1301552653312683,0.25063058733940125,,0.360770377569,90744,,,101.5621,1.2415,,,local_legacy_reproduction,validation-selected legacy run; test loss logged during training,note/results.csv,Held-out test MSE/MAE from the local legacy log; MAPE was not persisted.
FITS,PEMS04,96,24,2026,ok,0.2548922300338745,0.3466920554637909,,0.504868527474,750,,,147.1191,2.3158,,,local_legacy_reproduction,validation-selected legacy run; test loss logged during training,note/results.csv,Held-out test MSE/MAE from the local legacy log; MAPE was not persisted.
SparseTSF,PEMS04,96,24,2026,ok,0.3238491415977478,0.42312511801719666,,0.569077447803,29,,,117.167,1.5544,,,local_legacy_reproduction,validation-selected legacy run; test loss logged during training,note/results.csv,Held-out test MSE/MAE from the local legacy log; MAPE was not persisted.
FreTS,PEMS04,96,24,2026,ok,0.1436293125152588,0.2597993314266205,,0.378984580841,3218328,,,390.0409,2.9067,,,local_legacy_reproduction,validation-selected legacy run; test loss logged during training,note/results.csv,Held-out test MSE/MAE from the local legacy log; MAPE was not persisted.
FilterNet,PEMS04,96,24,2026,ok,0.09704479575157166,0.20921590924263,,0.311520136992,594046,,,359.5011,6.9075,,,local_legacy_reproduction,validation-selected legacy run; test loss logged during training,note/results.csv,Held-out test MSE/MAE from the local legacy log; MAPE was not persisted.
iTransformer,PEMS04,96,24,2026,ok,0.11598598212003708,0.2228662222623825,,0.34056714774,4796952,,,209.2053,2.8176,,,local_legacy_reproduction,validation-selected legacy run; test loss logged during training,note/results.csv,Held-out test MSE/MAE from the local legacy log; MAPE was not persisted.
PatchTST,PEMS04,96,24,2026,ok,0.16110190749168396,0.26760709285736084,,0.401375021011,438040,,,1626.3568,3.1916,,,local_legacy_reproduction,validation-selected legacy run; test loss logged during training,note/results.csv,Held-out test MSE/MAE from the local legacy log; MAPE was not persisted.
DLinear,PEMS04,96,24,2026,ok,0.18767514824867249,0.30062201619148254,,0.433214898461,4656,,,49.1377,1.5621,,,local_legacy_reproduction,validation-selected legacy run; test loss logged during training,note/results.csv,Held-out test MSE/MAE from the local legacy log; MAPE was not persisted.
MixLinear,PEMS04,96,24,2026,ok,0.3362785279750824,0.41453322768211365,,0.579895273282,39,,,72.7285,1.4162,,,local_legacy_reproduction,validation-selected legacy run; test loss logged during training,note/results.csv,Held-out test MSE/MAE from the local legacy log; MAPE was not persisted.
PhaseFormer,PEMS04,96,24,2026,ok,0.19580390167686615,0.3022521051045931,2.3829574548620682,0.4424973465195765,2906,,,336.9044842720032,2.977022886276245,0.2794248877627844,49.97900390625,local_phaseformer_seed2026_strict,validation-selected checkpoint; one deferred held-out test; sample-weighted streaming metrics,PHASEFORMER_SEED2026_FULL_0722V1_RESULTS.csv,phase_p12_l2_d8_h1_r8; completion_0716v2_pems_extension_period12
FreqCycle,PEMS04,96,24,2026,ok,0.10832855631636436,0.22077236067104697,1.6616172763469357,0.329133037412,119832,104320,15512,138.8291289806366,2.630483627319336,0.18029221450840985,85.74072265625,local_completion_strict,validation-selected checkpoint; one deferred held-out test; sample-weighted streaming metrics,outputs/completion_0716v2/COMPLETION_MATRIX_0716V2_RESULTS.csv,0716v2 missing-cell completion; MAPE computed with the locked historical no-epsilon definition.
Ours (Compact + Echo),PEMS04,96,48,2026,ok,0.11405600668141304,0.22585623336939434,1.599943427651653,0.337721788875715,70402,,,74.12206768989563,1.4462146759033203,0.0934146249090674,239.11279296875,local_compact_echo_hpo_seed2026_replay,profile selected by seed-2025 test MSE; frozen replay at seed=2026; held-out test metrics; not an untouched confirmatory test,HPO_TESTONLY_0722V1_FINAL_RESULTS.csv,r32_t128; input=pcke; input_k=1; basis=64; recent=0; output_k=1; channel=cycle_shared; phase_gate=1; gate_cap=1; lr=0.01
TQNet,PEMS04,96,48,2026,ok,0.09853562712669373,0.2092662751674652,,0.31390385013,725264,,,138.6781,1.855,,,local_legacy_reproduction,validation-selected legacy run; test loss logged during training,note/results.csv,Held-out test MSE/MAE from the local legacy log; MAPE was not persisted.
CycleNet,PEMS04,96,48,2026,ok,0.19622166454792023,0.3148329257965088,,0.442969146271,93072,,,120.0508,1.4589,,,local_legacy_reproduction,validation-selected legacy run; test loss logged during training,note/results.csv,Held-out test MSE/MAE from the local legacy log; MAPE was not persisted.
FITS,PEMS04,96,48,2026,ok,0.5758996605873108,0.5464926958084106,,0.758880531169,900,,,164.0373,2.6203,,,local_legacy_reproduction,validation-selected legacy run; test loss logged during training,note/results.csv,Held-out test MSE/MAE from the local legacy log; MAPE was not persisted.
SparseTSF,PEMS04,96,48,2026,ok,0.4447318911552429,0.5038568377494812,,0.666882216853,33,,,139.1746,1.7815,,,local_legacy_reproduction,validation-selected legacy run; test loss logged during training,note/results.csv,Held-out test MSE/MAE from the local legacy log; MAPE was not persisted.
FreTS,PEMS04,96,48,2026,ok,0.22439295053482056,0.330071359872818,,0.473701330518,3224496,,,336.0176,2.9821,,,local_legacy_reproduction,validation-selected legacy run; test loss logged during training,note/results.csv,Held-out test MSE/MAE from the local legacy log; MAPE was not persisted.
FilterNet,PEMS04,96,48,2026,ok,0.13598473370075226,0.254036545753479,,0.368761079428,606358,,,370.2072,7.0982,,,local_legacy_reproduction,validation-selected legacy run; test loss logged during training,note/results.csv,Held-out test MSE/MAE from the local legacy log; MAPE was not persisted.
iTransformer,PEMS04,96,48,2026,ok,0.17713943123817444,0.28037357330322266,,0.42087935473,4809264,,,302.4134,2.962,,,local_legacy_reproduction,validation-selected legacy run; test loss logged during training,note/results.csv,Held-out test MSE/MAE from the local legacy log; MAPE was not persisted.
PatchTST,PEMS04,96,48,2026,ok,0.29633593559265137,0.3720419406890869,,0.544367463753,474928,,,1686.6381,3.3137,,,local_legacy_reproduction,validation-selected legacy run; test loss logged during training,note/results.csv,Held-out test MSE/MAE from the local legacy log; MAPE was not persisted.
DLinear,PEMS04,96,48,2026,ok,0.3183562755584717,0.4052181839942932,,0.564230693563,9312,,,64.8417,1.9162,,,local_legacy_reproduction,validation-selected legacy run; test loss logged during training,note/results.csv,Held-out test MSE/MAE from the local legacy log; MAPE was not persisted.
MixLinear,PEMS04,96,48,2026,ok,0.6750228404998779,0.6085198521614075,,0.821597736426,43,,,80.6101,1.7788,,,local_legacy_reproduction,validation-selected legacy run; test loss logged during training,note/results.csv,Held-out test MSE/MAE from the local legacy log; MAPE was not persisted.
PhaseFormer,PEMS04,96,48,2026,ok,0.38361798124677343,0.4324721134569877,3.2814942997713086,0.6193690186365262,2924,,,311.2948794364929,3.170081377029419,0.2993131280677703,51.10400390625,local_phaseformer_seed2026_strict,validation-selected checkpoint; one deferred held-out test; sample-weighted streaming metrics,PHASEFORMER_SEED2026_FULL_0722V1_RESULTS.csv,phase_p12_l2_d8_h1_r8; completion_0716v2_pems_extension_period12
FreqCycle,PEMS04,96,48,2026,ok,0.1707029308599732,0.2812455652781018,1.9725775269017782,0.413162112082,126024,107416,18608,143.5295112133026,2.2390503883361816,0.16091370683300144,88.01708984375,local_completion_strict,validation-selected checkpoint; one deferred held-out test; sample-weighted streaming metrics,outputs/completion_0716v2/COMPLETION_MATRIX_0716V2_RESULTS.csv,0716v2 missing-cell completion; MAPE computed with the locked historical no-epsilon definition.
Ours (Compact + Echo),PEMS04,96,96,2026,ok,0.14262450158994402,0.2513979296075662,1.6999063581556246,0.377656592144165,76546,,,95.25498342514038,1.9398612976074219,0.11345601606171757,329.07470703125,local_compact_echo_hpo_seed2026_replay,profile selected by seed-2025 test MSE; frozen replay at seed=2026; held-out test metrics; not an untouched confirmatory test,HPO_TESTONLY_0722V1_FINAL_RESULTS.csv,r32_t128; input=pcke; input_k=1; basis=64; recent=0; output_k=1; channel=cycle_shared; phase_gate=1; gate_cap=1; lr=0.01
TQNet,PEMS04,96,96,2026,ok,0.12302212417125702,0.23449435830116272,,0.350745098571,749888,,,193.8645,2.4745,,,local_legacy_reproduction,validation-selected legacy run; test loss logged during training,note/results.csv,Held-out test MSE/MAE from the local legacy log; MAPE was not persisted.
CycleNet,PEMS04,96,96,2026,ok,0.2463838905096054,0.3627537190914154,,0.496370718828,97728,,,157.9893,2.0041,,,local_legacy_reproduction,validation-selected legacy run; test loss logged during training,note/results.csv,Held-out test MSE/MAE from the local legacy log; MAPE was not persisted.
FITS,PEMS04,96,96,2026,ok,1.1731433868408203,0.8427734971046448,,1.08311743908,1200,,,200.5709,2.9844,,,local_legacy_reproduction,validation-selected legacy run; test loss logged during training,note/results.csv,Held-out test MSE/MAE from the local legacy log; MAPE was not persisted.
SparseTSF,PEMS04,96,96,2026,ok,0.5069230198860168,0.5422043800354004,,0.711985266621,41,,,105.6863,1.9912,,,local_legacy_reproduction,validation-selected legacy run; test loss logged during training,note/results.csv,Held-out test MSE/MAE from the local legacy log; MAPE was not persisted.
FreTS,PEMS04,96,96,2026,ok,0.2890251576900482,0.38126495480537415,,0.537610600426,3236832,,,404.8494,3.5728,,,local_legacy_reproduction,validation-selected legacy run; test loss logged during training,note/results.csv,Held-out test MSE/MAE from the local legacy log; MAPE was not persisted.
FilterNet,PEMS04,96,96,2026,ok,0.2008068859577179,0.3148347735404968,,0.448114813366,630982,,,391.2925,7.6448,,,local_legacy_reproduction,validation-selected legacy run; test loss logged during training,note/results.csv,Held-out test MSE/MAE from the local legacy log; MAPE was not persisted.
iTransformer,PEMS04,96,96,2026,ok,0.2728925347328186,0.35758110880851746,,0.522391170229,4833888,,,336.229,3.412,,,local_legacy_reproduction,validation-selected legacy run; test loss logged during training,note/results.csv,Held-out test MSE/MAE from the local legacy log; MAPE was not persisted.
PatchTST,PEMS04,96,96,2026,ok,0.5128247737884521,0.5083620548248291,,0.716117849092,548704,,,1383.8005,3.7472,,,local_legacy_reproduction,validation-selected legacy run; test loss logged during training,note/results.csv,Held-out test MSE/MAE from the local legacy log; MAPE was not persisted.
DLinear,PEMS04,96,96,2026,ok,0.42406243085861206,0.48018306493759155,,0.651200760794,18624,,,105.2509,2.3121,,,local_legacy_reproduction,validation-selected legacy run; test loss logged during training,note/results.csv,Held-out test MSE/MAE from the local legacy log; MAPE was not persisted.
MixLinear,PEMS04,96,96,2026,ok,1.267011046409607,0.887286365032196,,1.12561585206,57,,,117.1966,1.9981,,,local_legacy_reproduction,validation-selected legacy run; test loss logged during training,note/results.csv,Held-out test MSE/MAE from the local legacy log; MAPE was not persisted.
PhaseFormer,PEMS04,96,96,2026,ok,0.6906550966439923,0.5984187125173137,3.695770646285491,0.8310566145841042,2960,,,378.48794865608215,2.6070926189422607,0.2340994390292906,53.35693359375,local_phaseformer_seed2026_strict,validation-selected checkpoint; one deferred held-out test; sample-weighted streaming metrics,PHASEFORMER_SEED2026_FULL_0722V1_RESULTS.csv,phase_p12_l2_d8_h1_r8; completion_0716v2_pems_extension_period12
FreqCycle,PEMS04,96,96,2026,ok,0.26341813952530724,0.3608414491392328,2.3111784725898628,0.513242768605,138408,113608,24800,162.08426904678345,2.4676716327667236,0.15348323138417744,92.78271484375,local_completion_strict,validation-selected checkpoint; one deferred held-out test; sample-weighted streaming metrics,outputs/completion_0716v2/COMPLETION_MATRIX_0716V2_RESULTS.csv,0716v2 missing-cell completion; MAPE computed with the locked historical no-epsilon definition.
Ours (Compact + Echo),PEMS07,96,12,2026,ok,0.06104991857049136,0.16037624419875163,1.5849155531987382,0.24708281723036,84226,,,195.87847900390625,2.8460943698883057,0.06750766446342907,471.12646484375,local_compact_echo_hpo_seed2026_replay,profile selected by seed-2025 test MSE; frozen replay at seed=2026; held-out test metrics; not an untouched confirmatory test,HPO_TESTONLY_0722V1_FINAL_RESULTS.csv,r32_t128; input=pcke; input_k=1; basis=64; recent=0; output_k=1; channel=cycle_shared; phase_gate=1; gate_cap=0.25; lr=0.01
TQNet,PEMS07,96,12,2026,ok,0.051688890904188156,0.14501740038394928,,0.227351909832,872684,,,399.3478,3.6706,,,local_legacy_reproduction,validation-selected legacy run; test loss logged during training,note/results.csv,Held-out test MSE/MAE from the local legacy log; MAPE was not persisted.
CycleNet,PEMS07,96,12,2026,ok,0.0765509158372879,0.1851307600736618,,0.276678361708,255468,,,291.0379,2.8662,,,local_legacy_reproduction,validation-selected legacy run; test loss logged during training,note/results.csv,Held-out test MSE/MAE from the local legacy log; MAPE was not persisted.
FITS,PEMS07,96,12,2026,ok,0.11320488899946213,0.22700625658035278,,0.336459342268,675,,,360.1879,4.4987,,,local_legacy_reproduction,validation-selected legacy run; test loss logged during training,note/results.csv,Held-out test MSE/MAE from the local legacy log; MAPE was not persisted.
SparseTSF,PEMS07,96,12,2026,ok,0.15947780266870185,0.2873712455340029,2.361509100275051,0.399346719867,21,,,116.53357934951782,3.1989314556121826,0.10030056696637113,189.20263671875,local_completion_strict,validation-selected checkpoint; one deferred held-out test; sample-weighted streaming metrics,outputs/completion_0716v2/COMPLETION_MATRIX_0716V2_RESULTS.csv,0716v2 missing-cell completion; MAPE computed with the locked historical no-epsilon definition.
FreTS,PEMS07,96,12,2026,ok,0.07637016475200653,0.18303853273391724,,0.276351523882,3215244,,,2079.4295,9.1778,,,local_legacy_reproduction,validation-selected legacy run; test loss logged during training,note/results.csv,Held-out test MSE/MAE from the local legacy log; MAPE was not persisted.
FilterNet,PEMS07,96,12,2026,ok,0.06176598370075226,0.15998688340187073,,0.248527631664,589042,,,644.3295,11.402,,,local_legacy_reproduction,validation-selected legacy run; test loss logged during training,note/results.csv,Held-out test MSE/MAE from the local legacy log; MAPE was not persisted.
iTransformer,PEMS07,96,12,2026,ok,0.06449693441390991,0.16244111955165863,,0.253962466546,4790796,,,703.6524,7.4676,,,local_legacy_reproduction,validation-selected legacy run; test loss logged during training,note/results.csv,Held-out test MSE/MAE from the local legacy log; MAPE was not persisted.
PatchTST,PEMS07,96,12,2026,ok,0.0815201997756958,0.18947811424732208,,0.285517424645,419596,,,2101.6206,10.4013,,,local_legacy_reproduction,validation-selected legacy run; test loss logged during training,note/results.csv,Held-out test MSE/MAE from the local legacy log; MAPE was not persisted.
DLinear,PEMS07,96,12,2026,ok,0.09960801154375076,0.2138722985982895,,0.31560736928,2328,,,178.0651,3.2444,,,local_legacy_reproduction,validation-selected legacy run; test loss logged during training,note/results.csv,Held-out test MSE/MAE from the local legacy log; MAPE was not persisted.
MixLinear,PEMS07,96,12,2026,ok,0.17938554286956787,0.2995176911354065,,0.423539304988,31,,,202.1556,2.9339,,,local_legacy_reproduction,validation-selected legacy run; test loss logged during training,note/results.csv,Held-out test MSE/MAE from the local legacy log; MAPE was not persisted.
PhaseFormer,PEMS07,96,12,2026,ok,0.08970435378066231,0.20003428859891575,1.906620169803218,0.2995068509745016,2897,,,1199.7321786880493,6.680780649185181,0.42835584354947986,57.61962890625,local_phaseformer_seed2026_strict,validation-selected checkpoint; one deferred held-out test; sample-weighted streaming metrics,PHASEFORMER_SEED2026_FULL_0722V1_RESULTS.csv,phase_p12_l2_d8_h1_r8; completion_0716v2_pems_extension_period12
FreqCycle,PEMS07,96,12,2026,ok,0.06206769980922821,0.16140970143722155,1.5732167165454365,0.249133899358,282624,268660,13964,439.51518058776855,4.277054309844971,0.15308071485362298,109.81298828125,local_completion_strict,validation-selected checkpoint; one deferred held-out test; sample-weighted streaming metrics,outputs/completion_0716v2/COMPLETION_MATRIX_0716V2_RESULTS.csv,0716v2 missing-cell completion; MAPE computed with the locked historical no-epsilon definition.
Ours (Compact + Echo),PEMS07,96,24,2026,ok,0.08321105464387164,0.18584238806864187,1.7410101527082784,0.288463263941653,85762,,,209.24051356315613,2.584224224090576,0.031527874764224674,522.90576171875,local_compact_echo_hpo_seed2026_replay,profile selected by seed-2025 test MSE; frozen replay at seed=2026; held-out test metrics; not an untouched confirmatory test,HPO_TESTONLY_0722V1_FINAL_RESULTS.csv,r32_t128; input=pcke; input_k=1; basis=64; recent=0; output_k=1; channel=cycle_shared; phase_gate=1; gate_cap=0.25; lr=0.01
TQNet,PEMS07,96,24,2026,ok,0.0634087398648262,0.1610792726278305,,0.251810920861,878840,,,442.6074,4.2851,,,local_legacy_reproduction,validation-selected legacy run; test loss logged during training,note/results.csv,Held-out test MSE/MAE from the local legacy log; MAPE was not persisted.
CycleNet,PEMS07,96,24,2026,ok,0.12224359065294266,0.23362086713314056,,0.349633509053,256632,,,332.468,3.2655,,,local_legacy_reproduction,validation-selected legacy run; test loss logged during training,note/results.csv,Held-out test MSE/MAE from the local legacy log; MAPE was not persisted.
FITS,PEMS07,96,24,2026,ok,0.23571327328681946,0.33256444334983826,,0.485503113571,750,,,408.9338,5.0523,,,local_legacy_reproduction,validation-selected legacy run; test loss logged during training,note/results.csv,Held-out test MSE/MAE from the local legacy log; MAPE was not persisted.
SparseTSF,PEMS07,96,24,2026,ok,0.3502029776573181,0.44837579131126404,,0.591779500876,29,,,555.2094,3.4438,,,local_legacy_reproduction,validation-selected legacy run; test loss logged during training,note/results.csv,Held-out test MSE/MAE from the local legacy log; MAPE was not persisted.
FreTS,PEMS07,96,24,2026,ok,0.12611083686351776,0.23794017732143402,,0.355120876412,3218328,,,1831.2454,10.1501,,,local_legacy_reproduction,validation-selected legacy run; test loss logged during training,note/results.csv,Held-out test MSE/MAE from the local legacy log; MAPE was not persisted.
FilterNet,PEMS07,96,24,2026,ok,0.08546534180641174,0.1886475384235382,,0.292344560077,595198,,,672.6089,13.1017,,,local_legacy_reproduction,validation-selected legacy run; test loss logged during training,note/results.csv,Held-out test MSE/MAE from the local legacy log; MAPE was not persisted.
iTransformer,PEMS07,96,24,2026,ok,0.0899365022778511,0.19155141711235046,,0.29989415179,4796952,,,1177.8435,7.9861,,,local_legacy_reproduction,validation-selected legacy run; test loss logged during training,note/results.csv,Held-out test MSE/MAE from the local legacy log; MAPE was not persisted.
PatchTST,PEMS07,96,24,2026,ok,0.14177773892879486,0.25219690799713135,,0.376533848318,438040,,,2147.7632,11.1539,,,local_legacy_reproduction,validation-selected legacy run; test loss logged during training,note/results.csv,Held-out test MSE/MAE from the local legacy log; MAPE was not persisted.
DLinear,PEMS07,96,24,2026,ok,0.18840716779232025,0.3001418709754944,,0.434058945067,4656,,,222.5173,3.6855,,,local_legacy_reproduction,validation-selected legacy run; test loss logged during training,note/results.csv,Held-out test MSE/MAE from the local legacy log; MAPE was not persisted.
MixLinear,PEMS07,96,24,2026,ok,0.32710468769073486,0.4064851701259613,,0.571930666856,39,,,349.8873,3.533,,,local_legacy_reproduction,validation-selected legacy run; test loss logged during training,note/results.csv,Held-out test MSE/MAE from the local legacy log; MAPE was not persisted.
PhaseFormer,PEMS07,96,24,2026,ok,0.15989290367487807,0.27002763939061153,2.4155929569824637,0.39986610718449006,2906,,,1189.5583214759827,7.078457593917847,0.4380326368804578,58.42822265625,local_phaseformer_seed2026_strict,validation-selected checkpoint; one deferred held-out test; sample-weighted streaming metrics,PHASEFORMER_SEED2026_FULL_0722V1_RESULTS.csv,phase_p12_l2_d8_h1_r8; completion_0716v2_pems_extension_period12
FreqCycle,PEMS07,96,24,2026,ok,0.08844696366837541,0.19392885608758664,1.8396394658139754,0.297400342415,285720,270208,15512,452.48801708221436,4.2930381298065186,0.15432895733657584,111.44189453125,local_completion_strict,validation-selected checkpoint; one deferred held-out test; sample-weighted streaming metrics,outputs/completion_0716v2/COMPLETION_MATRIX_0716V2_RESULTS.csv,0716v2 missing-cell completion; MAPE computed with the locked historical no-epsilon definition.
Ours (Compact + Echo),PEMS07,96,48,2026,ok,0.12429099356964758,0.2223832401724551,2.001513291686832,0.352549278214617,88834,,,275.92116928100586,3.529995918273926,0.0710596401452897,627.68310546875,local_compact_echo_hpo_seed2026_replay,profile selected by seed-2025 test MSE; frozen replay at seed=2026; held-out test metrics; not an untouched confirmatory test,HPO_TESTONLY_0722V1_FINAL_RESULTS.csv,r32_t128; input=pcke; input_k=1; basis=64; recent=0; output_k=1; channel=cycle_shared; phase_gate=1; gate_cap=0.25; lr=0.01
TQNet,PEMS07,96,48,2026,ok,0.08153162151575089,0.18266886472702026,,0.285537425771,891152,,,538.6494,5.4146,,,local_legacy_reproduction,validation-selected legacy run; test loss logged during training,note/results.csv,Held-out test MSE/MAE from the local legacy log; MAPE was not persisted.
CycleNet,PEMS07,96,48,2026,ok,0.21671047806739807,0.30969762802124023,,0.46552172674,258960,,,323.8544,4.0445,,,local_legacy_reproduction,validation-selected legacy run; test loss logged during training,note/results.csv,Held-out test MSE/MAE from the local legacy log; MAPE was not persisted.
FITS,PEMS07,96,48,2026,ok,0.557212233543396,0.5366507172584534,,0.746466498608,900,,,497.9392,6.2247,,,local_legacy_reproduction,validation-selected legacy run; test loss logged during training,note/results.csv,Held-out test MSE/MAE from the local legacy log; MAPE was not persisted.
SparseTSF,PEMS07,96,48,2026,ok,0.5309286117553711,0.5512072443962097,,0.728648482984,33,,,277.2188,4.0626,,,local_legacy_reproduction,validation-selected legacy run; test loss logged during training,note/results.csv,Held-out test MSE/MAE from the local legacy log; MAPE was not persisted.
FreTS,PEMS07,96,48,2026,ok,0.22561503946781158,0.32231420278549194,,0.474989515114,3224496,,,2032.2344,10.5125,,,local_legacy_reproduction,validation-selected legacy run; test loss logged during training,note/results.csv,Held-out test MSE/MAE from the local legacy log; MAPE was not persisted.
FilterNet,PEMS07,96,48,2026,ok,0.12383144348859787,0.23109178245067596,,0.351896921681,607510,,,736.1206,13.03,,,local_legacy_reproduction,validation-selected legacy run; test loss logged during training,note/results.csv,Held-out test MSE/MAE from the local legacy log; MAPE was not persisted.
iTransformer,PEMS07,96,48,2026,ok,0.13615143299102783,0.23856857419013977,,0.368987036345,4809264,,,1093.1396,8.798,,,local_legacy_reproduction,validation-selected legacy run; test loss logged during training,note/results.csv,Held-out test MSE/MAE from the local legacy log; MAPE was not persisted.
PatchTST,PEMS07,96,48,2026,ok,0.2730798125267029,0.35766565799713135,,0.522570390021,474928,,,2219.8342,11.7598,,,local_legacy_reproduction,validation-selected legacy run; test loss logged during training,note/results.csv,Held-out test MSE/MAE from the local legacy log; MAPE was not persisted.
DLinear,PEMS07,96,48,2026,ok,0.37291374802589417,0.43317973613739014,,0.610666642306,9312,,,266.6931,4.5909,,,local_legacy_reproduction,validation-selected legacy run; test loss logged during training,note/results.csv,Held-out test MSE/MAE from the local legacy log; MAPE was not persisted.
MixLinear,PEMS07,96,48,2026,ok,0.6751923561096191,0.6057159900665283,,0.821700892119,43,,,424.362,4.5197,,,local_legacy_reproduction,validation-selected legacy run; test loss logged during training,note/results.csv,Held-out test MSE/MAE from the local legacy log; MAPE was not persisted.
PhaseFormer,PEMS07,96,48,2026,ok,0.3253229998396258,0.3928096180228809,3.2127124467047348,0.5703709317975678,2924,,,1241.9869182109833,7.131948471069336,0.4387574984116055,60.04541015625,local_phaseformer_seed2026_strict,validation-selected checkpoint; one deferred held-out test; sample-weighted streaming metrics,PHASEFORMER_SEED2026_FULL_0722V1_RESULTS.csv,phase_p12_l2_d8_h1_r8; completion_0716v2_pems_extension_period12
FreqCycle,PEMS07,96,48,2026,ok,0.1442346356888496,0.2534152016239311,2.190482299719185,0.379782353051,291912,273304,18608,501.84619760513306,4.596707582473755,0.1515540190684022,115.2978515625,local_completion_strict,validation-selected checkpoint; one deferred held-out test; sample-weighted streaming metrics,outputs/completion_0716v2/COMPLETION_MATRIX_0716V2_RESULTS.csv,0716v2 missing-cell completion; MAPE computed with the locked historical no-epsilon definition.
Ours (Compact + Echo),PEMS07,96,96,2026,ok,0.16971380290105645,0.2541527530565038,2.2185983649735785,0.411963351405263,94978,,,368.4709737300873,3.618706703186035,0.07202083654523804,864.37109375,local_compact_echo_hpo_seed2026_replay,profile selected by seed-2025 test MSE; frozen replay at seed=2026; held-out test metrics; not an untouched confirmatory test,HPO_TESTONLY_0722V1_FINAL_RESULTS.csv,r32_t128; input=pcke; input_k=1; basis=64; recent=0; output_k=1; channel=cycle_shared; phase_gate=1; gate_cap=0.25; lr=0.01
TQNet,PEMS07,96,96,2026,ok,0.10945811867713928,0.2107541710138321,,0.330844553646,915776,,,727.9992,7.1092,,,local_legacy_reproduction,validation-selected legacy run; test loss logged during training,note/results.csv,Held-out test MSE/MAE from the local legacy log; MAPE was not persisted.
CycleNet,PEMS07,96,96,2026,ok,0.3074699640274048,0.3663732409477234,,0.554499742135,263616,,,654.1183,5.5481,,,local_legacy_reproduction,validation-selected legacy run; test loss logged during training,note/results.csv,Held-out test MSE/MAE from the local legacy log; MAPE was not persisted.
FITS,PEMS07,96,96,2026,ok,1.116594672203064,0.8124346733093262,,1.05669043348,1200,,,731.4506,9.0747,,,local_legacy_reproduction,validation-selected legacy run; test loss logged during training,note/results.csv,Held-out test MSE/MAE from the local legacy log; MAPE was not persisted.
SparseTSF,PEMS07,96,96,2026,ok,0.6660770177841187,0.6097815632820129,,0.816135416328,41,,,511.9589,5.4174,,,local_legacy_reproduction,validation-selected legacy run; test loss logged during training,note/results.csv,Held-out test MSE/MAE from the local legacy log; MAPE was not persisted.
FreTS,PEMS07,96,96,2026,ok,0.3231920897960663,0.392354816198349,,0.568499859099,3236832,,,2331.6481,12.7481,,,local_legacy_reproduction,validation-selected legacy run; test loss logged during training,note/results.csv,Held-out test MSE/MAE from the local legacy log; MAPE was not persisted.
FilterNet,PEMS07,96,96,2026,ok,0.1799178123474121,0.28837883472442627,,0.424167198576,632134,,,863.031,16.0101,,,local_legacy_reproduction,validation-selected legacy run; test loss logged during training,note/results.csv,Held-out test MSE/MAE from the local legacy log; MAPE was not persisted.
iTransformer,PEMS07,96,96,2026,ok,0.19943006336688995,0.2965117394924164,,0.446575932364,4833888,,,1220.357,11.1442,,,local_legacy_reproduction,validation-selected legacy run; test loss logged during training,note/results.csv,Held-out test MSE/MAE from the local legacy log; MAPE was not persisted.
PatchTST,PEMS07,96,96,2026,ok,0.4496149718761444,0.4718672037124634,,0.670533348817,548704,,,2362.1783,13.5571,,,local_legacy_reproduction,validation-selected legacy run; test loss logged during training,note/results.csv,Held-out test MSE/MAE from the local legacy log; MAPE was not persisted.
DLinear,PEMS07,96,96,2026,ok,0.5765706896781921,0.5387219786643982,,0.759322520197,18624,,,347.1573,6.5412,,,local_legacy_reproduction,validation-selected legacy run; test loss logged during training,note/results.csv,Held-out test MSE/MAE from the local legacy log; MAPE was not persisted.
MixLinear,PEMS07,96,96,2026,ok,1.2532037496566772,0.8800389766693115,,1.11946583229,57,,,357.5455,6.4746,,,local_legacy_reproduction,validation-selected legacy run; test loss logged during training,note/results.csv,Held-out test MSE/MAE from the local legacy log; MAPE was not persisted.
PhaseFormer,PEMS07,96,96,2026,ok,0.6127946559271762,0.5561042034390473,3.9298310011807014,0.7828120182567307,2960,,,1298.8532025814056,7.458772420883179,0.4488594311338665,63.27978515625,local_phaseformer_seed2026_strict,validation-selected checkpoint; one deferred held-out test; sample-weighted streaming metrics,PHASEFORMER_SEED2026_FULL_0722V1_RESULTS.csv,phase_p12_l2_d8_h1_r8; completion_0716v2_pems_extension_period12
FreqCycle,PEMS07,96,96,2026,ok,0.23135988127316873,0.3278373110812018,2.5448569747246053,0.480998837081,304296,279496,24800,586.8583118915558,4.804902791976929,0.1534154249436094,122.08056640625,local_completion_strict,validation-selected checkpoint; one deferred held-out test; sample-weighted streaming metrics,outputs/completion_0716v2/COMPLETION_MATRIX_0716V2_RESULTS.csv,0716v2 missing-cell completion; MAPE computed with the locked historical no-epsilon definition.
Ours (Compact + Echo),PEMS08,96,12,2026,ok,0.08134477623837279,0.1865521270903285,1.5434166036407613,0.28521005634159,36706,,,48.37175464630127,1.7892522811889648,0.10805873540714069,134.91552734375,local_compact_echo_hpo_seed2026_replay,profile selected by seed-2025 test MSE; frozen replay at seed=2026; held-out test metrics; not an untouched confirmatory test,HPO_TESTONLY_0722V1_FINAL_RESULTS.csv,r32_t128; input=dense; input_k=1; basis=64; recent=0; output_k=1; channel=cycle_shared; phase_gate=1; gate_cap=1; lr=0.01
TQNet,PEMS08,96,12,2026,ok,0.08628656715154648,0.18315669894218445,,0.293745752568,667340,,,58.0021,1.3894,,,local_legacy_reproduction,validation-selected legacy run; test loss logged during training,note/results.csv,Held-out test MSE/MAE from the local legacy log; MAPE was not persisted.
CycleNet,PEMS08,96,12,2026,ok,0.09474222362041473,0.20713476836681366,,0.307802247588,50124,,,56.099,0.9652,,,local_legacy_reproduction,validation-selected legacy run; test loss logged during training,note/results.csv,Held-out test MSE/MAE from the local legacy log; MAPE was not persisted.
FITS,PEMS08,96,12,2026,ok,0.1264660656452179,0.23912332952022552,,0.355620676628,675,,,121.5256,2.023,,,local_legacy_reproduction,validation-selected legacy run; test loss logged during training,note/results.csv,Held-out test MSE/MAE from the local legacy log; MAPE was not persisted.
SparseTSF,PEMS08,96,12,2026,ok,0.18854693863206096,0.3040574079973212,2.425693209671431,0.434219919663,21,,,42.407553911209106,1.9836516380310059,0.16335576191921247,69.09814453125,local_completion_strict,validation-selected checkpoint; one deferred held-out test; sample-weighted streaming metrics,outputs/completion_0716v2/COMPLETION_MATRIX_0716V2_RESULTS.csv,0716v2 missing-cell completion; MAPE computed with the locked historical no-epsilon definition.
FreTS,PEMS08,96,12,2026,ok,0.0946640744805336,0.20026907324790955,,0.307675274406,3215244,,,224.5424,2.2173,,,local_legacy_reproduction,validation-selected legacy run; test loss logged during training,note/results.csv,Held-out test MSE/MAE from the local legacy log; MAPE was not persisted.
FilterNet,PEMS08,96,12,2026,ok,0.07764003425836563,0.1784392148256302,,0.278639613584,587616,,,344.7239,6.7377,,,local_legacy_reproduction,validation-selected legacy run; test loss logged during training,note/results.csv,Held-out test MSE/MAE from the local legacy log; MAPE was not persisted.
iTransformer,PEMS08,96,12,2026,ok,0.07768919318914413,0.17764687538146973,,0.278727812012,4790796,,,144.1867,2.2643,,,local_legacy_reproduction,validation-selected legacy run; test loss logged during training,note/results.csv,Held-out test MSE/MAE from the local legacy log; MAPE was not persisted.
PatchTST,PEMS08,96,12,2026,ok,0.09108401089906693,0.19606252014636993,,0.301801277166,419596,,,1010.504,2.3116,,,local_legacy_reproduction,validation-selected legacy run; test loss logged during training,note/results.csv,Held-out test MSE/MAE from the local legacy log; MAPE was not persisted.
DLinear,PEMS08,96,12,2026,ok,0.11319271475076675,0.2233719676733017,,0.336441250073,2328,,,35.8617,1.4306,,,local_legacy_reproduction,validation-selected legacy run; test loss logged during training,note/results.csv,Held-out test MSE/MAE from the local legacy log; MAPE was not persisted.
MixLinear,PEMS08,96,12,2026,ok,0.18847796320915222,0.30317237973213196,,0.434140487871,31,,,75.0441,1.1293,,,local_legacy_reproduction,validation-selected legacy run; test loss logged during training,note/results.csv,Held-out test MSE/MAE from the local legacy log; MAPE was not persisted.
PhaseFormer,PEMS08,96,12,2026,ok,0.10818244057341413,0.21711448204933187,1.7893364299851056,0.3289109918707706,2897,,,363.9031653404236,2.578500747680664,0.24284625132770926,41.6640625,local_phaseformer_seed2026_strict,validation-selected checkpoint; one deferred held-out test; sample-weighted streaming metrics,PHASEFORMER_SEED2026_FULL_0722V1_RESULTS.csv,phase_p12_l2_d8_h1_r8; completion_0716v2_pems_extension_period12
FreqCycle,PEMS08,96,12,2026,ok,0.07994767782878894,0.1845821203603599,1.5472816831865022,0.282750203941,77280,63316,13964,127.82441115379333,2.361288070678711,0.15663294241962472,61.18994140625,local_completion_strict,validation-selected checkpoint; one deferred held-out test; sample-weighted streaming metrics,outputs/completion_0716v2/COMPLETION_MATRIX_0716V2_RESULTS.csv,0716v2 missing-cell completion; MAPE computed with the locked historical no-epsilon definition.
Ours (Compact + Echo),PEMS08,96,24,2026,ok,0.1187122298936126,0.22651130169211015,1.8529064138790075,0.344546411813579,38242,,,51.63047122955322,1.7461371421813965,0.10366341684303922,144.91748046875,local_compact_echo_hpo_seed2026_replay,profile selected by seed-2025 test MSE; frozen replay at seed=2026; held-out test metrics; not an untouched confirmatory test,HPO_TESTONLY_0722V1_FINAL_RESULTS.csv,r32_t128; input=dense; input_k=1; basis=64; recent=0; output_k=1; channel=cycle_shared; phase_gate=1; gate_cap=1; lr=0.01
TQNet,PEMS08,96,24,2026,ok,0.1366931051015854,0.2244630753993988,,0.369720306585,673496,,,90.6024,1.4356,,,local_legacy_reproduction,validation-selected legacy run; test loss logged during training,note/results.csv,Held-out test MSE/MAE from the local legacy log; MAPE was not persisted.
CycleNet,PEMS08,96,24,2026,ok,0.14564797282218933,0.2560206353664398,,0.381638536867,51288,,,69.9063,0.9302,,,local_legacy_reproduction,validation-selected legacy run; test loss logged during training,note/results.csv,Held-out test MSE/MAE from the local legacy log; MAPE was not persisted.
FITS,PEMS08,96,24,2026,ok,0.24473802745342255,0.3395227789878845,,0.494710043817,750,,,126.9591,2.2369,,,local_legacy_reproduction,validation-selected legacy run; test loss logged during training,note/results.csv,Held-out test MSE/MAE from the local legacy log; MAPE was not persisted.
SparseTSF,PEMS08,96,24,2026,ok,0.3463408350944519,0.4287269115447998,,0.588507294003,29,,,85.432,1.0694,,,local_legacy_reproduction,validation-selected legacy run; test loss logged during training,note/results.csv,Held-out test MSE/MAE from the local legacy log; MAPE was not persisted.
FreTS,PEMS08,96,24,2026,ok,0.14921848475933075,0.2564557194709778,,0.386288085189,3218328,,,146.0274,2.2263,,,local_legacy_reproduction,validation-selected legacy run; test loss logged during training,note/results.csv,Held-out test MSE/MAE from the local legacy log; MAPE was not persisted.
FilterNet,PEMS08,96,24,2026,ok,0.11117029190063477,0.21657410264015198,,0.3334220927,593772,,,259.3384,6.7179,,,local_legacy_reproduction,validation-selected legacy run; test loss logged during training,note/results.csv,Held-out test MSE/MAE from the local legacy log; MAPE was not persisted.
iTransformer,PEMS08,96,24,2026,ok,0.11294998228549957,0.2113352119922638,,0.336080321182,4796952,,,162.7102,2.4002,,,local_legacy_reproduction,validation-selected legacy run; test loss logged during training,note/results.csv,Held-out test MSE/MAE from the local legacy log; MAPE was not persisted.
PatchTST,PEMS08,96,24,2026,ok,0.14520525932312012,0.24871204793453217,,0.381058078675,438040,,,1023.8576,2.2694,,,local_legacy_reproduction,validation-selected legacy run; test loss logged during training,note/results.csv,Held-out test MSE/MAE from the local legacy log; MAPE was not persisted.
DLinear,PEMS08,96,24,2026,ok,0.19705654680728912,0.30102425813674927,,0.443910516667,4656,,,49.0899,1.4287,,,local_legacy_reproduction,validation-selected legacy run; test loss logged during training,note/results.csv,Held-out test MSE/MAE from the local legacy log; MAPE was not persisted.
MixLinear,PEMS08,96,24,2026,ok,0.32273077964782715,0.40495291352272034,,0.568093988393,39,,,80.4818,1.3547,,,local_legacy_reproduction,validation-selected legacy run; test loss logged during training,note/results.csv,Held-out test MSE/MAE from the local legacy log; MAPE was not persisted.
PhaseFormer,PEMS08,96,24,2026,ok,0.18446893626391148,0.2871181059375686,2.4970224884028185,0.42949847061882707,2906,,,359.23336362838745,3.062112808227539,0.28442286583358733,41.97509765625,local_phaseformer_seed2026_strict,validation-selected checkpoint; one deferred held-out test; sample-weighted streaming metrics,PHASEFORMER_SEED2026_FULL_0722V1_RESULTS.csv,phase_p12_l2_d8_h1_r8; completion_0716v2_pems_extension_period12
FreqCycle,PEMS08,96,24,2026,ok,0.11690947606832466,0.22458286519699047,1.8938745092216875,0.341920277358,80376,64864,15512,129.3686273097992,2.226602792739868,0.14289000358751722,61.826171875,local_completion_strict,validation-selected checkpoint; one deferred held-out test; sample-weighted streaming metrics,outputs/completion_0716v2/COMPLETION_MATRIX_0716V2_RESULTS.csv,0716v2 missing-cell completion; MAPE computed with the locked historical no-epsilon definition.
Ours (Compact + Echo),PEMS08,96,48,2026,ok,0.2052488033277946,0.3022584696944229,2.229177277683412,0.453043930902727,41314,,,53.911338090896606,1.7765116691589355,0.1025887392150771,164.84326171875,local_compact_echo_hpo_seed2026_replay,profile selected by seed-2025 test MSE; frozen replay at seed=2026; held-out test metrics; not an untouched confirmatory test,HPO_TESTONLY_0722V1_FINAL_RESULTS.csv,r32_t128; input=dense; input_k=1; basis=64; recent=0; output_k=1; channel=cycle_shared; phase_gate=1; gate_cap=1; lr=0.01
TQNet,PEMS08,96,48,2026,ok,0.2507878243923187,0.3056947588920593,,0.500787204701,685808,,,46.4115,1.5823,,,local_legacy_reproduction,validation-selected legacy run; test loss logged during training,note/results.csv,Held-out test MSE/MAE from the local legacy log; MAPE was not persisted.
CycleNet,PEMS08,96,48,2026,ok,0.2598176896572113,0.33904287219047546,,0.509723150011,53616,,,47.4006,1.0782,,,local_legacy_reproduction,validation-selected legacy run; test loss logged during training,note/results.csv,Held-out test MSE/MAE from the local legacy log; MAPE was not persisted.
FITS,PEMS08,96,48,2026,ok,0.5759686231613159,0.5486019849777222,,0.758925966851,900,,,139.9803,2.393,,,local_legacy_reproduction,validation-selected legacy run; test loss logged during training,note/results.csv,Held-out test MSE/MAE from the local legacy log; MAPE was not persisted.
SparseTSF,PEMS08,96,48,2026,ok,0.5459172129631042,0.5373502969741821,,0.738862106866,33,,,44.1188,1.2932,,,local_legacy_reproduction,validation-selected legacy run; test loss logged during training,note/results.csv,Held-out test MSE/MAE from the local legacy log; MAPE was not persisted.
FreTS,PEMS08,96,48,2026,ok,0.2451937049627304,0.33390599489212036,,0.495170379731,3224496,,,182.1369,2.37,,,local_legacy_reproduction,validation-selected legacy run; test loss logged during training,note/results.csv,Held-out test MSE/MAE from the local legacy log; MAPE was not persisted.
FilterNet,PEMS08,96,48,2026,ok,0.17075802385807037,0.26826047897338867,,0.413228779078,606084,,,299.764,7.0462,,,local_legacy_reproduction,validation-selected legacy run; test loss logged during training,note/results.csv,Held-out test MSE/MAE from the local legacy log; MAPE was not persisted.
iTransformer,PEMS08,96,48,2026,ok,0.1807032972574234,0.26716282963752747,,0.42509210444,4809264,,,169.9234,2.6936,,,local_legacy_reproduction,validation-selected legacy run; test loss logged during training,note/results.csv,Held-out test MSE/MAE from the local legacy log; MAPE was not persisted.
PatchTST,PEMS08,96,48,2026,ok,0.2540849447250366,0.33230721950531006,,0.504068392904,474928,,,1055.1224,2.4186,,,local_legacy_reproduction,validation-selected legacy run; test loss logged during training,note/results.csv,Held-out test MSE/MAE from the local legacy log; MAPE was not persisted.
DLinear,PEMS08,96,48,2026,ok,0.39145830273628235,0.4302433133125305,,0.625666287038,9312,,,35.7094,1.5379,,,local_legacy_reproduction,validation-selected legacy run; test loss logged during training,note/results.csv,Held-out test MSE/MAE from the local legacy log; MAPE was not persisted.
MixLinear,PEMS08,96,48,2026,ok,0.6773122549057007,0.608083963394165,,0.822989826733,43,,,90.9196,1.3538,,,local_legacy_reproduction,validation-selected legacy run; test loss logged during training,note/results.csv,Held-out test MSE/MAE from the local legacy log; MAPE was not persisted.
PhaseFormer,PEMS08,96,48,2026,ok,0.3664510811851531,0.41416236330106665,3.3832043909166676,0.6053520307929536,2924,,,369.15440130233765,2.5572125911712646,0.22217417366584133,42.599609375,local_phaseformer_seed2026_strict,validation-selected checkpoint; one deferred held-out test; sample-weighted streaming metrics,PHASEFORMER_SEED2026_FULL_0722V1_RESULTS.csv,phase_p12_l2_d8_h1_r8; completion_0716v2_pems_extension_period12
FreqCycle,PEMS08,96,48,2026,ok,0.19679371320399489,0.2885324788946349,2.280365358442725,0.443614374433,86568,67960,18608,135.9417142868042,2.1720900535583496,0.148026441661567,63.09912109375,local_completion_strict,validation-selected checkpoint; one deferred held-out test; sample-weighted streaming metrics,outputs/completion_0716v2/COMPLETION_MATRIX_0716V2_RESULTS.csv,0716v2 missing-cell completion; MAPE computed with the locked historical no-epsilon definition.
Ours (Compact + Echo),PEMS08,96,96,2026,ok,0.34813523867046803,0.39187578524728683,2.5486879459412597,0.59002986252432,47458,,,63.598355770111084,1.2193984985351562,0.04593944793938948,227.10205078125,local_compact_echo_hpo_seed2026_replay,profile selected by seed-2025 test MSE; frozen replay at seed=2026; held-out test metrics; not an untouched confirmatory test,HPO_TESTONLY_0722V1_FINAL_RESULTS.csv,r32_t128; input=dense; input_k=1; basis=64; recent=0; output_k=1; channel=cycle_shared; phase_gate=1; gate_cap=1; lr=0.01
TQNet,PEMS08,96,96,2026,ok,0.39178434014320374,0.357980877161026,,0.62592678497,710432,,,106.565,1.804,,,local_legacy_reproduction,validation-selected legacy run; test loss logged during training,note/results.csv,Held-out test MSE/MAE from the local legacy log; MAPE was not persisted.
CycleNet,PEMS08,96,96,2026,ok,0.3591977059841156,0.39444881677627563,,0.59933104874,58272,,,98.4946,1.3125,,,local_legacy_reproduction,validation-selected legacy run; test loss logged during training,note/results.csv,Held-out test MSE/MAE from the local legacy log; MAPE was not persisted.
FITS,PEMS08,96,96,2026,ok,1.2444989681243896,0.856412947177887,,1.11557113988,1200,,,159.5975,2.5057,,,local_legacy_reproduction,validation-selected legacy run; test loss logged during training,note/results.csv,Held-out test MSE/MAE from the local legacy log; MAPE was not persisted.
SparseTSF,PEMS08,96,96,2026,ok,0.7557899951934814,0.6054753065109253,,0.869361832147,41,,,64.2404,1.5051,,,local_legacy_reproduction,validation-selected legacy run; test loss logged during training,note/results.csv,Held-out test MSE/MAE from the local legacy log; MAPE was not persisted.
FreTS,PEMS08,96,96,2026,ok,0.35469919443130493,0.39764460921287537,,0.595566280469,3236832,,,312.1501,2.7121,,,local_legacy_reproduction,validation-selected legacy run; test loss logged during training,note/results.csv,Held-out test MSE/MAE from the local legacy log; MAPE was not persisted.
FilterNet,PEMS08,96,96,2026,ok,0.2924198508262634,0.3337368369102478,,0.540758588306,630708,,,367.5146,8.326,,,local_legacy_reproduction,validation-selected legacy run; test loss logged during training,note/results.csv,Held-out test MSE/MAE from the local legacy log; MAPE was not persisted.
iTransformer,PEMS08,96,96,2026,ok,0.3034994304180145,0.34613075852394104,,0.550907823885,4833888,,,275.069,2.7677,,,local_legacy_reproduction,validation-selected legacy run; test loss logged during training,note/results.csv,Held-out test MSE/MAE from the local legacy log; MAPE was not persisted.
PatchTST,PEMS08,96,96,2026,ok,0.438340425491333,0.4456843137741089,,0.662072824915,548704,,,887.2845,2.7739,,,local_legacy_reproduction,validation-selected legacy run; test loss logged during training,note/results.csv,Held-out test MSE/MAE from the local legacy log; MAPE was not persisted.
DLinear,PEMS08,96,96,2026,ok,0.6512500047683716,0.5414467453956604,,0.807000622533,18624,,,44.0581,1.9609,,,local_legacy_reproduction,validation-selected legacy run; test loss logged during training,note/results.csv,Held-out test MSE/MAE from the local legacy log; MAPE was not persisted.
MixLinear,PEMS08,96,96,2026,ok,1.345379114151001,0.8998231291770935,,1.15990478667,57,,,100.7661,1.6381,,,local_legacy_reproduction,validation-selected legacy run; test loss logged during training,note/results.csv,Held-out test MSE/MAE from the local legacy log; MAPE was not persisted.
PhaseFormer,PEMS08,96,96,2026,ok,0.757548792712452,0.5968895495973695,3.9197293651118947,0.8703727895059978,2960,,,305.80546021461487,3.0565128326416016,0.26249419442314753,43.84912109375,local_phaseformer_seed2026_strict,validation-selected checkpoint; one deferred held-out test; sample-weighted streaming metrics,PHASEFORMER_SEED2026_FULL_0722V1_RESULTS.csv,phase_p12_l2_d8_h1_r8; completion_0716v2_pems_extension_period12
FreqCycle,PEMS08,96,96,2026,ok,0.35843706570905076,0.3818325317897204,2.5763441084578678,0.598696138044,98952,74152,24800,142.4278588294983,2.673301935195923,0.14727205087369688,65.64501953125,local_completion_strict,validation-selected checkpoint; one deferred held-out test; sample-weighted streaming metrics,outputs/completion_0716v2/COMPLETION_MATRIX_0716V2_RESULTS.csv,0716v2 missing-cell completion; MAPE computed with the locked historical no-epsilon definition.
