arm,dataset,seq_len,pred_len,seed,status,val_mse,mse,mae,cut_freq,periods,exit_code,job_id,log_file,val_mae,val_mae_seg0,val_mae_seg1,val_mae_seg2,val_mae_seg3,val_mse_seg0,val_mse_seg1,val_mse_seg2,val_mse_seg3
phase6_asx_cross,ETTh1,720,192,2024,ok,0.9510654,0.41969287395477295,0.4276595711708069,181,24+168,0,28522554,logs/AsySpecX_phase6/phase6_asx_cross_ETTh1_sl720_pl192_sd2024.log,0.6679515,0.6988117,0.7384311,0.6140035,0.6205138,1.0844861,1.088792,0.839018,0.7928394
phase6_asx_cross,ETTh1,720,192,2025,ok,0.9600041,0.41759979724884033,0.42764967679977417,181,24+168,0,28522562,logs/AsySpecX_phase6/phase6_asx_cross_ETTh1_sl720_pl192_sd2025.log,0.6728351,0.6981768,0.7396446,0.6185436,0.6349378,1.0804298,1.0835536,0.8614697,0.8158233
phase6_asx_cross,ETTh1,720,192,2026,ok,0.9691973,0.4192512333393097,0.4273549020290375,181,24+168,0,28522570,logs/AsySpecX_phase6/phase6_asx_cross_ETTh1_sl720_pl192_sd2026.log,0.6765562,0.7032629,0.7556055,0.6184958,0.6288211,1.0918101,1.1351789,0.8440726,0.806128
phase6_asx_cross,ETTh1,720,336,2024,ok,1.1554615,0.4423026144504547,0.44228097796440125,181,24+168,0,28522555,logs/AsySpecX_phase6/phase6_asx_cross_ETTh1_sl720_pl336_sd2024.log,0.7446855,0.8008747,0.7942353,0.6882499,0.695294,1.4317424,1.2529856,0.9663759,0.9702221
phase6_asx_cross,ETTh1,720,336,2025,ok,1.1560709,0.4457381069660187,0.44335073232650757,181,24+168,0,28522563,logs/AsySpecX_phase6/phase6_asx_cross_ETTh1_sl720_pl336_sd2025.log,0.7447276,0.7981842,0.7943615,0.6828486,0.7034318,1.4176449,1.2544081,0.9629644,0.9919094
phase6_asx_cross,ETTh1,720,336,2026,ok,1.1587702,0.4452802836894989,0.4449023902416229,181,24+168,0,28522571,logs/AsySpecX_phase6/phase6_asx_cross_ETTh1_sl720_pl336_sd2026.log,0.7467777,0.8031658,0.7901094,0.6920294,0.7017177,1.4484453,1.2320441,0.9745867,0.9791083
phase6_asx_cross,ETTh1,720,720,2024,ok,1.4019762,0.44960731267929077,0.4635275900363922,181,24+168,0,28522556,logs/AsySpecX_phase6/phase6_asx_cross_ETTh1_sl720_pl720_sd2024.log,0.8294562,0.9632078,0.8896343,0.8286287,0.6361061,2.0588303,1.4888165,1.2166499,0.8456311
phase6_asx_cross,ETTh1,720,720,2025,ok,1.4061172,0.4564704895019531,0.46602267026901245,181,24+168,0,28522564,logs/AsySpecX_phase6/phase6_asx_cross_ETTh1_sl720_pl720_sd2025.log,0.8328992,0.9395748,0.9218645,0.8182377,0.6517222,1.9710542,1.5601717,1.211292,0.8866804
phase6_asx_cross,ETTh1,720,720,2026,ok,1.3835757,0.4578005373477936,0.4640950560569763,181,24+168,0,28522572,logs/AsySpecX_phase6/phase6_asx_cross_ETTh1_sl720_pl720_sd2026.log,0.821443,0.9510804,0.8899186,0.8143442,0.6301887,2.0227931,1.4983051,1.1893697,0.8337073
phase6_asx_cross,ETTh1,720,96,2024,ok,0.713086,0.3842792510986328,0.4083326756954193,181,24+168,0,28522553,logs/AsySpecX_phase6/phase6_asx_cross_ETTh1_sl720_pl96_sd2024.log,0.5836096,0.59634,0.669167,0.5267348,0.5421785,0.7472592,0.8779129,0.6286151,0.6075019
phase6_asx_cross,ETTh1,720,96,2025,ok,0.7059077,0.3820101320743561,0.4067477285861969,181,24+168,0,28522561,logs/AsySpecX_phase6/phase6_asx_cross_ETTh1_sl720_pl96_sd2025.log,0.5754939,0.579375,0.6629267,0.5244611,0.5352073,0.7215169,0.8611084,0.6523852,0.599329
phase6_asx_cross,ETTh1,720,96,2026,ok,0.7209827,0.38225507736206055,0.407240092754364,181,24+168,0,28522569,logs/AsySpecX_phase6/phase6_asx_cross_ETTh1_sl720_pl96_sd2026.log,0.5849021,0.5967267,0.6757422,0.5305132,0.5366095,0.7529362,0.9031305,0.6389015,0.5999888
phase6_asx_cross,ETTh1,96,192,2024,ok,1.0100038,0.43996015191078186,0.4279957413673401,25,24+168,0,28522550,logs/AsySpecX_phase6/phase6_asx_cross_ETTh1_sl96_pl192_sd2024.log,0.6604119,0.6819078,0.7348648,0.628355,0.5964881,1.0275768,1.1601132,1.0349842,0.8183686
phase6_asx_cross,ETTh1,96,192,2025,ok,1.0089372,0.4410831034183502,0.42958879470825195,25,24+168,0,28522558,logs/AsySpecX_phase6/phase6_asx_cross_ETTh1_sl96_pl192_sd2025.log,0.6611142,0.6817769,0.7341641,0.6290609,0.5994244,1.0260386,1.1573273,1.0345434,0.8185468
phase6_asx_cross,ETTh1,96,192,2026,ok,1.0098858,0.4380103051662445,0.4258992671966553,25,24+168,0,28522566,logs/AsySpecX_phase6/phase6_asx_cross_ETTh1_sl96_pl192_sd2026.log,0.6596431,0.6822745,0.7345531,0.6275479,0.5941631,1.0285802,1.1614785,1.035342,0.8178895
phase6_asx_cross,ETTh1,96,336,2024,ok,1.2853136,0.478499174118042,0.44396838545799255,25,24+168,0,28522551,logs/AsySpecX_phase6/phase6_asx_cross_ETTh1_sl96_pl336_sd2024.log,0.7575749,0.8009463,0.797591,0.7402796,0.6914148,1.4242066,1.3869079,1.2910547,1.058147
phase6_asx_cross,ETTh1,96,336,2025,ok,1.2912066,0.48263734579086304,0.4466454088687897,25,24+168,0,28522559,logs/AsySpecX_phase6/phase6_asx_cross_ETTh1_sl96_pl336_sd2025.log,0.7600303,0.8027204,0.798793,0.7438353,0.6947052,1.4265178,1.3903704,1.2987682,1.0648293
phase6_asx_cross,ETTh1,96,336,2026,ok,1.2948608,0.4791312515735626,0.44546031951904297,25,24+168,0,28522567,logs/AsySpecX_phase6/phase6_asx_cross_ETTh1_sl96_pl336_sd2026.log,0.7613485,0.802441,0.8017154,0.7467281,0.694445,1.4274956,1.398079,1.3041539,1.0656937
phase6_asx_cross,ETTh1,96,720,2024,ok,1.5650768,0.46795010566711426,0.4554227888584137,25,24+168,0,28522552,logs/AsySpecX_phase6/phase6_asx_cross_ETTh1_sl96_pl720_sd2024.log,0.853291,0.9595635,0.9260393,0.8809703,0.6463943,2.0463974,1.7601498,1.5464411,0.9292204
phase6_asx_cross,ETTh1,96,720,2025,ok,1.5646157,0.4688500463962555,0.45582520961761475,25,24+168,0,28522560,logs/AsySpecX_phase6/phase6_asx_cross_ETTh1_sl96_pl720_sd2025.log,0.8519667,0.9591297,0.924412,0.8798286,0.6442983,2.0450635,1.7563242,1.5452636,0.9244736
phase6_asx_cross,ETTh1,96,720,2026,ok,1.5697272,0.4700217843055725,0.4601975083351135,25,24+168,0,28522568,logs/AsySpecX_phase6/phase6_asx_cross_ETTh1_sl96_pl720_sd2026.log,0.8556864,0.9651278,0.9277851,0.881671,0.6479589,2.0574617,1.767909,1.5522146,0.9317816
phase6_asx_cross,ETTh1,96,96,2024,ok,0.7080708,0.39082223176956177,0.40078282356262207,25,24+168,0,28522549,logs/AsySpecX_phase6/phase6_asx_cross_ETTh1_sl96_pl96_sd2024.log,0.5579563,0.5628747,0.6447951,0.5249637,0.4991849,0.6805321,0.8636802,0.7226001,0.5847676
phase6_asx_cross,ETTh1,96,96,2025,ok,0.708702,0.3913896083831787,0.39977315068244934,25,24+168,0,28522557,logs/AsySpecX_phase6/phase6_asx_cross_ETTh1_sl96_pl96_sd2025.log,0.5556348,0.5575916,0.6410712,0.5265776,0.4972958,0.6730874,0.8600769,0.7302055,0.5810506
phase6_asx_cross,ETTh1,96,96,2026,ok,0.7106978,0.39249542355537415,0.4015246331691742,25,24+168,0,28522565,logs/AsySpecX_phase6/phase6_asx_cross_ETTh1_sl96_pl96_sd2026.log,0.5565317,0.5595074,0.6426288,0.5261812,0.497805,0.6759519,0.8627309,0.7314088,0.5822096
phase6_asx_cross,ETTm1,720,192,2024,ok,0.5184903,0.34884878993034363,0.38106316328048706,43,96+672,0,28522578,logs/AsySpecX_phase6/phase6_asx_cross_ETTm1_sl720_pl192_sd2024.log,0.4806572,0.4577977,0.5604538,0.4696431,0.4347423,0.4498566,0.6456473,0.555513,0.4228756
phase6_asx_cross,ETTm1,720,192,2025,ok,0.5157093,0.35104626417160034,0.3802494406700134,43,96+672,0,28522586,logs/AsySpecX_phase6/phase6_asx_cross_ETTm1_sl720_pl192_sd2025.log,0.4759311,0.4518104,0.5561229,0.4689546,0.4268452,0.43828,0.6421168,0.5706031,0.4119924
phase6_asx_cross,ETTm1,720,192,2026,ok,0.5139811,0.34861844778060913,0.3794235587120056,43,96+672,0,28522594,logs/AsySpecX_phase6/phase6_asx_cross_ETTm1_sl720_pl192_sd2026.log,0.4768172,0.451699,0.558416,0.4688122,0.4283507,0.4407165,0.6380077,0.5632386,0.4140288
phase6_asx_cross,ETTm1,720,336,2024,ok,0.6530977,0.3771543502807617,0.39772114157676697,43,96+672,0,28522579,logs/AsySpecX_phase6/phase6_asx_cross_ETTm1_sl720_pl336_sd2024.log,0.5355757,0.5300804,0.6172876,0.5197175,0.4752195,0.6062531,0.7803739,0.7194667,0.5081038
phase6_asx_cross,ETTm1,720,336,2025,ok,0.6625739,0.3793903589248657,0.3981545567512512,43,96+672,0,28522587,logs/AsySpecX_phase6/phase6_asx_cross_ETTm1_sl720_pl336_sd2025.log,0.5389815,0.5309963,0.6267443,0.5194491,0.4787392,0.6118383,0.8054259,0.7213744,0.5127591
phase6_asx_cross,ETTm1,720,336,2026,ok,0.6699846,0.3814108371734619,0.3999735414981842,43,96+672,0,28522595,logs/AsySpecX_phase6/phase6_asx_cross_ETTm1_sl720_pl336_sd2026.log,0.5444571,0.5319504,0.6319815,0.5354308,0.4784701,0.6060368,0.8108019,0.7522003,0.5092508
phase6_asx_cross,ETTm1,720,720,2024,ok,0.9377213,0.4255308210849762,0.4230521321296692,43,96+672,0,28522580,logs/AsySpecX_phase6/phase6_asx_cross_ETTm1_sl720_pl720_sd2024.log,0.6428408,0.6650485,0.7165054,0.6152831,0.5745177,0.984032,1.0670825,0.9739938,0.7267208
phase6_asx_cross,ETTm1,720,720,2025,ok,0.9335905,0.4251997470855713,0.4233514666557312,43,96+672,0,28522588,logs/AsySpecX_phase6/phase6_asx_cross_ETTm1_sl720_pl720_sd2025.log,0.6420476,0.6621565,0.717374,0.6109957,0.5776572,0.9789411,1.0532503,0.978395,0.7261634
phase6_asx_cross,ETTm1,720,720,2026,ok,0.9382626,0.4236471951007843,0.42036014795303345,43,96+672,0,28522596,logs/AsySpecX_phase6/phase6_asx_cross_ETTm1_sl720_pl720_sd2026.log,0.642363,0.6627436,0.7156951,0.6168969,0.574109,0.9844998,1.068395,0.9714334,0.7320077
phase6_asx_cross,ETTm1,720,96,2024,ok,0.4147149,0.32122236490249634,0.3619654178619385,43,96+672,0,28522577,logs/AsySpecX_phase6/phase6_asx_cross_ETTm1_sl720_pl96_sd2024.log,0.4280243,0.3962367,0.5026838,0.4261193,0.3870685,0.3429837,0.5319488,0.4414967,0.3433951
phase6_asx_cross,ETTm1,720,96,2025,ok,0.4047955,0.31692788004875183,0.36179694533348083,43,96+672,0,28522585,logs/AsySpecX_phase6/phase6_asx_cross_ETTm1_sl720_pl96_sd2025.log,0.4216776,0.3956357,0.4983565,0.4170206,0.3757066,0.3408023,0.5260449,0.4248556,0.3282314
phase6_asx_cross,ETTm1,720,96,2026,ok,0.4228068,0.3182034492492676,0.3616849482059479,43,96+672,0,28522593,logs/AsySpecX_phase6/phase6_asx_cross_ETTm1_sl720_pl96_sd2026.log,0.4330096,0.406707,0.5097098,0.4216535,0.3939772,0.357691,0.5572163,0.4266415,0.3502621
phase6_asx_cross,ETTm1,96,192,2024,ok,0.533012,0.39096125960350037,0.397457480430603,7,96+672,0,28522574,logs/AsySpecX_phase6/phase6_asx_cross_ETTm1_sl96_pl192_sd2024.log,0.4814615,0.4578951,0.5693422,0.465949,0.4326682,0.4572757,0.6989653,0.5418961,0.434441
phase6_asx_cross,ETTm1,96,192,2025,ok,0.5299191,0.3889709413051605,0.3962329626083374,7,96+672,0,28522582,logs/AsySpecX_phase6/phase6_asx_cross_ETTm1_sl96_pl192_sd2025.log,0.4796608,0.4541201,0.5685743,0.4659059,0.430052,0.4506127,0.697636,0.5408734,0.4309557
phase6_asx_cross,ETTm1,96,192,2026,ok,0.5355084,0.39136430621147156,0.3978675305843353,7,96+672,0,28522590,logs/AsySpecX_phase6/phase6_asx_cross_ETTm1_sl96_pl192_sd2026.log,0.4824118,0.4566865,0.5705585,0.4671549,0.4352565,0.4568652,0.7051757,0.5435489,0.4368049
phase6_asx_cross,ETTm1,96,336,2024,ok,0.6779268,0.4191538393497467,0.4154350161552429,7,96+672,0,28522575,logs/AsySpecX_phase6/phase6_asx_cross_ETTm1_sl96_pl336_sd2024.log,0.5453141,0.5374878,0.6486541,0.5114515,0.4836662,0.6213181,0.8715681,0.6755688,0.5459322
phase6_asx_cross,ETTm1,96,336,2025,ok,0.6767372,0.41713425517082214,0.41376593708992004,7,96+672,0,28522583,logs/AsySpecX_phase6/phase6_asx_cross_ETTm1_sl96_pl336_sd2025.log,0.5428682,0.5330991,0.6448948,0.5114506,0.4820318,0.6155831,0.8708708,0.6803644,0.5462311
phase6_asx_cross,ETTm1,96,336,2026,ok,0.6780006,0.4179029166698456,0.4141126573085785,7,96+672,0,28522591,logs/AsySpecX_phase6/phase6_asx_cross_ETTm1_sl96_pl336_sd2026.log,0.5439754,0.5329069,0.6464875,0.5128784,0.4836327,0.6146305,0.8719096,0.6808352,0.5476377
phase6_asx_cross,ETTm1,96,720,2024,ok,0.9938284,0.4825979173183441,0.4477805495262146,7,96+672,0,28522576,logs/AsySpecX_phase6/phase6_asx_cross_ETTm1_sl96_pl720_sd2024.log,0.6582786,0.673593,0.746838,0.6283789,0.584299,0.9722222,1.1920235,1.0215476,0.7931496
phase6_asx_cross,ETTm1,96,720,2025,ok,0.9936333,0.4822116792201996,0.4470691382884979,7,96+672,0,28522584,logs/AsySpecX_phase6/phase6_asx_cross_ETTm1_sl96_pl720_sd2025.log,0.6585941,0.6728715,0.7475864,0.6292557,0.5846575,0.9706268,1.1938229,1.0213742,0.7924824
phase6_asx_cross,ETTm1,96,720,2026,ok,0.9946244,0.4818263351917267,0.4467380940914154,7,96+672,0,28522592,logs/AsySpecX_phase6/phase6_asx_cross_ETTm1_sl96_pl720_sd2026.log,0.658282,0.6721287,0.7463619,0.629802,0.5848302,0.9707577,1.1931489,1.0235889,0.7956114
phase6_asx_cross,ETTm1,96,96,2024,ok,0.414263,0.36098167300224304,0.38638103008270264,7,96+672,0,28522573,logs/AsySpecX_phase6/phase6_asx_cross_ETTm1_sl96_pl96_sd2024.log,0.4264866,0.4023063,0.4975491,0.4150193,0.39108,0.3513792,0.556353,0.4002194,0.3484041
phase6_asx_cross,ETTm1,96,96,2025,ok,0.4080804,0.35140857100486755,0.3787609040737152,7,96+672,0,28522581,logs/AsySpecX_phase6/phase6_asx_cross_ETTm1_sl96_pl96_sd2025.log,0.4205631,0.3985731,0.48989,0.4087972,0.385,0.34781,0.5448139,0.3973014,0.3441797
phase6_asx_cross,ETTm1,96,96,2026,ok,0.4107451,0.35597217082977295,0.38337624073028564,7,96+672,0,28522589,logs/AsySpecX_phase6/phase6_asx_cross_ETTm1_sl96_pl96_sd2026.log,0.4223349,0.3990558,0.4922265,0.4108053,0.3872602,0.3485152,0.5497798,0.3980927,0.3460802
phase6_asx_cross,PEMS04,96,12,2024,ok,0.0974896,0.09307422488927841,0.20467741787433624,49,24,0,28522669,logs/AsySpecX_phase6/phase6_asx_cross_PEMS04_sl96_pl12_sd2024.log,0.2118753,0.2196434,0.2017876,0.2084757,0.2176011,0.1049639,0.0890703,0.0973919,0.098849
phase6_asx_cross,PEMS04,96,12,2025,ok,0.0975631,0.09322547167539597,0.20488432049751282,49,24,0,28522673,logs/AsySpecX_phase6/phase6_asx_cross_PEMS04_sl96_pl12_sd2025.log,0.2117925,0.2194548,0.2018578,0.2085167,0.2173474,0.1049417,0.0890789,0.097539,0.0987654
phase6_asx_cross,PEMS04,96,12,2026,ok,0.0977546,0.0933331772685051,0.20491506159305573,49,24,0,28522677,logs/AsySpecX_phase6/phase6_asx_cross_PEMS04_sl96_pl12_sd2026.log,0.2120706,0.2199502,0.2018602,0.208659,0.2178196,0.1053016,0.0892358,0.0976624,0.099137
phase6_asx_cross,PEMS04,96,24,2024,ok,0.1443664,0.13951759040355682,0.256724089384079,49,24,0,28522670,logs/AsySpecX_phase6/phase6_asx_cross_PEMS04_sl96_pl24_sd2024.log,0.2634386,0.274839,0.248917,0.2585511,0.2714566,0.1588608,0.127978,0.1439526,0.147106
phase6_asx_cross,PEMS04,96,24,2025,ok,0.1443654,0.1394130438566208,0.2567377984523773,49,24,0,28522674,logs/AsySpecX_phase6/phase6_asx_cross_PEMS04_sl96_pl24_sd2025.log,0.2634627,0.2749714,0.2488705,0.2586043,0.2714139,0.1588632,0.127935,0.1439049,0.1470515
phase6_asx_cross,PEMS04,96,24,2026,ok,0.1448364,0.13988851010799408,0.2567095458507538,49,24,0,28522678,logs/AsySpecX_phase6/phase6_asx_cross_PEMS04_sl96_pl24_sd2026.log,0.2632658,0.274717,0.248815,0.2581557,0.2713851,0.1595635,0.1282544,0.1441597,0.1475067
phase6_asx_cross,PEMS04,96,48,2024,ok,0.2684075,0.25301235914230347,0.3557122051715851,49,24,0,28522671,logs/AsySpecX_phase6/phase6_asx_cross_PEMS04_sl96_pl48_sd2024.log,0.3673679,0.3880768,0.341703,0.3598022,0.3799045,0.3039654,0.2250935,0.2653262,0.2792894
phase6_asx_cross,PEMS04,96,48,2025,ok,0.2548921,0.24947091937065125,0.3562508821487427,49,24,0,28522675,logs/AsySpecX_phase6/phase6_asx_cross_PEMS04_sl96_pl48_sd2025.log,0.3609163,0.3770755,0.3438613,0.3526682,0.3700712,0.2811902,0.2235455,0.2516632,0.262973
phase6_asx_cross,PEMS04,96,48,2026,ok,0.2601023,0.2531357407569885,0.3605908155441284,49,24,0,28522679,logs/AsySpecX_phase6/phase6_asx_cross_PEMS04_sl96_pl48_sd2026.log,0.366588,0.3848473,0.3491312,0.3573279,0.3750557,0.2878172,0.2291003,0.2558759,0.2675247
phase6_asx_cross,PEMS04,96,96,2024,ok,0.4184756,0.3861340880393982,0.4577193856239319,49,24,0,28522672,logs/AsySpecX_phase6/phase6_asx_cross_PEMS04_sl96_pl96_sd2024.log,0.4796542,0.4858377,0.4572445,0.4813702,0.494182,0.4342872,0.3717944,0.4267301,0.4416119
phase6_asx_cross,PEMS04,96,96,2025,ok,0.4285345,0.4010655879974365,0.4716286361217499,49,24,0,28522676,logs/AsySpecX_phase6/phase6_asx_cross_PEMS04_sl96_pl96_sd2025.log,0.4890243,0.505635,0.4634826,0.490027,0.4969621,0.4491918,0.3789655,0.4436165,0.4425759
phase6_asx_cross,PEMS04,96,96,2026,ok,0.425729,0.3933713734149933,0.4633527100086212,49,24,0,28522680,logs/AsySpecX_phase6/phase6_asx_cross_PEMS04_sl96_pl96_sd2026.log,0.4852279,0.4881049,0.4660399,0.4859366,0.5008494,0.4371876,0.3837866,0.4297186,0.4520053
phase6_asx_cross,PEMS08,96,12,2024,ok,0.1013153,0.09178216755390167,0.19953426718711853,49,24,0,28522681,logs/AsySpecX_phase6/phase6_asx_cross_PEMS08_sl96_pl12_sd2024.log,0.2053374,0.2103597,0.2023147,0.1973622,0.2113133,0.1068451,0.0964967,0.0942204,0.1076989
phase6_asx_cross,PEMS08,96,12,2025,ok,0.1023925,0.09287436306476593,0.20078562200069427,49,24,0,28522685,logs/AsySpecX_phase6/phase6_asx_cross_PEMS08_sl96_pl12_sd2025.log,0.2064768,0.2109347,0.2030792,0.1989605,0.2129329,0.107682,0.0971518,0.0954889,0.1092473
phase6_asx_cross,PEMS08,96,12,2026,ok,0.1009942,0.09173203259706497,0.19971632957458496,49,24,0,28522689,logs/AsySpecX_phase6/phase6_asx_cross_PEMS08_sl96_pl12_sd2026.log,0.20527,0.2103724,0.2020883,0.1975219,0.2110976,0.1066226,0.096204,0.0939673,0.1071831
phase6_asx_cross,PEMS08,96,24,2024,ok,0.1617239,0.1503341645002365,0.25879213213920593,49,24,0,28522682,logs/AsySpecX_phase6/phase6_asx_cross_PEMS08_sl96_pl24_sd2024.log,0.2615936,0.2645085,0.2517193,0.2551722,0.2749744,0.161754,0.1481652,0.1532139,0.1837625
phase6_asx_cross,PEMS08,96,24,2025,ok,0.1619803,0.15038594603538513,0.2581164836883545,49,24,0,28522686,logs/AsySpecX_phase6/phase6_asx_cross_PEMS08_sl96_pl24_sd2025.log,0.2615559,0.2634245,0.2508244,0.2553598,0.2766149,0.1617916,0.1480989,0.1529848,0.1850457
phase6_asx_cross,PEMS08,96,24,2026,ok,0.1630147,0.15151558816432953,0.25943824648857117,49,24,0,28522690,logs/AsySpecX_phase6/phase6_asx_cross_PEMS08_sl96_pl24_sd2026.log,0.2627191,0.263926,0.2517173,0.2575609,0.277672,0.1617308,0.1488329,0.1549798,0.1865155
phase6_asx_cross,PEMS08,96,48,2024,ok,0.3025541,0.30802321434020996,0.3913893401622772,49,24,0,28522683,logs/AsySpecX_phase6/phase6_asx_cross_PEMS08_sl96_pl48_sd2024.log,0.373507,0.3630218,0.3535118,0.3746929,0.4028016,0.2758628,0.2720373,0.3034536,0.3588628
phase6_asx_cross,PEMS08,96,48,2025,ok,0.2968076,0.30523955821990967,0.38922083377838135,49,24,0,28522687,logs/AsySpecX_phase6/phase6_asx_cross_PEMS08_sl96_pl48_sd2025.log,0.3685634,0.3577442,0.354902,0.3658037,0.395804,0.2691206,0.2740245,0.2950687,0.3490165
phase6_asx_cross,PEMS08,96,48,2026,ok,0.2845514,0.29074713587760925,0.3797960579395294,49,24,0,28522691,logs/AsySpecX_phase6/phase6_asx_cross_PEMS08_sl96_pl48_sd2026.log,0.3619916,0.3579189,0.3463596,0.3515657,0.3921222,0.2626806,0.2578897,0.2772631,0.3403722
phase6_asx_cross,PEMS08,96,96,2024,ok,0.5324049,0.5692159533500671,0.5484395027160645,49,24,0,28522684,logs/AsySpecX_phase6/phase6_asx_cross_PEMS08_sl96_pl96_sd2024.log,0.5105463,0.490877,0.4925601,0.5151207,0.5436272,0.4401166,0.4891078,0.5503137,0.6500815
phase6_asx_cross,PEMS08,96,96,2025,ok,0.5170019,0.6069746017456055,0.5747150778770447,49,24,0,28522688,logs/AsySpecX_phase6/phase6_asx_cross_PEMS08_sl96_pl96_sd2025.log,0.5028913,0.5000229,0.4857204,0.4858493,0.5399725,0.4500788,0.4813299,0.5035478,0.6330508
phase6_asx_cross,PEMS08,96,96,2026,ok,0.5214058,0.5620196461677551,0.5441288352012634,49,24,0,28522692,logs/AsySpecX_phase6/phase6_asx_cross_PEMS08_sl96_pl96_sd2026.log,0.5022138,0.4936796,0.480434,0.499576,0.5351654,0.4486541,0.4750431,0.524784,0.6371423
phase6_asx_cross,electricity,720,192,2024,ok,0.1315325,0.1563943773508072,0.25654134154319763,181,24+168,0,28522626,logs/AsySpecX_phase6/phase6_asx_cross_electricity_sl720_pl192_sd2024.log,0.2301649,0.216741,0.2194434,0.2402721,0.2442251,0.1286576,0.1204912,0.1420465,0.1351987
phase6_asx_cross,electricity,720,192,2025,ok,0.1314706,0.1563735157251358,0.25640037655830383,181,24+168,0,28522634,logs/AsySpecX_phase6/phase6_asx_cross_electricity_sl720_pl192_sd2025.log,0.2300577,0.2165464,0.2194265,0.2403899,0.24389,0.1285354,0.1205302,0.1421155,0.1349463
phase6_asx_cross,electricity,720,192,2026,ok,0.1316507,0.15638452768325806,0.2565271556377411,181,24+168,0,28522642,logs/AsySpecX_phase6/phase6_asx_cross_electricity_sl720_pl192_sd2026.log,0.2302089,0.2167533,0.2198259,0.2406444,0.2436342,0.1286599,0.1208758,0.1424455,0.1348776
phase6_asx_cross,electricity,720,336,2024,ok,0.1464436,0.171461284160614,0.2715785503387451,181,24+168,0,28522627,logs/AsySpecX_phase6/phase6_asx_cross_electricity_sl720_pl336_sd2024.log,0.2440866,0.2326783,0.2374314,0.2558803,0.2503763,0.1475063,0.1376084,0.1574517,0.1442171
phase6_asx_cross,electricity,720,336,2025,ok,0.1467331,0.17175833880901337,0.2716050148010254,181,24+168,0,28522635,logs/AsySpecX_phase6/phase6_asx_cross_electricity_sl720_pl336_sd2025.log,0.2440028,0.2326864,0.2361095,0.2555467,0.2516886,0.1477958,0.1372258,0.1569878,0.1455443
phase6_asx_cross,electricity,720,336,2026,ok,0.1466254,0.17153295874595642,0.27175217866897583,181,24+168,0,28522643,logs/AsySpecX_phase6/phase6_asx_cross_electricity_sl720_pl336_sd2026.log,0.2443801,0.2323906,0.2367641,0.2561276,0.2522591,0.1471284,0.1369285,0.1576651,0.145762
phase6_asx_cross,electricity,720,720,2024,ok,0.1787394,0.21007251739501953,0.30417343974113464,181,24+168,0,28522628,logs/AsySpecX_phase6/phase6_asx_cross_electricity_sl720_pl720_sd2024.log,0.2723121,0.2804898,0.260694,0.2761705,0.2718771,0.2068578,0.1625142,0.1768986,0.1694456
phase6_asx_cross,electricity,720,720,2025,ok,0.178537,0.2087242752313614,0.3030601441860199,181,24+168,0,28522636,logs/AsySpecX_phase6/phase6_asx_cross_electricity_sl720_pl720_sd2025.log,0.2721245,0.2801349,0.261321,0.2771868,0.2698383,0.2055273,0.1634039,0.1786412,0.1677867
phase6_asx_cross,electricity,720,720,2026,ok,0.1792761,0.21035346388816833,0.3051636517047882,181,24+168,0,28522644,logs/AsySpecX_phase6/phase6_asx_cross_electricity_sl720_pl720_sd2026.log,0.273368,0.2812445,0.2619087,0.2777029,0.2725995,0.2062418,0.1634257,0.1782825,0.1698393
phase6_asx_cross,electricity,720,96,2024,ok,0.1193656,0.14170262217521667,0.2436901032924652,181,24+168,0,28522625,logs/AsySpecX_phase6/phase6_asx_cross_electricity_sl720_pl96_sd2024.log,0.218938,0.2085558,0.2082974,0.224848,0.2340674,0.117145,0.11014,0.1269934,0.1235049
phase6_asx_cross,electricity,720,96,2025,ok,0.1192614,0.1416301280260086,0.24340489506721497,181,24+168,0,28522633,logs/AsySpecX_phase6/phase6_asx_cross_electricity_sl720_pl96_sd2025.log,0.2187938,0.208411,0.2082077,0.2247409,0.2338321,0.1170626,0.1101861,0.1269821,0.1233013
phase6_asx_cross,electricity,720,96,2026,ok,0.1190293,0.14110340178012848,0.24295690655708313,181,24+168,0,28522641,logs/AsySpecX_phase6/phase6_asx_cross_electricity_sl720_pl96_sd2026.log,0.2186639,0.2082459,0.2084095,0.2243761,0.2336404,0.1169321,0.1100809,0.1266544,0.1233035
phase6_asx_cross,electricity,96,192,2024,ok,0.1763169,0.20184919238090515,0.289381206035614,25,24+168,0,28522622,logs/AsySpecX_phase6/phase6_asx_cross_electricity_sl96_pl192_sd2024.log,0.2645596,0.2568377,0.2506669,0.2749666,0.2757798,0.1816912,0.162114,0.1857971,0.1760077
phase6_asx_cross,electricity,96,192,2025,ok,0.1768579,0.203169047832489,0.29144710302352905,25,24+168,0,28522630,logs/AsySpecX_phase6/phase6_asx_cross_electricity_sl96_pl192_sd2025.log,0.2662565,0.2585653,0.252035,0.2764177,0.2780208,0.182067,0.1626481,0.1862398,0.1768936
phase6_asx_cross,electricity,96,192,2026,ok,0.1778683,0.20357757806777954,0.2913477420806885,25,24+168,0,28522638,logs/AsySpecX_phase6/phase6_asx_cross_electricity_sl96_pl192_sd2026.log,0.2660369,0.2583977,0.2524147,0.2764938,0.2768541,0.1832248,0.1640987,0.1872927,0.1771186
phase6_asx_cross,electricity,96,336,2024,ok,0.1903142,0.21617266535758972,0.3040826618671417,25,24+168,0,28522623,logs/AsySpecX_phase6/phase6_asx_cross_electricity_sl96_pl336_sd2024.log,0.2779528,0.2692671,0.2662969,0.2908109,0.2854513,0.1955949,0.1774888,0.2005486,0.1882531
phase6_asx_cross,electricity,96,336,2025,ok,0.1911212,0.21705509722232819,0.3056332468986511,25,24+168,0,28522631,logs/AsySpecX_phase6/phase6_asx_cross_electricity_sl96_pl336_sd2025.log,0.2797865,0.2713121,0.2683938,0.2919958,0.2874592,0.1960645,0.1785998,0.2011127,0.1896232
phase6_asx_cross,electricity,96,336,2026,ok,0.1920492,0.2182890921831131,0.30668866634368896,25,24+168,0,28522639,logs/AsySpecX_phase6/phase6_asx_cross_electricity_sl96_pl336_sd2026.log,0.2804636,0.2718959,0.2688644,0.2930712,0.288038,0.1973004,0.1795276,0.2025425,0.1901305
phase6_asx_cross,electricity,96,720,2024,ok,0.2240488,0.2565467953681946,0.3354385495185852,25,24+168,0,28522624,logs/AsySpecX_phase6/phase6_asx_cross_electricity_sl96_pl720_sd2024.log,0.3046424,0.3118125,0.2897746,0.317013,0.2999545,0.2505325,0.2067636,0.2305134,0.209215
phase6_asx_cross,electricity,96,720,2025,ok,0.2233438,0.2553747594356537,0.3342170715332031,25,24+168,0,28522632,logs/AsySpecX_phase6/phase6_asx_cross_electricity_sl96_pl720_sd2025.log,0.303773,0.3114174,0.288935,0.3160054,0.2987184,0.2506069,0.2066415,0.229465,0.2082696
phase6_asx_cross,electricity,96,720,2026,ok,0.2243614,0.2568516433238983,0.3359416723251343,25,24+168,0,28522640,logs/AsySpecX_phase6/phase6_asx_cross_electricity_sl96_pl720_sd2026.log,0.3049249,0.3124806,0.2901101,0.3170484,0.3000448,0.2513437,0.207641,0.2303762,0.2093993
phase6_asx_cross,electricity,96,96,2024,ok,0.1804373,0.20406194031238556,0.290951669216156,25,24+168,0,28522621,logs/AsySpecX_phase6/phase6_asx_cross_electricity_sl96_pl96_sd2024.log,0.2678238,0.267046,0.256145,0.2717079,0.2763975,0.1935821,0.1709136,0.1849349,0.1730879
phase6_asx_cross,electricity,96,96,2025,ok,0.178893,0.20275908708572388,0.2882091701030731,25,24+168,0,28522629,logs/AsySpecX_phase6/phase6_asx_cross_electricity_sl96_pl96_sd2025.log,0.2653382,0.2645767,0.2536371,0.2694284,0.2737115,0.1925699,0.1692687,0.1836269,0.1717112
phase6_asx_cross,electricity,96,96,2026,ok,0.1796525,0.20326514542102814,0.28851771354675293,25,24+168,0,28522637,logs/AsySpecX_phase6/phase6_asx_cross_electricity_sl96_pl96_sd2026.log,0.2656318,0.2651402,0.253684,0.2698492,0.2738545,0.1935944,0.1695694,0.1841839,0.1720524
phase6_asx_cross,traffic,720,192,2024,ok,0.3357788,0.4052591323852539,0.2853092849254608,181,24+168,0,28522650,logs/AsySpecX_phase6/phase6_asx_cross_traffic_sl720_pl192_sd2024.log,0.2420181,0.2432966,0.228623,0.2580722,0.2380773,0.2847133,0.2680453,0.4150866,0.3771979
phase6_asx_cross,traffic,720,192,2025,ok,0.3335527,0.40675416588783264,0.2856914699077606,181,24+168,0,28522658,logs/AsySpecX_phase6/phase6_asx_cross_traffic_sl720_pl192_sd2025.log,0.2425423,0.2432705,0.2286303,0.2583969,0.2398697,0.2842271,0.2678862,0.4104105,0.3730628
phase6_asx_cross,traffic,720,192,2026,ok,0.3358128,0.4052693545818329,0.2849768400192261,181,24+168,0,28522666,logs/AsySpecX_phase6/phase6_asx_cross_traffic_sl720_pl192_sd2026.log,0.2420108,0.2432086,0.2283635,0.2582905,0.2381773,0.284679,0.26791,0.4152714,0.377238
phase6_asx_cross,traffic,720,336,2024,ok,0.3474401,0.4176703691482544,0.2904926836490631,181,24+168,0,28522651,logs/AsySpecX_phase6/phase6_asx_cross_traffic_sl720_pl336_sd2024.log,0.2437006,0.2407709,0.2367256,0.2571114,0.2402029,0.2771312,0.2907772,0.4241445,0.399375
phase6_asx_cross,traffic,720,336,2025,ok,0.3481606,0.41957294940948486,0.29130175709724426,181,24+168,0,28522659,logs/AsySpecX_phase6/phase6_asx_cross_traffic_sl720_pl336_sd2025.log,0.2447798,0.2417194,0.2375841,0.2581147,0.2417096,0.2775132,0.291021,0.4244211,0.4006523
phase6_asx_cross,traffic,720,336,2026,ok,0.3456681,0.42053624987602234,0.29121023416519165,181,24+168,0,28522667,logs/AsySpecX_phase6/phase6_asx_cross_traffic_sl720_pl336_sd2026.log,0.2444664,0.2412298,0.2369341,0.257625,0.2420859,0.2771173,0.2905705,0.4217801,0.3946295
phase6_asx_cross,traffic,720,720,2024,ok,0.3932529,0.47207245230674744,0.3167325258255005,181,24+168,0,28522652,logs/AsySpecX_phase6/phase6_asx_cross_traffic_sl720_pl720_sd2024.log,0.2617674,0.2546224,0.2616752,0.2630249,0.2677748,0.2936973,0.3497796,0.4438858,0.4880941
phase6_asx_cross,traffic,720,720,2025,ok,0.3966733,0.4763900339603424,0.3184424638748169,181,24+168,0,28522660,logs/AsySpecX_phase6/phase6_asx_cross_traffic_sl720_pl720_sd2025.log,0.2629827,0.2552864,0.2628614,0.2646605,0.2691518,0.2943783,0.3514175,0.4460843,0.4971928
phase6_asx_cross,traffic,720,720,2026,ok,0.3954829,0.4698106348514557,0.31620433926582336,181,24+168,0,28522668,logs/AsySpecX_phase6/phase6_asx_cross_traffic_sl720_pl720_sd2026.log,0.2610452,0.2535037,0.261172,0.2628273,0.266707,0.2932316,0.3504493,0.4449927,0.4955738
phase6_asx_cross,traffic,720,96,2024,ok,0.3297755,0.39019691944122314,0.2796875834465027,181,24+168,0,28522649,logs/AsySpecX_phase6/phase6_asx_cross_traffic_sl720_pl96_sd2024.log,0.2428663,0.253248,0.221613,0.2578998,0.2386795,0.3064096,0.2546059,0.4034688,0.3578702
phase6_asx_cross,traffic,720,96,2025,ok,0.3288115,0.39068377017974854,0.2799326479434967,181,24+168,0,28522657,logs/AsySpecX_phase6/phase6_asx_cross_traffic_sl720_pl96_sd2025.log,0.2433813,0.2533161,0.2219707,0.2585625,0.2396518,0.3062775,0.2546943,0.4028724,0.3575527
phase6_asx_cross,traffic,720,96,2026,ok,0.3294178,0.39014914631843567,0.279935747385025,181,24+168,0,28522665,logs/AsySpecX_phase6/phase6_asx_cross_traffic_sl720_pl96_sd2026.log,0.2431947,0.2535488,0.2222417,0.2580206,0.2389425,0.3064924,0.255156,0.4029345,0.3565814
phase6_asx_cross,traffic,96,192,2024,ok,0.4958692,0.6157965064048767,0.38206371665000916,25,24+168,0,28522646,logs/AsySpecX_phase6/phase6_asx_cross_traffic_sl96_pl192_sd2024.log,0.3417014,0.3491487,0.3180376,0.3538547,0.3457454,0.4469032,0.3978319,0.5667871,0.5738013
phase6_asx_cross,traffic,96,192,2025,ok,0.4957418,0.6156481504440308,0.3853507936000824,25,24+168,0,28522654,logs/AsySpecX_phase6/phase6_asx_cross_traffic_sl96_pl192_sd2025.log,0.3467728,0.3549065,0.3218813,0.3592064,0.3510766,0.4483427,0.3971917,0.5677487,0.572017
phase6_asx_cross,traffic,96,192,2026,ok,0.5015717,0.6281668543815613,0.3835303485393524,25,24+168,0,28522662,logs/AsySpecX_phase6/phase6_asx_cross_traffic_sl96_pl192_sd2026.log,0.3421345,0.3495051,0.3177839,0.3547613,0.3464692,0.4497906,0.3995323,0.5758021,0.5828884
phase6_asx_cross,traffic,96,336,2024,ok,0.4854183,0.6155897378921509,0.3784819543361664,25,24+168,0,28522647,logs/AsySpecX_phase6/phase6_asx_cross_traffic_sl96_pl336_sd2024.log,0.3335001,0.3367615,0.3219891,0.3461118,0.3291288,0.4303479,0.4235421,0.5496712,0.5401244
phase6_asx_cross,traffic,96,336,2025,ok,0.4950926,0.6427190899848938,0.3873787522315979,25,24+168,0,28522655,logs/AsySpecX_phase6/phase6_asx_cross_traffic_sl96_pl336_sd2025.log,0.3413716,0.3438057,0.3283414,0.354492,0.3388404,0.4327428,0.4260701,0.5635675,0.5601077
phase6_asx_cross,traffic,96,336,2026,ok,0.4959011,0.6449843645095825,0.3899557590484619,25,24+168,0,28522663,logs/AsySpecX_phase6/phase6_asx_cross_traffic_sl96_pl336_sd2026.log,0.3437853,0.3470707,0.330488,0.3571724,0.3404007,0.4350846,0.4268345,0.5645016,0.5580817
phase6_asx_cross,traffic,96,720,2024,ok,0.5350995,0.6533605456352234,0.39892181754112244,25,24+168,0,28522648,logs/AsySpecX_phase6/phase6_asx_cross_traffic_sl96_pl720_sd2024.log,0.3527002,0.3595993,0.3384742,0.3413312,0.3713694,0.4647552,0.4768647,0.5636061,0.637168
phase6_asx_cross,traffic,96,720,2025,ok,0.5392492,0.6662996411323547,0.3992658853530884,25,24+168,0,28522656,logs/AsySpecX_phase6/phase6_asx_cross_traffic_sl96_pl720_sd2025.log,0.3522272,0.357911,0.3384916,0.3417552,0.3707289,0.4619175,0.4786372,0.5648848,0.6541068
phase6_asx_cross,traffic,96,720,2026,ok,0.547528,0.6868152618408203,0.40481847524642944,25,24+168,0,28522664,logs/AsySpecX_phase6/phase6_asx_cross_traffic_sl96_pl720_sd2026.log,0.3579395,0.3638813,0.3434851,0.3470312,0.3773375,0.4682056,0.4820194,0.5692625,0.672993
phase6_asx_cross,traffic,96,96,2024,ok,0.5520786,0.6808440685272217,0.4099503457546234,25,24+168,0,28522645,logs/AsySpecX_phase6/phase6_asx_cross_traffic_sl96_pl96_sd2024.log,0.3750385,0.3874237,0.3464489,0.3896288,0.3766229,0.5057184,0.4394176,0.6161963,0.6501125
phase6_asx_cross,traffic,96,96,2025,ok,0.5406625,0.6583488583564758,0.40274181962013245,25,24+168,0,28522653,logs/AsySpecX_phase6/phase6_asx_cross_traffic_sl96_pl96_sd2025.log,0.3688735,0.382531,0.3404762,0.3831077,0.3693459,0.5013589,0.4338048,0.6045616,0.6270252
phase6_asx_cross,traffic,96,96,2026,ok,0.5449327,0.66705322265625,0.40352100133895874,25,24+168,0,28522661,logs/AsySpecX_phase6/phase6_asx_cross_traffic_sl96_pl96_sd2026.log,0.368521,0.3811461,0.3403461,0.3827032,0.3698581,0.503961,0.4366098,0.611547,0.6346986
phase6_asx_cross,weather,720,192,2024,ok,0.4331134,0.19675582647323608,0.2503316104412079,31,144,0,28522602,logs/AsySpecX_phase6/phase6_asx_cross_weather_sl720_pl192_sd2024.log,0.3201284,0.282594,0.3717213,0.3063178,0.3198802,0.2008236,0.8264624,0.2864681,0.426915
phase6_asx_cross,weather,720,192,2025,ok,0.4380059,0.1976100206375122,0.251370370388031,31,144,0,28522610,logs/AsySpecX_phase6/phase6_asx_cross_weather_sl720_pl192_sd2025.log,0.3248297,0.2861552,0.3747886,0.3133238,0.3250514,0.2046974,0.8232838,0.2922367,0.4364966
phase6_asx_cross,weather,720,192,2026,ok,0.4425148,0.19853681325912476,0.25117331743240356,31,144,0,28522618,logs/AsySpecX_phase6/phase6_asx_cross_weather_sl720_pl192_sd2026.log,0.3255843,0.2834663,0.381135,0.3138683,0.3238664,0.2044148,0.8372836,0.2953761,0.4381198
phase6_asx_cross,weather,720,336,2024,ok,0.497157,0.24762137234210968,0.28849101066589355,31,144,0,28522603,logs/AsySpecX_phase6/phase6_asx_cross_weather_sl720_pl336_sd2024.log,0.3609162,0.3321573,0.4088973,0.3438588,0.3587497,0.2598444,0.9033834,0.3282522,0.4982627
phase6_asx_cross,weather,720,336,2025,ok,0.4993576,0.250132292509079,0.2906610369682312,31,144,0,28522611,logs/AsySpecX_phase6/phase6_asx_cross_weather_sl720_pl336_sd2025.log,0.3630182,0.3337992,0.4117177,0.3406593,0.365899,0.2616966,0.9041619,0.3206468,0.513213
phase6_asx_cross,weather,720,336,2026,ok,0.500709,0.2509799599647522,0.2910982668399811,31,144,0,28522619,logs/AsySpecX_phase6/phase6_asx_cross_weather_sl720_pl336_sd2026.log,0.3644594,0.3435959,0.4154002,0.3411589,0.357677,0.2729613,0.9141655,0.3234673,0.4936305
phase6_asx_cross,weather,720,720,2024,ok,0.5893421,0.31322842836380005,0.3357509672641754,31,144,0,28522604,logs/AsySpecX_phase6/phase6_asx_cross_weather_sl720_pl720_sd2024.log,0.4145775,0.4127366,0.4634161,0.3651798,0.4169798,0.4722863,0.9481613,0.3546787,0.5833169
phase6_asx_cross,weather,720,720,2025,ok,0.5953971,0.3103954792022705,0.33448919653892517,31,144,0,28522612,logs/AsySpecX_phase6/phase6_asx_cross_weather_sl720_pl720_sd2025.log,0.4165805,0.4074737,0.4672629,0.3740466,0.4175396,0.4614688,0.9569619,0.3716894,0.5927848
phase6_asx_cross,weather,720,720,2026,ok,0.5895908,0.31533676385879517,0.3376379907131195,31,144,0,28522620,logs/AsySpecX_phase6/phase6_asx_cross_weather_sl720_pl720_sd2026.log,0.4140807,0.4092638,0.4563581,0.3691733,0.4215344,0.4658435,0.9395061,0.357998,0.5959769
phase6_asx_cross,weather,720,96,2024,ok,0.3895137,0.15078367292881012,0.20818546414375305,31,144,0,28522601,logs/AsySpecX_phase6/phase6_asx_cross_weather_sl720_pl96_sd2024.log,0.2880655,0.2449828,0.3500246,0.2717818,0.285471,0.157942,0.8003469,0.2414457,0.3728942
phase6_asx_cross,weather,720,96,2025,ok,0.3888459,0.15275585651397705,0.2091093510389328,31,144,0,28522609,logs/AsySpecX_phase6/phase6_asx_cross_weather_sl720_pl96_sd2025.log,0.2879201,0.2345729,0.3496044,0.2752044,0.2923022,0.149205,0.7884043,0.2442798,0.3863796
phase6_asx_cross,weather,720,96,2026,ok,0.3852068,0.15269769728183746,0.2114441990852356,31,144,0,28522617,logs/AsySpecX_phase6/phase6_asx_cross_weather_sl720_pl96_sd2026.log,0.2848896,0.2358959,0.3444582,0.2732534,0.2859517,0.1445976,0.7834612,0.2433771,0.3773424
phase6_asx_cross,weather,96,192,2024,ok,0.542065,0.2449980229139328,0.2872844338417053,2,144,0,28522598,logs/AsySpecX_phase6/phase6_asx_cross_weather_sl96_pl192_sd2024.log,0.3732232,0.3744124,0.4192342,0.3558357,0.343387,0.3231871,0.9537667,0.3540559,0.5415878
phase6_asx_cross,weather,96,192,2025,ok,0.5403849,0.24263066053390503,0.28601938486099243,2,144,0,28522606,logs/AsySpecX_phase6/phase6_asx_cross_weather_sl96_pl192_sd2025.log,0.3728695,0.3731357,0.4219909,0.3533833,0.3429443,0.3202843,0.9551023,0.3497489,0.5431303
phase6_asx_cross,weather,96,192,2026,ok,0.5396517,0.24223630130290985,0.2842330038547516,2,144,0,28522614,logs/AsySpecX_phase6/phase6_asx_cross_weather_sl96_pl192_sd2026.log,0.3728429,0.3737516,0.4235809,0.3523635,0.3416508,0.3220707,0.9505839,0.3505808,0.5435585
phase6_asx_cross,weather,96,336,2024,ok,0.6276267,0.293381005525589,0.31783872842788696,2,144,0,28522599,logs/AsySpecX_phase6/phase6_asx_cross_weather_sl96_pl336_sd2024.log,0.4215519,0.4369193,0.4701977,0.3742834,0.4047938,0.4195503,1.0610553,0.3689949,0.6625071
phase6_asx_cross,weather,96,336,2025,ok,0.6269712,0.29465460777282715,0.3186454474925995,2,144,0,28522607,logs/AsySpecX_phase6/phase6_asx_cross_weather_sl96_pl336_sd2025.log,0.4218419,0.4368637,0.4695676,0.375477,0.4054459,0.4191291,1.0590887,0.3705654,0.6617618
phase6_asx_cross,weather,96,336,2026,ok,0.6271746,0.2941579222679138,0.3186328411102295,2,144,0,28522615,logs/AsySpecX_phase6/phase6_asx_cross_weather_sl96_pl336_sd2026.log,0.4232377,0.4396187,0.4709093,0.3757843,0.4066253,0.4221175,1.0543605,0.370147,0.6645558
phase6_asx_cross,weather,96,720,2024,ok,0.7522187,0.36468249559402466,0.36168941855430603,2,144,0,28522600,logs/AsySpecX_phase6/phase6_asx_cross_weather_sl96_pl720_sd2024.log,0.4965103,0.548336,0.5704583,0.4212764,0.4459259,0.7024804,1.1941342,0.4471088,0.6668137
phase6_asx_cross,weather,96,720,2025,ok,0.7539719,0.36457493901252747,0.36136674880981445,2,144,0,28522608,logs/AsySpecX_phase6/phase6_asx_cross_weather_sl96_pl720_sd2025.log,0.4971128,0.5493132,0.5719903,0.4213436,0.4457588,0.7041252,1.1995244,0.4481981,0.6657751
phase6_asx_cross,weather,96,720,2026,ok,0.7530988,0.36592355370521545,0.3628935217857361,2,144,0,28522616,logs/AsySpecX_phase6/phase6_asx_cross_weather_sl96_pl720_sd2026.log,0.4972199,0.5475012,0.5727671,0.4222367,0.4463298,0.7008839,1.1988314,0.4482987,0.6654601
phase6_asx_cross,weather,96,96,2024,ok,0.468801,0.19210737943649292,0.24748358130455017,2,144,0,28522597,logs/AsySpecX_phase6/phase6_asx_cross_weather_sl96_pl96_sd2024.log,0.3313126,0.3217576,0.4033109,0.3214985,0.2786427,0.2454563,0.9225426,0.3155594,0.4017426
phase6_asx_cross,weather,96,96,2025,ok,0.4641388,0.1907127946615219,0.24539244174957275,2,144,0,28522605,logs/AsySpecX_phase6/phase6_asx_cross_weather_sl96_pl96_sd2025.log,0.3270434,0.3179395,0.3965218,0.3174415,0.2762315,0.2416256,0.9149752,0.3101842,0.3951307
phase6_asx_cross,weather,96,96,2026,ok,0.4691373,0.19129487872123718,0.24620504677295685,2,144,0,28522613,logs/AsySpecX_phase6/phase6_asx_cross_weather_sl96_pl96_sd2026.log,0.3296748,0.3228917,0.3951635,0.3199124,0.2806937,0.2462345,0.9127229,0.3107139,0.4183172
phase6_asx_cross_clip05,ETTh1,720,192,2024,ok,0.9589525,0.4149945080280304,0.4240448772907257,181,24+168,0,28522698,logs/AsySpecX_phase6/phase6_asx_cross_clip05_ETTh1_sl720_pl192_sd2024.log,0.6674237,0.6939042,0.7420514,0.6192643,0.6144353,1.0721442,1.0995892,0.8830304,0.7828191
phase6_asx_cross_clip05,ETTh1,720,192,2025,ok,0.9653774,0.4139922261238098,0.42355480790138245,181,24+168,0,28522706,logs/AsySpecX_phase6/phase6_asx_cross_clip05_ETTh1_sl720_pl192_sd2025.log,0.6703794,0.6948584,0.7443621,0.6213289,0.6209318,1.072775,1.1027695,0.8909937,0.7967101
phase6_asx_cross_clip05,ETTh1,720,192,2026,ok,0.9617663,0.4143866002559662,0.4236546754837036,181,24+168,0,28522714,logs/AsySpecX_phase6/phase6_asx_cross_clip05_ETTh1_sl720_pl192_sd2026.log,0.6698638,0.6923026,0.7455095,0.6222895,0.6193201,1.061877,1.1055311,0.8868661,0.7937139
phase6_asx_cross_clip05,ETTh1,720,336,2024,ok,1.1849062,0.4345346689224243,0.4367499351501465,181,24+168,0,28522699,logs/AsySpecX_phase6/phase6_asx_cross_clip05_ETTh1_sl720_pl336_sd2024.log,0.7516441,0.8084428,0.7972122,0.7178825,0.6829497,1.4640113,1.2605686,1.0724752,0.9472548
phase6_asx_cross_clip05,ETTh1,720,336,2025,ok,1.1848122,0.43384116888046265,0.43956542015075684,181,24+168,0,28522707,logs/AsySpecX_phase6/phase6_asx_cross_clip05_ETTh1_sl720_pl336_sd2025.log,0.7545478,0.8232897,0.7968833,0.7183654,0.6795448,1.5079522,1.253239,1.0515907,0.9314625
phase6_asx_cross_clip05,ETTh1,720,336,2026,ok,1.1821135,0.43289634585380554,0.43851375579833984,181,24+168,0,28522715,logs/AsySpecX_phase6/phase6_asx_cross_clip05_ETTh1_sl720_pl336_sd2026.log,0.7529991,0.8182982,0.7951598,0.7177338,0.6807019,1.4961318,1.2458675,1.0543959,0.9347386
phase6_asx_cross_clip05,ETTh1,720,720,2024,ok,1.4376712,0.4310321807861328,0.4551219046115875,181,24+168,0,28522700,logs/AsySpecX_phase6/phase6_asx_cross_clip05_ETTh1_sl720_pl720_sd2024.log,0.8382224,0.9565648,0.8979594,0.872387,0.6257593,2.0557365,1.5210421,1.3457551,0.83027
phase6_asx_cross_clip05,ETTh1,720,720,2025,ok,1.4303421,0.4301612973213196,0.45443376898765564,181,24+168,0,28522708,logs/AsySpecX_phase6/phase6_asx_cross_clip05_ETTh1_sl720_pl720_sd2025.log,0.8373612,0.9555563,0.8930181,0.8784837,0.6221679,2.04812,1.4926862,1.3653257,0.8236161
phase6_asx_cross_clip05,ETTh1,720,720,2026,ok,1.4320366,0.431934118270874,0.45615243911743164,181,24+168,0,28522716,logs/AsySpecX_phase6/phase6_asx_cross_clip05_ETTh1_sl720_pl720_sd2026.log,0.8381913,0.9574611,0.8966089,0.8719032,0.6265711,2.058218,1.5055739,1.3424848,0.8297917
phase6_asx_cross_clip05,ETTh1,720,96,2024,ok,0.6967804,0.3801899552345276,0.4039992094039917,181,24+168,0,28522697,logs/AsySpecX_phase6/phase6_asx_cross_clip05_ETTh1_sl720_pl96_sd2024.log,0.5721573,0.5800534,0.6562176,0.5241052,0.5282416,0.7175909,0.8457806,0.6477317,0.5861585
phase6_asx_cross_clip05,ETTh1,720,96,2025,ok,0.702507,0.38011500239372253,0.4039812684059143,181,24+168,0,28522705,logs/AsySpecX_phase6/phase6_asx_cross_clip05_ETTh1_sl720_pl96_sd2025.log,0.5736806,0.5773015,0.6623554,0.5251817,0.5298787,0.7139642,0.8617306,0.6557478,0.5895633
phase6_asx_cross_clip05,ETTh1,720,96,2026,ok,0.7035574,0.37968528270721436,0.40373191237449646,181,24+168,0,28522713,logs/AsySpecX_phase6/phase6_asx_cross_clip05_ETTh1_sl720_pl96_sd2026.log,0.5755023,0.5804787,0.6640771,0.5269923,0.5304539,0.7163189,0.865545,0.6538773,0.5898607
phase6_asx_cross_clip05,ETTh1,96,192,2024,ok,1.0106382,0.4356526732444763,0.42518913745880127,25,24+168,0,28522694,logs/AsySpecX_phase6/phase6_asx_cross_clip05_ETTh1_sl96_pl192_sd2024.log,0.6608907,0.6820924,0.7372112,0.6293488,0.594879,1.028029,1.1657207,1.0354716,0.8143774
phase6_asx_cross_clip05,ETTh1,96,192,2025,ok,1.0124891,0.43754905462265015,0.4265839159488678,25,24+168,0,28522702,logs/AsySpecX_phase6/phase6_asx_cross_clip05_ETTh1_sl96_pl192_sd2025.log,0.6620718,0.682273,0.7381395,0.6307364,0.5971079,1.0284431,1.1671867,1.0377494,0.81729
phase6_asx_cross_clip05,ETTh1,96,192,2026,ok,1.0101639,0.43336591124534607,0.42377859354019165,25,24+168,0,28522710,logs/AsySpecX_phase6/phase6_asx_cross_clip05_ETTh1_sl96_pl192_sd2026.log,0.6610259,0.6838465,0.7376223,0.6287265,0.5938744,1.0312757,1.1662738,1.0347309,0.8120839
phase6_asx_cross_clip05,ETTh1,96,336,2024,ok,1.2887043,0.47446301579475403,0.44385388493537903,25,24+168,0,28522695,logs/AsySpecX_phase6/phase6_asx_cross_clip05_ETTh1_sl96_pl336_sd2024.log,0.7589321,0.8053595,0.799436,0.7415435,0.6893162,1.4317535,1.3937693,1.2984626,1.0497311
phase6_asx_cross_clip05,ETTh1,96,336,2025,ok,1.2991797,0.47614625096321106,0.4476986825466156,25,24+168,0,28522703,logs/AsySpecX_phase6/phase6_asx_cross_clip05_ETTh1_sl96_pl336_sd2025.log,0.764455,0.8161845,0.8047045,0.7447149,0.6921346,1.4496301,1.4033494,1.3049431,1.0493398
phase6_asx_cross_clip05,ETTh1,96,336,2026,ok,1.2981641,0.4741649031639099,0.4460076093673706,25,24+168,0,28522711,logs/AsySpecX_phase6/phase6_asx_cross_clip05_ETTh1_sl96_pl336_sd2026.log,0.7631201,0.8127421,0.803867,0.744377,0.691416,1.4448175,1.4053676,1.3048944,1.0504667
phase6_asx_cross_clip05,ETTh1,96,720,2024,ok,1.5635883,0.4614903926849365,0.45949217677116394,25,24+168,0,28522696,logs/AsySpecX_phase6/phase6_asx_cross_clip05_ETTh1_sl96_pl720_sd2024.log,0.8524187,0.9741245,0.9168981,0.8766473,0.6417799,2.0655093,1.7519387,1.5495915,0.9088572
phase6_asx_cross_clip05,ETTh1,96,720,2025,ok,1.569333,0.46152234077453613,0.461937814950943,25,24+168,0,28522704,logs/AsySpecX_phase6/phase6_asx_cross_clip05_ETTh1_sl96_pl720_sd2025.log,0.8536339,0.9804491,0.9163492,0.8756031,0.6418992,2.0761116,1.7528509,1.5522665,0.9064391
phase6_asx_cross_clip05,ETTh1,96,720,2026,ok,1.5761281,0.46468445658683777,0.46675586700439453,25,24+168,0,28522712,logs/AsySpecX_phase6/phase6_asx_cross_clip05_ETTh1_sl96_pl720_sd2026.log,0.8588028,0.9898791,0.9205714,0.8784306,0.6460874,2.0948651,1.7628511,1.5601279,0.9106634
phase6_asx_cross_clip05,ETTh1,96,96,2024,ok,0.71175,0.38783034682273865,0.39791929721832275,25,24+168,0,28522693,logs/AsySpecX_phase6/phase6_asx_cross_clip05_ETTh1_sl96_pl96_sd2024.log,0.5589677,0.5617167,0.6505631,0.5255891,0.4979981,0.6819328,0.8753331,0.7235366,0.5855534
phase6_asx_cross_clip05,ETTh1,96,96,2025,ok,0.71038,0.38716739416122437,0.3963022828102112,25,24+168,0,28522701,logs/AsySpecX_phase6/phase6_asx_cross_clip05_ETTh1_sl96_pl96_sd2025.log,0.5555559,0.5571379,0.6453937,0.5236964,0.4959934,0.6749551,0.8676499,0.7244583,0.5847405
phase6_asx_cross_clip05,ETTh1,96,96,2026,ok,0.7119745,0.38962680101394653,0.39826181530952454,25,24+168,0,28522709,logs/AsySpecX_phase6/phase6_asx_cross_clip05_ETTh1_sl96_pl96_sd2026.log,0.5565852,0.556839,0.6466063,0.5250706,0.4978247,0.6736115,0.8712074,0.727702,0.58491
phase6_asx_cross_clip05,ETTm1,720,192,2024,ok,0.5282111,0.35235828161239624,0.3827345669269562,43,96+672,0,28522722,logs/AsySpecX_phase6/phase6_asx_cross_clip05_ETTm1_sl720_pl192_sd2024.log,0.4854838,0.4592793,0.5705358,0.4798824,0.4322471,0.4562403,0.6662003,0.5720748,0.4188559
phase6_asx_cross_clip05,ETTm1,720,192,2025,ok,0.5254251,0.35575681924819946,0.3835306465625763,43,96+672,0,28522730,logs/AsySpecX_phase6/phase6_asx_cross_clip05_ETTm1_sl720_pl192_sd2025.log,0.4829129,0.4562894,0.5649258,0.475514,0.4349318,0.4466374,0.6570432,0.5738891,0.4240156
phase6_asx_cross_clip05,ETTm1,720,192,2026,ok,0.5184028,0.3514963388442993,0.3823237121105194,43,96+672,0,28522738,logs/AsySpecX_phase6/phase6_asx_cross_clip05_ETTm1_sl720_pl192_sd2026.log,0.4800172,0.4541553,0.5561084,0.4781317,0.4316826,0.4427339,0.6351706,0.5781305,0.4176444
phase6_asx_cross_clip05,ETTm1,720,336,2024,ok,0.663443,0.37611353397369385,0.39760980010032654,43,96+672,0,28522723,logs/AsySpecX_phase6/phase6_asx_cross_clip05_ETTm1_sl720_pl336_sd2024.log,0.5403651,0.5316225,0.6253617,0.5247468,0.4797321,0.6141461,0.8014945,0.7268505,0.5130843
phase6_asx_cross_clip05,ETTm1,720,336,2025,ok,0.6683998,0.3779822289943695,0.39820754528045654,43,96+672,0,28522731,logs/AsySpecX_phase6/phase6_asx_cross_clip05_ETTm1_sl720_pl336_sd2025.log,0.5429279,0.527061,0.6272179,0.5310637,0.4863748,0.6072354,0.8071523,0.74183,0.5211487
phase6_asx_cross_clip05,ETTm1,720,336,2026,ok,0.6649648,0.3802095353603363,0.3995356261730194,43,96+672,0,28522739,logs/AsySpecX_phase6/phase6_asx_cross_clip05_ETTm1_sl720_pl336_sd2026.log,0.54313,0.5336927,0.6282445,0.5250751,0.485511,0.6091638,0.8035032,0.7287518,0.5213968
phase6_asx_cross_clip05,ETTm1,720,720,2024,ok,0.9404956,0.4231213629245758,0.4216819405555725,43,96+672,0,28522724,logs/AsySpecX_phase6/phase6_asx_cross_clip05_ETTm1_sl720_pl720_sd2024.log,0.6420174,0.6608625,0.7199651,0.6093581,0.5778769,0.9807113,1.0775313,0.9761653,0.7315733
phase6_asx_cross_clip05,ETTm1,720,720,2025,ok,0.9402906,0.4217569828033447,0.42106887698173523,43,96+672,0,28522732,logs/AsySpecX_phase6/phase6_asx_cross_clip05_ETTm1_sl720_pl720_sd2025.log,0.6423534,0.6597026,0.7195866,0.6120038,0.5781139,0.9781873,1.0721458,0.9784775,0.7356486
phase6_asx_cross_clip05,ETTm1,720,720,2026,ok,0.930297,0.427450954914093,0.4234599173069,43,96+672,0,28522740,logs/AsySpecX_phase6/phase6_asx_cross_clip05_ETTm1_sl720_pl720_sd2026.log,0.6408983,0.6641243,0.7154487,0.6094427,0.5745689,0.9736537,1.0613744,0.9665641,0.7233065
phase6_asx_cross_clip05,ETTm1,720,96,2024,ok,0.4243625,0.32567381858825684,0.3659423589706421,43,96+672,0,28522721,logs/AsySpecX_phase6/phase6_asx_cross_clip05_ETTm1_sl720_pl96_sd2024.log,0.4354336,0.4045909,0.5071632,0.4347241,0.3952667,0.3524236,0.5355821,0.4550111,0.3545102
phase6_asx_cross_clip05,ETTm1,720,96,2025,ok,0.4069157,0.3198626637458801,0.36414703726768494,43,96+672,0,28522729,logs/AsySpecX_phase6/phase6_asx_cross_clip05_ETTm1_sl720_pl96_sd2025.log,0.4261626,0.4007599,0.4920067,0.4259546,0.3859383,0.3446095,0.5078665,0.4349544,0.3407992
phase6_asx_cross_clip05,ETTm1,720,96,2026,ok,0.4216626,0.3143431842327118,0.36092281341552734,43,96+672,0,28522737,logs/AsySpecX_phase6/phase6_asx_cross_clip05_ETTm1_sl720_pl96_sd2026.log,0.4299746,0.4049695,0.5167058,0.4190726,0.3791594,0.3617231,0.5763986,0.4184915,0.3302094
phase6_asx_cross_clip05,ETTm1,96,192,2024,ok,0.5332904,0.38943615555763245,0.3953096568584442,7,96+672,0,28522718,logs/AsySpecX_phase6/phase6_asx_cross_clip05_ETTm1_sl96_pl192_sd2024.log,0.4804295,0.4554449,0.5690559,0.4666269,0.4305992,0.4553623,0.7004856,0.5455773,0.4317063
phase6_asx_cross_clip05,ETTm1,96,192,2025,ok,0.5322366,0.3878841698169708,0.39337706565856934,7,96+672,0,28522726,logs/AsySpecX_phase6/phase6_asx_cross_clip05_ETTm1_sl96_pl192_sd2025.log,0.479631,0.453244,0.5703471,0.4664122,0.4285298,0.4519516,0.7018632,0.5448421,0.4306966
phase6_asx_cross_clip05,ETTm1,96,192,2026,ok,0.5332888,0.3875229060649872,0.3945987820625305,7,96+672,0,28522734,logs/AsySpecX_phase6/phase6_asx_cross_clip05_ETTm1_sl96_pl192_sd2026.log,0.4806229,0.4559575,0.5699096,0.4657864,0.4308467,0.4559813,0.7026111,0.5436921,0.4320276
phase6_asx_cross_clip05,ETTm1,96,336,2024,ok,0.6790491,0.4168770909309387,0.4125274121761322,7,96+672,0,28522719,logs/AsySpecX_phase6/phase6_asx_cross_clip05_ETTm1_sl96_pl336_sd2024.log,0.5438308,0.5329405,0.6481463,0.5123587,0.4818817,0.6169195,0.8752578,0.6800117,0.5467884
phase6_asx_cross_clip05,ETTm1,96,336,2025,ok,0.6794078,0.41676944494247437,0.4123920202255249,7,96+672,0,28522727,logs/AsySpecX_phase6/phase6_asx_cross_clip05_ETTm1_sl96_pl336_sd2025.log,0.5448834,0.5353521,0.649822,0.5123702,0.4819929,0.6203713,0.8765263,0.679284,0.547543
phase6_asx_cross_clip05,ETTm1,96,336,2026,ok,0.6794896,0.41683629155158997,0.41251569986343384,7,96+672,0,28522735,logs/AsySpecX_phase6/phase6_asx_cross_clip05_ETTm1_sl96_pl336_sd2026.log,0.5435441,0.5323684,0.6477275,0.512233,0.4818517,0.6158991,0.8759642,0.6816851,0.5474454
phase6_asx_cross_clip05,ETTm1,96,720,2024,ok,0.9962133,0.4785459041595459,0.4445633292198181,7,96+672,0,28522720,logs/AsySpecX_phase6/phase6_asx_cross_clip05_ETTm1_sl96_pl720_sd2024.log,0.657443,0.6676785,0.7476935,0.6297231,0.5846733,0.9642287,1.1987113,1.0267743,0.7987772
phase6_asx_cross_clip05,ETTm1,96,720,2025,ok,0.9948832,0.4782203435897827,0.44421738386154175,7,96+672,0,28522728,logs/AsySpecX_phase6/phase6_asx_cross_clip05_ETTm1_sl96_pl720_sd2025.log,0.6574051,0.670168,0.747985,0.6282423,0.5832204,0.9677435,1.1973596,1.022305,0.7959912
phase6_asx_cross_clip05,ETTm1,96,720,2026,ok,0.995942,0.479116290807724,0.44420236349105835,7,96+672,0,28522736,logs/AsySpecX_phase6/phase6_asx_cross_clip05_ETTm1_sl96_pl720_sd2026.log,0.6571279,0.6695733,0.7471829,0.6287298,0.5830209,0.9671919,1.1969635,1.0249463,0.7965268
phase6_asx_cross_clip05,ETTm1,96,96,2024,ok,0.4070906,0.3519745469093323,0.3799099326133728,7,96+672,0,28522717,logs/AsySpecX_phase6/phase6_asx_cross_clip05_ETTm1_sl96_pl96_sd2024.log,0.4205629,0.3969885,0.4921349,0.4093809,0.3837553,0.3434317,0.5493615,0.3961056,0.3411703
phase6_asx_cross_clip05,ETTm1,96,96,2025,ok,0.4067361,0.35173264145851135,0.38011306524276733,7,96+672,0,28522725,logs/AsySpecX_phase6/phase6_asx_cross_clip05_ETTm1_sl96_pl96_sd2025.log,0.4210978,0.397603,0.4928168,0.4093313,0.3846484,0.3432436,0.5478604,0.3941305,0.3434736
phase6_asx_cross_clip05,ETTm1,96,96,2026,ok,0.4038598,0.3503524661064148,0.37762323021888733,7,96+672,0,28522733,logs/AsySpecX_phase6/phase6_asx_cross_clip05_ETTm1_sl96_pl96_sd2026.log,0.4179093,0.3935542,0.4902576,0.4078768,0.3799568,0.3366233,0.5455604,0.395062,0.3385625
phase6_asx_cross_clip05,PEMS04,96,12,2024,ok,0.1002197,0.09514481574296951,0.20590519905090332,49,24,0,28522813,logs/AsySpecX_phase6/phase6_asx_cross_clip05_PEMS04_sl96_pl12_sd2024.log,0.213498,0.2221256,0.2025923,0.2099207,0.2193605,0.1087802,0.0906985,0.1000403,0.1016464
phase6_asx_cross_clip05,PEMS04,96,12,2025,ok,0.1007446,0.09557544440031052,0.20622962713241577,49,24,0,28522817,logs/AsySpecX_phase6/phase6_asx_cross_clip05_PEMS04_sl96_pl12_sd2025.log,0.2137921,0.2225421,0.2027714,0.210209,0.219653,0.1093269,0.0911017,0.1004429,0.1022273
phase6_asx_cross_clip05,PEMS04,96,12,2026,ok,0.1015097,0.0963694229722023,0.20702828466892242,49,24,0,28522821,logs/AsySpecX_phase6/phase6_asx_cross_clip05_PEMS04_sl96_pl12_sd2026.log,0.214519,0.2234068,0.2032188,0.2110057,0.2204517,0.110479,0.0916357,0.1012219,0.1030413
phase6_asx_cross_clip05,PEMS04,96,24,2024,ok,0.1588893,0.1508312076330185,0.2641102969646454,49,24,0,28522814,logs/AsySpecX_phase6/phase6_asx_cross_clip05_PEMS04_sl96_pl24_sd2024.log,0.2720904,0.2895141,0.2519842,0.2660359,0.2808376,0.1805138,0.1354398,0.1573337,0.1628265
phase6_asx_cross_clip05,PEMS04,96,24,2025,ok,0.1584743,0.15034835040569305,0.2643190026283264,49,24,0,28522818,logs/AsySpecX_phase6/phase6_asx_cross_clip05_PEMS04_sl96_pl24_sd2025.log,0.2720537,0.2891189,0.251975,0.2663582,0.2807733,0.17949,0.1353338,0.1568645,0.1624329
phase6_asx_cross_clip05,PEMS04,96,24,2026,ok,0.1582389,0.15070977807044983,0.2647113502025604,49,24,0,28522822,logs/AsySpecX_phase6/phase6_asx_cross_clip05_PEMS04_sl96_pl24_sd2026.log,0.271482,0.287535,0.2522813,0.2662577,0.2798638,0.1788334,0.1357352,0.156969,0.1616994
phase6_asx_cross_clip05,PEMS04,96,48,2024,ok,0.3001887,0.28666821122169495,0.37889957427978516,49,24,0,28522815,logs/AsySpecX_phase6/phase6_asx_cross_clip05_PEMS04_sl96_pl48_sd2024.log,0.387732,0.4095797,0.3569299,0.3839327,0.400501,0.3354149,0.2507543,0.3010294,0.3141028
phase6_asx_cross_clip05,PEMS04,96,48,2025,ok,0.2994669,0.2873590290546417,0.3796139359474182,49,24,0,28522819,logs/AsySpecX_phase6/phase6_asx_cross_clip05_PEMS04_sl96_pl48_sd2025.log,0.3869881,0.4060228,0.3563859,0.3834852,0.4020765,0.3320957,0.2497407,0.3009416,0.3150328
phase6_asx_cross_clip05,PEMS04,96,48,2026,ok,0.3088286,0.2970554232597351,0.38644832372665405,49,24,0,28522823,logs/AsySpecX_phase6/phase6_asx_cross_clip05_PEMS04_sl96_pl48_sd2026.log,0.3929606,0.4136996,0.3627691,0.3894028,0.4059866,0.3432135,0.2594575,0.3103712,0.3228174
phase6_asx_cross_clip05,PEMS04,96,96,2024,ok,0.657198,0.6204416751861572,0.5908597111701965,49,24,0,28522816,logs/AsySpecX_phase6/phase6_asx_cross_clip05_PEMS04_sl96_pl96_sd2024.log,0.6085263,0.633049,0.5681174,0.6086919,0.624266,0.7015969,0.5750665,0.6703892,0.6822482
phase6_asx_cross_clip05,PEMS04,96,96,2025,ok,0.6404133,0.5968340635299683,0.5805866122245789,49,24,0,28522820,logs/AsySpecX_phase6/phase6_asx_cross_clip05_PEMS04_sl96_pl96_sd2025.log,0.6024182,0.6350865,0.5682426,0.5943285,0.6120269,0.6990624,0.5698825,0.6341051,0.6588117
phase6_asx_cross_clip05,PEMS04,96,96,2026,ok,0.6583351,0.6208770275115967,0.5917055010795593,49,24,0,28522824,logs/AsySpecX_phase6/phase6_asx_cross_clip05_PEMS04_sl96_pl96_sd2026.log,0.6099672,0.6335797,0.5708188,0.6105279,0.6249605,0.7005958,0.5789871,0.6704222,0.6844055
phase6_asx_cross_clip05,PEMS08,96,12,2024,ok,0.1036887,0.09470448642969131,0.20341719686985016,49,24,0,28522825,logs/AsySpecX_phase6/phase6_asx_cross_clip05_PEMS08_sl96_pl12_sd2024.log,0.2080578,0.2130985,0.2031878,0.200801,0.2151438,0.1093464,0.0980724,0.0962654,0.1110706
phase6_asx_cross_clip05,PEMS08,96,12,2025,ok,0.1042766,0.09512928873300552,0.2040831595659256,49,24,0,28522829,logs/AsySpecX_phase6/phase6_asx_cross_clip05_PEMS08_sl96_pl12_sd2025.log,0.208907,0.213879,0.2038811,0.2021869,0.2156811,0.1096205,0.0988533,0.0969606,0.1116722
phase6_asx_cross_clip05,PEMS08,96,12,2026,ok,0.1028443,0.09434767812490463,0.20349623262882233,49,24,0,28522833,logs/AsySpecX_phase6/phase6_asx_cross_clip05_PEMS08_sl96_pl12_sd2026.log,0.2073656,0.2124543,0.2029138,0.2000492,0.2140453,0.1082648,0.0973584,0.0956021,0.1101522
phase6_asx_cross_clip05,PEMS08,96,24,2024,ok,0.1698824,0.15826991200447083,0.2678963541984558,49,24,0,28522826,logs/AsySpecX_phase6/phase6_asx_cross_clip05_PEMS08_sl96_pl24_sd2024.log,0.2710668,0.2721808,0.2620503,0.2654853,0.284551,0.1699005,0.1559224,0.1607014,0.1930055
phase6_asx_cross_clip05,PEMS08,96,24,2025,ok,0.1703044,0.15860043466091156,0.26805904507637024,49,24,0,28522830,logs/AsySpecX_phase6/phase6_asx_cross_clip05_PEMS08_sl96_pl24_sd2025.log,0.2708675,0.2710409,0.262437,0.2644143,0.2855777,0.1686401,0.1569081,0.1606323,0.1950373
phase6_asx_cross_clip05,PEMS08,96,24,2026,ok,0.1691771,0.15750710666179657,0.26693031191825867,49,24,0,28522834,logs/AsySpecX_phase6/phase6_asx_cross_clip05_PEMS08_sl96_pl24_sd2026.log,0.2701466,0.2713223,0.2618477,0.2640651,0.2833514,0.1687164,0.1561299,0.1595304,0.1923318
phase6_asx_cross_clip05,PEMS08,96,48,2024,ok,0.3338924,0.32628870010375977,0.40322789549827576,49,24,0,28522827,logs/AsySpecX_phase6/phase6_asx_cross_clip05_PEMS08_sl96_pl48_sd2024.log,0.3970883,0.3925295,0.3872066,0.3878972,0.4207197,0.319235,0.308554,0.3276566,0.380124
phase6_asx_cross_clip05,PEMS08,96,48,2025,ok,0.3348048,0.3231649696826935,0.4020918309688568,49,24,0,28522831,logs/AsySpecX_phase6/phase6_asx_cross_clip05_PEMS08_sl96_pl48_sd2025.log,0.3974809,0.3917795,0.3906763,0.3881598,0.4193081,0.3194146,0.3127946,0.3271322,0.3798778
phase6_asx_cross_clip05,PEMS08,96,48,2026,ok,0.338955,0.3235771656036377,0.4034319221973419,49,24,0,28522835,logs/AsySpecX_phase6/phase6_asx_cross_clip05_PEMS08_sl96_pl48_sd2026.log,0.4031118,0.398095,0.3949384,0.3957292,0.4236846,0.3257711,0.316059,0.3331345,0.3808556
phase6_asx_cross_clip05,PEMS08,96,96,2024,ok,0.7227337,0.712724506855011,0.6241292953491211,49,24,0,28522828,logs/AsySpecX_phase6/phase6_asx_cross_clip05_PEMS08_sl96_pl96_sd2024.log,0.618009,0.6160173,0.6173524,0.601088,0.637578,0.6707623,0.7133908,0.7070233,0.7997582
phase6_asx_cross_clip05,PEMS08,96,96,2025,ok,0.7144121,0.715581476688385,0.628128707408905,49,24,0,28522832,logs/AsySpecX_phase6/phase6_asx_cross_clip05_PEMS08_sl96_pl96_sd2025.log,0.6151347,0.6153452,0.6087691,0.5958085,0.6406157,0.6638577,0.6967197,0.6959657,0.8011054
phase6_asx_cross_clip05,PEMS08,96,96,2026,ok,0.7195615,0.7240894436836243,0.6319556832313538,49,24,0,28522836,logs/AsySpecX_phase6/phase6_asx_cross_clip05_PEMS08_sl96_pl96_sd2026.log,0.6183873,0.6165704,0.6148902,0.5962112,0.6458774,0.6667976,0.706239,0.6979532,0.807256
phase6_asx_cross_clip05,electricity,720,192,2024,ok,0.1312786,0.15607255697250366,0.25736117362976074,181,24+168,0,28522770,logs/AsySpecX_phase6/phase6_asx_cross_clip05_electricity_sl720_pl192_sd2024.log,0.2303473,0.2162521,0.2208154,0.239095,0.2452497,0.1274006,0.121285,0.1411899,0.1353318
phase6_asx_cross_clip05,electricity,720,192,2025,ok,0.1309606,0.1544388383626938,0.255707710981369,181,24+168,0,28522778,logs/AsySpecX_phase6/phase6_asx_cross_clip05_electricity_sl720_pl192_sd2025.log,0.2300746,0.2177888,0.223692,0.2375911,0.2412467,0.1287784,0.1222523,0.1401388,0.1325651
phase6_asx_cross_clip05,electricity,720,192,2026,ok,0.1307388,0.15552397072315216,0.2572377920150757,181,24+168,0,28522786,logs/AsySpecX_phase6/phase6_asx_cross_clip05_electricity_sl720_pl192_sd2026.log,0.230064,0.2170964,0.2231495,0.2374855,0.2425459,0.1283366,0.1220246,0.1398589,0.1329576
phase6_asx_cross_clip05,electricity,720,336,2024,ok,0.1479733,0.17174547910690308,0.2725899815559387,181,24+168,0,28522771,logs/AsySpecX_phase6/phase6_asx_cross_clip05_electricity_sl720_pl336_sd2024.log,0.2458902,0.2366734,0.241073,0.2551253,0.2507052,0.151152,0.1403523,0.1565025,0.1442595
phase6_asx_cross_clip05,electricity,720,336,2025,ok,0.1482195,0.17207221686840057,0.27305710315704346,181,24+168,0,28522779,logs/AsySpecX_phase6/phase6_asx_cross_clip05_electricity_sl720_pl336_sd2025.log,0.2462135,0.2345487,0.2401758,0.2553643,0.2547855,0.1484373,0.1406484,0.1573066,0.1470346
phase6_asx_cross_clip05,electricity,720,336,2026,ok,0.1469591,0.17084337770938873,0.27291515469551086,181,24+168,0,28522787,logs/AsySpecX_phase6/phase6_asx_cross_clip05_electricity_sl720_pl336_sd2026.log,0.2454646,0.2332897,0.2432978,0.2539204,0.2513717,0.1466309,0.1406496,0.1560586,0.1446209
phase6_asx_cross_clip05,electricity,720,720,2024,ok,0.1815764,0.206654354929924,0.30172914266586304,181,24+168,0,28522772,logs/AsySpecX_phase6/phase6_asx_cross_clip05_electricity_sl720_pl720_sd2024.log,0.2760516,0.2859715,0.2695826,0.2760559,0.2725757,0.2103716,0.1688469,0.1770723,0.1699314
phase6_asx_cross_clip05,electricity,720,720,2025,ok,0.1810934,0.2051851600408554,0.3008781373500824,181,24+168,0,28522780,logs/AsySpecX_phase6/phase6_asx_cross_clip05_electricity_sl720_pl720_sd2025.log,0.2765424,0.284716,0.2709722,0.2771219,0.2733423,0.208461,0.1688985,0.1778228,0.1698499
phase6_asx_cross_clip05,electricity,720,720,2026,ok,0.1810449,0.20860496163368225,0.3027620017528534,181,24+168,0,28522788,logs/AsySpecX_phase6/phase6_asx_cross_clip05_electricity_sl720_pl720_sd2026.log,0.2753391,0.2844525,0.2666828,0.2750177,0.2751842,0.2086007,0.1676731,0.1757059,0.1723887
phase6_asx_cross_clip05,electricity,720,96,2024,ok,0.1188954,0.14202819764614105,0.244858980178833,181,24+168,0,28522769,logs/AsySpecX_phase6/phase6_asx_cross_clip05_electricity_sl720_pl96_sd2024.log,0.2192338,0.2091957,0.208721,0.2240207,0.2350136,0.1164065,0.1104526,0.126182,0.1228561
phase6_asx_cross_clip05,electricity,720,96,2025,ok,0.1191941,0.14232055842876434,0.24486786127090454,181,24+168,0,28522777,logs/AsySpecX_phase6/phase6_asx_cross_clip05_electricity_sl720_pl96_sd2025.log,0.2195377,0.2095452,0.2081291,0.2246648,0.2358278,0.1170863,0.1098732,0.1268866,0.1236524
phase6_asx_cross_clip05,electricity,720,96,2026,ok,0.1197781,0.14190217852592468,0.24447424709796906,181,24+168,0,28522785,logs/AsySpecX_phase6/phase6_asx_cross_clip05_electricity_sl720_pl96_sd2026.log,0.2199256,0.2092865,0.2100108,0.2256979,0.2347241,0.1175299,0.1107252,0.1274492,0.1234355
phase6_asx_cross_clip05,electricity,96,192,2024,ok,0.1749659,0.20122547447681427,0.2884664535522461,25,24+168,0,28522766,logs/AsySpecX_phase6/phase6_asx_cross_clip05_electricity_sl96_pl192_sd2024.log,0.2629417,0.2559028,0.2492824,0.2725961,0.273997,0.1805047,0.1611396,0.1837508,0.1748392
phase6_asx_cross_clip05,electricity,96,192,2025,ok,0.1745249,0.20022228360176086,0.287752628326416,25,24+168,0,28522774,logs/AsySpecX_phase6/phase6_asx_cross_clip05_electricity_sl96_pl192_sd2025.log,0.2627988,0.2552978,0.2488609,0.2731817,0.2738672,0.1797486,0.1607281,0.1835968,0.1744341
phase6_asx_cross_clip05,electricity,96,192,2026,ok,0.1753761,0.20080459117889404,0.2881249189376831,25,24+168,0,28522782,logs/AsySpecX_phase6/phase6_asx_cross_clip05_electricity_sl96_pl192_sd2026.log,0.2630049,0.2556658,0.2492315,0.2729667,0.2741674,0.1811751,0.1613226,0.1842368,0.1750354
phase6_asx_cross_clip05,electricity,96,336,2024,ok,0.1891311,0.21489617228507996,0.3017369210720062,25,24+168,0,28522767,logs/AsySpecX_phase6/phase6_asx_cross_clip05_electricity_sl96_pl336_sd2024.log,0.2754436,0.2668259,0.2645032,0.2883961,0.2820643,0.1944901,0.177579,0.1983376,0.1867195
phase6_asx_cross_clip05,electricity,96,336,2025,ok,0.1890041,0.21504507958889008,0.3027397692203522,25,24+168,0,28522775,logs/AsySpecX_phase6/phase6_asx_cross_clip05_electricity_sl96_pl336_sd2025.log,0.2756187,0.267212,0.2650552,0.2883838,0.2818384,0.1951997,0.1771642,0.1988389,0.185766
phase6_asx_cross_clip05,electricity,96,336,2026,ok,0.1898938,0.2154601514339447,0.3025377094745636,25,24+168,0,28522783,logs/AsySpecX_phase6/phase6_asx_cross_clip05_electricity_sl96_pl336_sd2026.log,0.2764743,0.2676539,0.2657582,0.2891524,0.2833482,0.1955623,0.1782413,0.1993434,0.1877446
phase6_asx_cross_clip05,electricity,96,720,2024,ok,0.2210976,0.2534787356853485,0.33232831954956055,25,24+168,0,28522768,logs/AsySpecX_phase6/phase6_asx_cross_clip05_electricity_sl96_pl720_sd2024.log,0.3014948,0.3100436,0.2864827,0.3132528,0.2961822,0.2487197,0.2040204,0.2262618,0.2062175
phase6_asx_cross_clip05,electricity,96,720,2025,ok,0.2205782,0.25283658504486084,0.33165425062179565,25,24+168,0,28522776,logs/AsySpecX_phase6/phase6_asx_cross_clip05_electricity_sl96_pl720_sd2025.log,0.3012274,0.3104077,0.2857556,0.3130018,0.2957255,0.2485735,0.2032056,0.2263456,0.2057639
phase6_asx_cross_clip05,electricity,96,720,2026,ok,0.2231895,0.2551797330379486,0.3340742290019989,25,24+168,0,28522784,logs/AsySpecX_phase6/phase6_asx_cross_clip05_electricity_sl96_pl720_sd2026.log,0.3030005,0.3119774,0.2877809,0.314626,0.297599,0.2503546,0.2063697,0.2289795,0.2083342
phase6_asx_cross_clip05,electricity,96,96,2024,ok,0.1762578,0.19935724139213562,0.2858274579048157,25,24+168,0,28522765,logs/AsySpecX_phase6/phase6_asx_cross_clip05_electricity_sl96_pl96_sd2024.log,0.2635801,0.2628413,0.2520891,0.2670414,0.27235,0.1888575,0.1666896,0.1801003,0.1701669
phase6_asx_cross_clip05,electricity,96,96,2025,ok,0.1775019,0.20115453004837036,0.28625890612602234,25,24+168,0,28522773,logs/AsySpecX_phase6/phase6_asx_cross_clip05_electricity_sl96_pl96_sd2025.log,0.2634763,0.2631447,0.2526066,0.2670404,0.2711142,0.1916835,0.1685081,0.181266,0.1702304
phase6_asx_cross_clip05,electricity,96,96,2026,ok,0.1758461,0.19994378089904785,0.28715312480926514,25,24+168,0,28522781,logs/AsySpecX_phase6/phase6_asx_cross_clip05_electricity_sl96_pl96_sd2026.log,0.2629096,0.2621889,0.2521497,0.2654698,0.2718312,0.188653,0.1669683,0.1790019,0.1695152
phase6_asx_cross_clip05,traffic,720,192,2024,ok,0.3351319,0.40559902787208557,0.28899091482162476,181,24+168,0,28522794,logs/AsySpecX_phase6/phase6_asx_cross_clip05_traffic_sl720_pl192_sd2024.log,0.245077,0.2460901,0.2327311,0.2606363,0.2408479,0.2862112,0.2702416,0.4120732,0.3722972
phase6_asx_cross_clip05,traffic,720,192,2025,ok,0.3336726,0.40342313051223755,0.2864706516265869,181,24+168,0,28522802,logs/AsySpecX_phase6/phase6_asx_cross_clip05_traffic_sl720_pl192_sd2025.log,0.2422435,0.2435389,0.2297592,0.2581074,0.2375652,0.2847117,0.2686951,0.4113598,0.3714741
phase6_asx_cross_clip05,traffic,720,192,2026,ok,0.3338475,0.40249982476234436,0.2851466238498688,181,24+168,0,28522810,logs/AsySpecX_phase6/phase6_asx_cross_clip05_traffic_sl720_pl192_sd2026.log,0.2412799,0.243389,0.2292811,0.2563816,0.2360623,0.2847171,0.2692002,0.4117332,0.3714561
phase6_asx_cross_clip05,traffic,720,336,2024,ok,0.3463802,0.4182225465774536,0.29434117674827576,181,24+168,0,28522795,logs/AsySpecX_phase6/phase6_asx_cross_clip05_traffic_sl720_pl336_sd2024.log,0.2460845,0.2428471,0.2417512,0.2593592,0.2403893,0.2773176,0.2933191,0.4232607,0.3933818
phase6_asx_cross_clip05,traffic,720,336,2025,ok,0.3481401,0.4181295335292816,0.2934684753417969,181,24+168,0,28522803,logs/AsySpecX_phase6/phase6_asx_cross_clip05_traffic_sl720_pl336_sd2025.log,0.2451119,0.241976,0.2385712,0.2589248,0.2409847,0.2785521,0.2924484,0.4247076,0.3967196
phase6_asx_cross_clip05,traffic,720,336,2026,ok,0.3469954,0.4159737229347229,0.292062908411026,181,24+168,0,28522811,logs/AsySpecX_phase6/phase6_asx_cross_clip05_traffic_sl720_pl336_sd2026.log,0.2438205,0.2422841,0.236679,0.2562324,0.240091,0.2784503,0.2916661,0.4223696,0.3959208
phase6_asx_cross_clip05,traffic,720,720,2024,ok,0.3957242,0.45795175433158875,0.3206954300403595,181,24+168,0,28522796,logs/AsySpecX_phase6/phase6_asx_cross_clip05_traffic_sl720_pl720_sd2024.log,0.2634081,0.2572412,0.2665821,0.2637127,0.26612,0.295849,0.3532133,0.445758,0.4914958
phase6_asx_cross_clip05,traffic,720,720,2025,ok,0.3965617,0.46106845140457153,0.3206320106983185,181,24+168,0,28522804,logs/AsySpecX_phase6/phase6_asx_cross_clip05_traffic_sl720_pl720_sd2025.log,0.2642913,0.255248,0.2665268,0.2672121,0.268213,0.294708,0.3533417,0.447547,0.4923807
phase6_asx_cross_clip05,traffic,720,720,2026,ok,0.3949123,0.45383256673812866,0.31510651111602783,181,24+168,0,28522812,logs/AsySpecX_phase6/phase6_asx_cross_clip05_traffic_sl720_pl720_sd2026.log,0.2600164,0.2521196,0.2620289,0.2636583,0.2622895,0.2929878,0.3520495,0.4460311,0.4894906
phase6_asx_cross_clip05,traffic,720,96,2024,ok,0.3293354,0.39095938205718994,0.28054559230804443,181,24+168,0,28522793,logs/AsySpecX_phase6/phase6_asx_cross_clip05_traffic_sl720_pl96_sd2024.log,0.2425013,0.2523853,0.2217564,0.2575316,0.2383082,0.3065637,0.2551359,0.40184,0.3567811
phase6_asx_cross_clip05,traffic,720,96,2025,ok,0.3292485,0.39086636900901794,0.28237831592559814,181,24+168,0,28522801,logs/AsySpecX_phase6/phase6_asx_cross_clip05_traffic_sl720_pl96_sd2025.log,0.2446429,0.2539792,0.2237069,0.2596063,0.2412565,0.3075756,0.2555423,0.402715,0.3573333
phase6_asx_cross_clip05,traffic,720,96,2026,ok,0.3291408,0.3911716341972351,0.27999353408813477,181,24+168,0,28522809,logs/AsySpecX_phase6/phase6_asx_cross_clip05_traffic_sl720_pl96_sd2026.log,0.2418551,0.2519718,0.2215661,0.2565552,0.2373027,0.3060793,0.2555283,0.4017073,0.3569103
phase6_asx_cross_clip05,traffic,96,192,2024,ok,0.4751379,0.5821307897567749,0.368257075548172,25,24+168,0,28522790,logs/AsySpecX_phase6/phase6_asx_cross_clip05_traffic_sl96_pl192_sd2024.log,0.3278899,0.3374375,0.3051788,0.3394841,0.3294348,0.4409218,0.3871819,0.5395107,0.5347581
phase6_asx_cross_clip05,traffic,96,192,2025,ok,0.4784939,0.5854290723800659,0.3732813894748688,25,24+168,0,28522798,logs/AsySpecX_phase6/phase6_asx_cross_clip05_traffic_sl96_pl192_sd2025.log,0.3303494,0.3413912,0.3075718,0.3411194,0.3312868,0.4433091,0.3907751,0.5429528,0.5396174
phase6_asx_cross_clip05,traffic,96,192,2026,ok,0.4774579,0.5845922827720642,0.36985960602760315,25,24+168,0,28522806,logs/AsySpecX_phase6/phase6_asx_cross_clip05_traffic_sl96_pl192_sd2026.log,0.328431,0.3372771,0.3057187,0.3400172,0.3306886,0.4402461,0.3900242,0.5414305,0.5402109
phase6_asx_cross_clip05,traffic,96,336,2024,ok,0.4737529,0.5851584076881409,0.3694363236427307,25,24+168,0,28522791,logs/AsySpecX_phase6/phase6_asx_cross_clip05_traffic_sl96_pl336_sd2024.log,0.3258169,0.33086,0.3153245,0.3367451,0.3203239,0.4238788,0.4143877,0.5336691,0.5249045
phase6_asx_cross_clip05,traffic,96,336,2025,ok,0.4822506,0.5946353673934937,0.3744029402732849,25,24+168,0,28522799,logs/AsySpecX_phase6/phase6_asx_cross_clip05_traffic_sl96_pl336_sd2025.log,0.3309151,0.3372234,0.3201793,0.3425014,0.3237385,0.432873,0.4249545,0.5433953,0.5298336
phase6_asx_cross_clip05,traffic,96,336,2026,ok,0.480038,0.5930649042129517,0.3736015856266022,25,24+168,0,28522807,logs/AsySpecX_phase6/phase6_asx_cross_clip05_traffic_sl96_pl336_sd2026.log,0.3299135,0.3356295,0.3181366,0.3424742,0.3233975,0.4312512,0.4223433,0.5413873,0.5260447
phase6_asx_cross_clip05,traffic,96,720,2024,ok,0.5261002,0.62223219871521,0.38454288244247437,25,24+168,0,28522792,logs/AsySpecX_phase6/phase6_asx_cross_clip05_traffic_sl96_pl720_sd2024.log,0.3406415,0.3452264,0.3289644,0.3307389,0.3576184,0.4552093,0.4737393,0.5564541,0.6208443
phase6_asx_cross_clip05,traffic,96,720,2025,ok,0.5257781,0.6219760775566101,0.38512811064720154,25,24+168,0,28522800,logs/AsySpecX_phase6/phase6_asx_cross_clip05_traffic_sl96_pl720_sd2025.log,0.3405827,0.3455149,0.3278649,0.3301725,0.3587595,0.4549509,0.4723318,0.5551637,0.6225184
phase6_asx_cross_clip05,traffic,96,720,2026,ok,0.5362713,0.6302362680435181,0.3957020342350006,25,24+168,0,28522808,logs/AsySpecX_phase6/phase6_asx_cross_clip05_traffic_sl96_pl720_sd2026.log,0.3524246,0.3555919,0.3390945,0.3436229,0.3713767,0.46321,0.483976,0.5666977,0.6332489
phase6_asx_cross_clip05,traffic,96,96,2024,ok,0.5243974,0.6251271367073059,0.39242854714393616,25,24+168,0,28522789,logs/AsySpecX_phase6/phase6_asx_cross_clip05_traffic_sl96_pl96_sd2024.log,0.3599999,0.3745502,0.3336924,0.3736916,0.3580301,0.4949619,0.4281873,0.588611,0.5879359
phase6_asx_cross_clip05,traffic,96,96,2025,ok,0.5172989,0.6212499141693115,0.3947482407093048,25,24+168,0,28522797,logs/AsySpecX_phase6/phase6_asx_cross_clip05_traffic_sl96_pl96_sd2025.log,0.3613472,0.3777576,0.336236,0.3723763,0.3589795,0.4919801,0.4228469,0.5787429,0.5797014
phase6_asx_cross_clip05,traffic,96,96,2026,ok,0.5163624,0.6184327602386475,0.3895789086818695,25,24+168,0,28522805,logs/AsySpecX_phase6/phase6_asx_cross_clip05_traffic_sl96_pl96_sd2026.log,0.3564103,0.3730564,0.3294191,0.3701817,0.3529439,0.4924343,0.4212464,0.5795423,0.5771109
phase6_asx_cross_clip05,weather,720,192,2024,ok,0.4416891,0.20314878225326538,0.2558859586715698,31,144,0,28522746,logs/AsySpecX_phase6/phase6_asx_cross_clip05_weather_sl720_pl192_sd2024.log,0.3262936,0.2952272,0.3781676,0.3140226,0.3177504,0.2095288,0.8449475,0.2954528,0.4209547
phase6_asx_cross_clip05,weather,720,192,2025,ok,0.4461524,0.20382067561149597,0.2576207220554352,31,144,0,28522754,logs/AsySpecX_phase6/phase6_asx_cross_clip05_weather_sl720_pl192_sd2025.log,0.3297131,0.2875753,0.3868833,0.3196896,0.3247004,0.2070596,0.8561565,0.3037598,0.4222475
phase6_asx_cross_clip05,weather,720,192,2026,ok,0.4418606,0.20232592523097992,0.2549857199192047,31,144,0,28522762,logs/AsySpecX_phase6/phase6_asx_cross_clip05_weather_sl720_pl192_sd2026.log,0.3258178,0.2860518,0.3794293,0.3138014,0.3239874,0.2063964,0.8474978,0.2939669,0.4246831
phase6_asx_cross_clip05,weather,720,336,2024,ok,0.5033625,0.25091788172721863,0.2909202575683594,31,144,0,28522747,logs/AsySpecX_phase6/phase6_asx_cross_clip05_weather_sl720_pl336_sd2024.log,0.3649115,0.3433764,0.4190348,0.3405108,0.3567173,0.2728849,0.9268575,0.3216327,0.4945601
phase6_asx_cross_clip05,weather,720,336,2025,ok,0.5042277,0.25318512320518494,0.29288506507873535,31,144,0,28522755,logs/AsySpecX_phase6/phase6_asx_cross_clip05_weather_sl720_pl336_sd2025.log,0.3655153,0.3428159,0.4207346,0.3416252,0.3568785,0.2725682,0.9270637,0.3237515,0.4961596
phase6_asx_cross_clip05,weather,720,336,2026,ok,0.506224,0.252687007188797,0.2918236553668976,31,144,0,28522763,logs/AsySpecX_phase6/phase6_asx_cross_clip05_weather_sl720_pl336_sd2026.log,0.3654642,0.3441679,0.4183047,0.341079,0.3582994,0.275149,0.9271826,0.3226742,0.5014076
phase6_asx_cross_clip05,weather,720,720,2024,ok,0.597623,0.31711718440055847,0.33791181445121765,31,144,0,28522748,logs/AsySpecX_phase6/phase6_asx_cross_clip05_weather_sl720_pl720_sd2024.log,0.4158825,0.4078802,0.4706078,0.3678304,0.4172127,0.4705483,0.9747967,0.3575278,0.5889552
phase6_asx_cross_clip05,weather,720,720,2025,ok,0.5936809,0.3188819885253906,0.33865582942962646,31,144,0,28522756,logs/AsySpecX_phase6/phase6_asx_cross_clip05_weather_sl720_pl720_sd2025.log,0.4147317,0.4081367,0.4710818,0.3660004,0.4137071,0.4706444,0.9710393,0.352105,0.5823476
phase6_asx_cross_clip05,weather,720,720,2026,ok,0.5992764,0.3180333971977234,0.3384927213191986,31,144,0,28522764,logs/AsySpecX_phase6/phase6_asx_cross_clip05_weather_sl720_pl720_sd2026.log,0.4191621,0.4136996,0.4768884,0.3688025,0.4172561,0.4781851,0.9783933,0.3573557,0.5845907
phase6_asx_cross_clip05,weather,720,96,2024,ok,0.3824031,0.15802299976348877,0.21680870652198792,31,144,0,28522745,logs/AsySpecX_phase6/phase6_asx_cross_clip05_weather_sl720_pl96_sd2024.log,0.2877224,0.2399536,0.3455867,0.2792673,0.2860807,0.1493547,0.7819604,0.2507629,0.3623512
phase6_asx_cross_clip05,weather,720,96,2025,ok,0.3898268,0.15799950063228607,0.2171955108642578,31,144,0,28522753,logs/AsySpecX_phase6/phase6_asx_cross_clip05_weather_sl720_pl96_sd2025.log,0.2903451,0.238823,0.3502942,0.2816188,0.2906446,0.1503664,0.800329,0.2528377,0.368714
phase6_asx_cross_clip05,weather,720,96,2026,ok,0.3835502,0.15775305032730103,0.2176450937986374,31,144,0,28522761,logs/AsySpecX_phase6/phase6_asx_cross_clip05_weather_sl720_pl96_sd2026.log,0.2864462,0.2405576,0.3437827,0.2766728,0.2847707,0.1481584,0.7887242,0.2485877,0.3574446
phase6_asx_cross_clip05,weather,96,192,2024,ok,0.5458407,0.24647340178489685,0.2867971956729889,2,144,0,28522742,logs/AsySpecX_phase6/phase6_asx_cross_clip05_weather_sl96_pl192_sd2024.log,0.3725412,0.3736306,0.421165,0.3543766,0.3409679,0.3246056,0.9709957,0.3557594,0.536378
phase6_asx_cross_clip05,weather,96,192,2025,ok,0.548104,0.24725088477134705,0.28759634494781494,2,144,0,28522750,logs/AsySpecX_phase6/phase6_asx_cross_clip05_weather_sl96_pl192_sd2025.log,0.3758865,0.3806729,0.4226222,0.3563057,0.3439201,0.3293012,0.9675692,0.3580798,0.5440978
phase6_asx_cross_clip05,weather,96,192,2026,ok,0.5457984,0.24601224064826965,0.2856875956058502,2,144,0,28522758,logs/AsySpecX_phase6/phase6_asx_cross_clip05_weather_sl96_pl192_sd2026.log,0.3744275,0.3779726,0.4228917,0.355727,0.3410922,0.3291742,0.9704084,0.3578155,0.533735
phase6_asx_cross_clip05,weather,96,336,2024,ok,0.6291068,0.29599007964134216,0.3189436197280884,2,144,0,28522743,logs/AsySpecX_phase6/phase6_asx_cross_clip05_weather_sl96_pl336_sd2024.log,0.4209775,0.4349222,0.4690982,0.3760901,0.4037855,0.416352,1.0688388,0.3735495,0.660327
phase6_asx_cross_clip05,weather,96,336,2025,ok,0.6287372,0.29581132531166077,0.3182557225227356,2,144,0,28522751,logs/AsySpecX_phase6/phase6_asx_cross_clip05_weather_sl96_pl336_sd2025.log,0.4203712,0.4348144,0.4681239,0.3746257,0.4039072,0.4186803,1.0651883,0.3731601,0.6605702
phase6_asx_cross_clip05,weather,96,336,2026,ok,0.6359753,0.2968483865261078,0.3184325397014618,2,144,0,28522759,logs/AsySpecX_phase6/phase6_asx_cross_clip05_weather_sl96_pl336_sd2026.log,0.4228371,0.4385198,0.4712636,0.3759666,0.4055845,0.421611,1.0808477,0.3756715,0.6683177
phase6_asx_cross_clip05,weather,96,720,2024,ok,0.7582098,0.3677191436290741,0.362533837556839,2,144,0,28522744,logs/AsySpecX_phase6/phase6_asx_cross_clip05_weather_sl96_pl720_sd2024.log,0.4972438,0.5477531,0.573303,0.4225876,0.4452857,0.7013467,1.2152599,0.4517877,0.666266
phase6_asx_cross_clip05,weather,96,720,2025,ok,0.7570308,0.3669731914997101,0.3621886968612671,2,144,0,28522752,logs/AsySpecX_phase6/phase6_asx_cross_clip05_weather_sl96_pl720_sd2025.log,0.496742,0.5469563,0.5725896,0.421588,0.4457892,0.6987572,1.2117305,0.4505118,0.6686543
phase6_asx_cross_clip05,weather,96,720,2026,ok,0.7589626,0.3668181896209717,0.3617135286331177,2,144,0,28522760,logs/AsySpecX_phase6/phase6_asx_cross_clip05_weather_sl96_pl720_sd2026.log,0.497101,0.5483612,0.572697,0.4223002,0.4449999,0.7026904,1.2142361,0.4521113,0.6677586
phase6_asx_cross_clip05,weather,96,96,2024,ok,0.4851209,0.2011425793170929,0.251321941614151,2,144,0,28522741,logs/AsySpecX_phase6/phase6_asx_cross_clip05_weather_sl96_pl96_sd2024.log,0.3368416,0.335656,0.3968509,0.3287878,0.2860324,0.2661521,0.9381725,0.3265951,0.419706
phase6_asx_cross_clip05,weather,96,96,2025,ok,0.4752494,0.19998162984848022,0.2512046694755554,2,144,0,28522749,logs/AsySpecX_phase6/phase6_asx_cross_clip05_weather_sl96_pl96_sd2025.log,0.3310166,0.3242047,0.3912306,0.3247889,0.2838057,0.2512351,0.9272576,0.320921,0.406487
phase6_asx_cross_clip05,weather,96,96,2026,ok,0.4777157,0.200516939163208,0.2510475516319275,2,144,0,28522757,logs/AsySpecX_phase6/phase6_asx_cross_clip05_weather_sl96_pl96_sd2026.log,0.3326053,0.3254081,0.3939597,0.3277887,0.2832268,0.2547846,0.9261417,0.3236574,0.4173953
phase6_asx_individual,ETTh1,720,192,2024,ok,1.0491121,0.43187978863716125,0.4372802972793579,181,24+168,0,28522842,logs/AsySpecX_phase6/phase6_asx_individual_ETTh1_sl720_pl192_sd2024.log,0.6968346,0.7226923,0.797586,0.6403447,0.6266772,1.169008,1.2880828,0.9367946,0.8028608
phase6_asx_individual,ETTh1,720,192,2025,ok,1.0571265,0.4334811270236969,0.4378955364227295,181,24+168,0,28522850,logs/AsySpecX_phase6/phase6_asx_individual_ETTh1_sl720_pl192_sd2025.log,0.6965964,0.7195027,0.8008286,0.6411197,0.6249006,1.1645103,1.3020175,0.9557769,0.8079103
phase6_asx_individual,ETTh1,720,192,2026,ok,1.0487722,0.4321350157260895,0.4385911822319031,181,24+168,0,28522858,logs/AsySpecX_phase6/phase6_asx_individual_ETTh1_sl720_pl192_sd2026.log,0.6962652,0.7214785,0.80247,0.6377147,0.6233602,1.1667285,1.2980667,0.933299,0.797379
phase6_asx_individual,ETTh1,720,336,2024,ok,1.2673773,0.45426657795906067,0.45894357562065125,181,24+168,0,28522843,logs/AsySpecX_phase6/phase6_asx_individual_ETTh1_sl720_pl336_sd2024.log,0.7805659,0.8566464,0.8324132,0.7335137,0.6995707,1.6125872,1.3754773,1.0972642,0.9809639
phase6_asx_individual,ETTh1,720,336,2025,ok,1.2685696,0.4529850482940674,0.45531997084617615,181,24+168,0,28522851,logs/AsySpecX_phase6/phase6_asx_individual_ETTh1_sl720_pl336_sd2025.log,0.7785797,0.8499032,0.8384396,0.7228946,0.7029689,1.5921327,1.4100765,1.0878466,0.9944044
phase6_asx_individual,ETTh1,720,336,2026,ok,1.2783272,0.45757371187210083,0.4605422914028168,181,24+168,0,28522859,logs/AsySpecX_phase6/phase6_asx_individual_ETTh1_sl720_pl336_sd2026.log,0.7842826,0.8619145,0.8410336,0.7351238,0.6989366,1.6207519,1.4012896,1.110782,0.9770881
phase6_asx_individual,ETTh1,720,720,2024,ok,1.5218492,0.4584020972251892,0.47597113251686096,181,24+168,0,28522844,logs/AsySpecX_phase6/phase6_asx_individual_ETTh1_sl720_pl720_sd2024.log,0.8663954,0.987485,0.9237302,0.8927619,0.66138,2.1231079,1.5859343,1.4675435,0.9186487
phase6_asx_individual,ETTh1,720,720,2025,ok,1.5190005,0.45506414771080017,0.4723301827907562,181,24+168,0,28522852,logs/AsySpecX_phase6/phase6_asx_individual_ETTh1_sl720_pl720_sd2025.log,0.8642243,0.9773816,0.9282508,0.8874909,0.6635644,2.098839,1.6173887,1.4510046,0.9237556
phase6_asx_individual,ETTh1,720,720,2026,ok,1.5190213,0.4545452296733856,0.47155675292015076,181,24+168,0,28522860,logs/AsySpecX_phase6/phase6_asx_individual_ETTh1_sl720_pl720_sd2026.log,0.8635237,0.9742668,0.9297446,0.8871498,0.6627285,2.0899837,1.6214613,1.45011,0.9198237
phase6_asx_individual,ETTh1,720,96,2024,ok,0.7790773,0.4000123143196106,0.4162681996822357,181,24+168,0,28522841,logs/AsySpecX_phase6/phase6_asx_individual_ETTh1_sl720_pl96_sd2024.log,0.6006342,0.5968841,0.707946,0.5623445,0.5353673,0.7862904,0.9978504,0.7467445,0.5947935
phase6_asx_individual,ETTh1,720,96,2025,ok,0.7732519,0.39988964796066284,0.4160250425338745,181,24+168,0,28522849,logs/AsySpecX_phase6/phase6_asx_individual_ETTh1_sl720_pl96_sd2025.log,0.5988803,0.5947517,0.7068954,0.5600083,0.5338718,0.7805983,0.991841,0.7387602,0.5929811
phase6_asx_individual,ETTh1,720,96,2026,ok,0.7749027,0.39993467926979065,0.4163080155849457,181,24+168,0,28522857,logs/AsySpecX_phase6/phase6_asx_individual_ETTh1_sl720_pl96_sd2026.log,0.5995947,0.5956501,0.707886,0.5605738,0.5342744,0.7815677,0.9927146,0.7398671,0.593366
phase6_asx_individual,ETTh1,96,192,2024,ok,1.0125332,0.4392646551132202,0.42910057306289673,25,24+168,0,28522838,logs/AsySpecX_phase6/phase6_asx_individual_ETTh1_sl96_pl192_sd2024.log,0.6624997,0.6855743,0.7420505,0.6313416,0.5909984,1.0296917,1.1810459,1.0423647,0.7979853
phase6_asx_individual,ETTh1,96,192,2025,ok,1.0097321,0.4403589963912964,0.4281553328037262,25,24+168,0,28522846,logs/AsySpecX_phase6/phase6_asx_individual_ETTh1_sl96_pl192_sd2025.log,0.6602678,0.6783729,0.7385792,0.6330667,0.5910252,1.0174335,1.1728621,1.0487727,0.8009642
phase6_asx_individual,ETTh1,96,192,2026,ok,1.0136247,0.43897488713264465,0.4283965826034546,25,24+168,0,28522854,logs/AsySpecX_phase6/phase6_asx_individual_ETTh1_sl96_pl192_sd2026.log,0.6621361,0.6842654,0.7413887,0.6328315,0.5900258,1.0282434,1.1815165,1.0474731,0.796433
phase6_asx_individual,ETTh1,96,336,2024,ok,1.3099117,0.4799237549304962,0.4504263401031494,25,24+168,0,28522839,logs/AsySpecX_phase6/phase6_asx_individual_ETTh1_sl96_pl336_sd2024.log,0.7658882,0.8149264,0.8092645,0.7492616,0.6900227,1.4552845,1.4281967,1.3186753,1.0493329
phase6_asx_individual,ETTh1,96,336,2025,ok,1.3123667,0.4812716245651245,0.45274731516838074,25,24+168,0,28522847,logs/AsySpecX_phase6/phase6_asx_individual_ETTh1_sl96_pl336_sd2025.log,0.7694045,0.8236626,0.8113581,0.7511954,0.6913165,1.4699355,1.4328043,1.3231947,1.0447661
phase6_asx_individual,ETTh1,96,336,2026,ok,1.3088133,0.47944048047065735,0.45118358731269836,25,24+168,0,28522855,logs/AsySpecX_phase6/phase6_asx_individual_ETTh1_sl96_pl336_sd2026.log,0.7671915,0.8206068,0.8095524,0.7493907,0.6891325,1.4645151,1.4271415,1.3200538,1.0426841
phase6_asx_individual,ETTh1,96,720,2024,ok,1.5865688,0.4669540524482727,0.46874380111694336,25,24+168,0,28522840,logs/AsySpecX_phase6/phase6_asx_individual_ETTh1_sl96_pl720_sd2024.log,0.8604731,0.9844162,0.9246608,0.8852248,0.6473611,2.0866947,1.7760741,1.5772469,0.9173314
phase6_asx_individual,ETTh1,96,720,2025,ok,1.5866655,0.4661861062049866,0.46809402108192444,25,24+168,0,28522848,logs/AsySpecX_phase6/phase6_asx_individual_ETTh1_sl96_pl720_sd2025.log,0.8603987,0.9853311,0.9256309,0.8839819,0.6464195,2.0888848,1.7792885,1.5754204,0.9156299
phase6_asx_individual,ETTh1,96,720,2026,ok,1.592602,0.4710642397403717,0.47411757707595825,25,24+168,0,28522856,logs/AsySpecX_phase6/phase6_asx_individual_ETTh1_sl96_pl720_sd2026.log,0.8658912,0.9972587,0.9289309,0.886724,0.6504079,2.1120844,1.7879686,1.5847658,0.9178103
phase6_asx_individual,ETTh1,96,96,2024,ok,0.7185692,0.3894580006599426,0.39821183681488037,25,24+168,0,28522837,logs/AsySpecX_phase6/phase6_asx_individual_ETTh1_sl96_pl96_sd2024.log,0.560019,0.5615624,0.6557415,0.5305164,0.4922534,0.6770245,0.8926311,0.738616,0.5706583
phase6_asx_individual,ETTh1,96,96,2025,ok,0.7148314,0.38973188400268555,0.3984774351119995,25,24+168,0,28522845,logs/AsySpecX_phase6/phase6_asx_individual_ETTh1_sl96_pl96_sd2025.log,0.5583586,0.5604063,0.6542311,0.5287103,0.4900838,0.6751906,0.8902478,0.7331524,0.5663035
phase6_asx_individual,ETTh1,96,96,2026,ok,0.71563,0.39183464646339417,0.4011599123477936,25,24+168,0,28522853,logs/AsySpecX_phase6/phase6_asx_individual_ETTh1_sl96_pl96_sd2026.log,0.5592979,0.5599535,0.6559558,0.5308466,0.4904351,0.6748403,0.8955227,0.7366489,0.5664979
phase6_asx_individual,ETTm1,720,192,2024,ok,0.5053072,0.3451269268989563,0.371712327003479,43,96+672,0,28522866,logs/AsySpecX_phase6/phase6_asx_individual_ETTm1_sl720_pl192_sd2024.log,0.468897,0.4492227,0.5528257,0.4565659,0.4169808,0.4365753,0.642642,0.5436786,0.3997691
phase6_asx_individual,ETTm1,720,192,2025,ok,0.5057738,0.3449837267398834,0.3716064989566803,43,96+672,0,28522874,logs/AsySpecX_phase6/phase6_asx_individual_ETTm1_sl720_pl192_sd2025.log,0.4688521,0.4491237,0.5527731,0.4568486,0.41667,0.4363145,0.6431018,0.5446606,0.3992445
phase6_asx_individual,ETTm1,720,192,2026,ok,0.5058836,0.34508052468299866,0.3716927766799927,43,96+672,0,28522882,logs/AsySpecX_phase6/phase6_asx_individual_ETTm1_sl720_pl192_sd2026.log,0.4690191,0.4493066,0.5531268,0.4567213,0.4169286,0.4365767,0.6434118,0.5442736,0.399477
phase6_asx_individual,ETTm1,720,336,2024,ok,0.6454237,0.37632670998573303,0.389755517244339,43,96+672,0,28522867,logs/AsySpecX_phase6/phase6_asx_individual_ETTm1_sl720_pl336_sd2024.log,0.5299276,0.5253754,0.6188713,0.5086982,0.4667672,0.5949726,0.7897333,0.7000414,0.4990727
phase6_asx_individual,ETTm1,720,336,2025,ok,0.6449176,0.37638160586357117,0.3898809850215912,43,96+672,0,28522875,logs/AsySpecX_phase6/phase6_asx_individual_ETTm1_sl720_pl336_sd2025.log,0.5299981,0.5254144,0.6190608,0.5084453,0.4670733,0.5948635,0.789475,0.699035,0.4988805
phase6_asx_individual,ETTm1,720,336,2026,ok,0.6449981,0.3762796223163605,0.38973569869995117,43,96+672,0,28522883,logs/AsySpecX_phase6/phase6_asx_individual_ETTm1_sl720_pl336_sd2026.log,0.5298607,0.5253363,0.6187864,0.5083098,0.4670118,0.594736,0.7892761,0.699036,0.4991696
phase6_asx_individual,ETTm1,720,720,2024,ok,0.9327221,0.42636093497276306,0.41796937584877014,43,96+672,0,28522868,logs/AsySpecX_phase6/phase6_asx_individual_ETTm1_sl720_pl720_sd2024.log,0.6349074,0.6581653,0.7079729,0.6086584,0.5648244,0.9670308,1.0463976,0.997659,0.7212023
phase6_asx_individual,ETTm1,720,720,2025,ok,0.9316971,0.42653459310531616,0.41812485456466675,43,96+672,0,28522876,logs/AsySpecX_phase6/phase6_asx_individual_ETTm1_sl720_pl720_sd2025.log,0.6349646,0.6581376,0.7081647,0.608704,0.5648433,0.9669117,1.0465956,0.9977368,0.7204876
phase6_asx_individual,ETTm1,720,720,2026,ok,0.9313527,0.42624831199645996,0.4178905785083771,43,96+672,0,28522884,logs/AsySpecX_phase6/phase6_asx_individual_ETTm1_sl720_pl720_sd2026.log,0.634726,0.6579383,0.7079821,0.6085127,0.5644624,0.9662842,1.0457243,0.9975085,0.720138
phase6_asx_individual,ETTm1,720,96,2024,ok,0.3916226,0.308101087808609,0.3521896302700043,43,96+672,0,28522865,logs/AsySpecX_phase6/phase6_asx_individual_ETTm1_sl720_pl96_sd2024.log,0.4126789,0.3892739,0.4895695,0.4041164,0.3677641,0.3333583,0.5225555,0.4002621,0.3134459
phase6_asx_individual,ETTm1,720,96,2025,ok,0.3919601,0.3076992928981781,0.3521570563316345,43,96+672,0,28522873,logs/AsySpecX_phase6/phase6_asx_individual_ETTm1_sl720_pl96_sd2025.log,0.4127167,0.3894841,0.4897744,0.4038925,0.3677239,0.3336003,0.5232096,0.3990623,0.3131707
phase6_asx_individual,ETTm1,720,96,2026,ok,0.3917996,0.30768999457359314,0.35214492678642273,43,96+672,0,28522881,logs/AsySpecX_phase6/phase6_asx_individual_ETTm1_sl720_pl96_sd2026.log,0.4126151,0.3894716,0.4898323,0.4035738,0.3675905,0.3335279,0.5231678,0.3988093,0.3131167
phase6_asx_individual,ETTm1,96,192,2024,ok,0.5315255,0.39042928814888,0.39398762583732605,7,96+672,0,28522862,logs/AsySpecX_phase6/phase6_asx_individual_ETTm1_sl96_pl192_sd2024.log,0.4790194,0.449488,0.5675008,0.4675668,0.4315327,0.4471239,0.7011942,0.5449598,0.4329868
phase6_asx_individual,ETTm1,96,192,2025,ok,0.531597,0.3903464674949646,0.3939242660999298,7,96+672,0,28522870,logs/AsySpecX_phase6/phase6_asx_individual_ETTm1_sl96_pl192_sd2025.log,0.4790609,0.4495533,0.5675498,0.4676949,0.4314559,0.4471636,0.7014342,0.5452779,0.4328687
phase6_asx_individual,ETTm1,96,192,2026,ok,0.5314723,0.390135794878006,0.39381009340286255,7,96+672,0,28522878,logs/AsySpecX_phase6/phase6_asx_individual_ETTm1_sl96_pl192_sd2026.log,0.4789187,0.4493527,0.5673925,0.4675331,0.4314071,0.446904,0.701145,0.5451697,0.4327856
phase6_asx_individual,ETTm1,96,336,2024,ok,0.6799774,0.42005494236946106,0.4129822254180908,7,96+672,0,28522863,logs/AsySpecX_phase6/phase6_asx_individual_ETTm1_sl96_pl336_sd2024.log,0.5434705,0.5281273,0.6455206,0.5141684,0.4860711,0.6095137,0.8763319,0.6842909,0.5520973
phase6_asx_individual,ETTm1,96,336,2025,ok,0.6793587,0.4199292063713074,0.4127820134162903,7,96+672,0,28522871,logs/AsySpecX_phase6/phase6_asx_individual_ETTm1_sl96_pl336_sd2025.log,0.5433394,0.5279883,0.6453725,0.5139591,0.4860432,0.6095224,0.8761888,0.6840088,0.5522432
phase6_asx_individual,ETTm1,96,336,2026,ok,0.679975,0.4199736714363098,0.41281265020370483,7,96+672,0,28522879,logs/AsySpecX_phase6/phase6_asx_individual_ETTm1_sl96_pl336_sd2026.log,0.5433051,0.5279399,0.6453238,0.5139856,0.4859765,0.6093532,0.8760765,0.6841002,0.5521108
phase6_asx_individual,ETTm1,96,720,2024,ok,0.9969497,0.4828009307384491,0.445704847574234,7,96+672,0,28522864,logs/AsySpecX_phase6/phase6_asx_individual_ETTm1_sl96_pl720_sd2024.log,0.6571909,0.6631782,0.7462359,0.6319686,0.5873786,0.9572474,1.1988778,1.0317764,0.8035665
phase6_asx_individual,ETTm1,96,720,2025,ok,0.9969125,0.4828864336013794,0.4458458721637726,7,96+672,0,28522872,logs/AsySpecX_phase6/phase6_asx_individual_ETTm1_sl96_pl720_sd2025.log,0.657252,0.6632829,0.746208,0.6320496,0.5874653,0.9571475,1.1986703,1.0320222,0.8035259
phase6_asx_individual,ETTm1,96,720,2026,ok,0.9967497,0.48279231786727905,0.44569647312164307,7,96+672,0,28522880,logs/AsySpecX_phase6/phase6_asx_individual_ETTm1_sl96_pl720_sd2026.log,0.6572157,0.6632705,0.7462534,0.6319823,0.5873542,0.9574901,1.1988505,1.0316029,0.8034154
phase6_asx_individual,ETTm1,96,96,2024,ok,0.4075522,0.3559427857398987,0.38021373748779297,7,96+672,0,28522861,logs/AsySpecX_phase6/phase6_asx_individual_ETTm1_sl96_pl96_sd2024.log,0.4201376,0.3933924,0.4906641,0.4100703,0.3864331,0.33863,0.5505983,0.3970871,0.3450747
phase6_asx_individual,ETTm1,96,96,2025,ok,0.4078648,0.35624048113822937,0.38032615184783936,7,96+672,0,28522869,logs/AsySpecX_phase6/phase6_asx_individual_ETTm1_sl96_pl96_sd2025.log,0.4204249,0.3937055,0.4910427,0.4103033,0.3866575,0.3387023,0.5509972,0.3973609,0.3453592
phase6_asx_individual,ETTm1,96,96,2026,ok,0.4083994,0.3566522002220154,0.38104480504989624,7,96+672,0,28522877,logs/AsySpecX_phase6/phase6_asx_individual_ETTm1_sl96_pl96_sd2026.log,0.4209419,0.3943259,0.4914877,0.4107662,0.3871968,0.3393982,0.5515156,0.3976304,0.3458248
phase6_asx_individual,PEMS04,96,12,2024,ok,0.1289735,0.1211165338754654,0.2325798124074936,49,24,0,28522957,logs/AsySpecX_phase6/phase6_asx_individual_PEMS04_sl96_pl12_sd2024.log,0.2416609,0.2522399,0.2257713,0.2416905,0.2469481,0.1421708,0.1120147,0.1322441,0.1296795
phase6_asx_individual,PEMS04,96,12,2025,ok,0.1290219,0.12111060321331024,0.23253841698169708,49,24,0,28522961,logs/AsySpecX_phase6/phase6_asx_individual_PEMS04_sl96_pl12_sd2025.log,0.2416253,0.2522131,0.2257296,0.2416479,0.246917,0.1421775,0.1120125,0.1322359,0.129681
phase6_asx_individual,PEMS04,96,12,2026,ok,0.1289145,0.12111354619264603,0.23250672221183777,49,24,0,28522965,logs/AsySpecX_phase6/phase6_asx_individual_PEMS04_sl96_pl12_sd2026.log,0.2416004,0.2521971,0.2256988,0.2416254,0.2468867,0.1421869,0.1120099,0.1322443,0.1296895
phase6_asx_individual,PEMS04,96,24,2024,ok,0.2454488,0.2256147563457489,0.3227911591529846,49,24,0,28522958,logs/AsySpecX_phase6/phase6_asx_individual_PEMS04_sl96_pl24_sd2024.log,0.3375457,0.3586012,0.3074756,0.3365452,0.3475726,0.282552,0.1981326,0.2510151,0.2507714
phase6_asx_individual,PEMS04,96,24,2025,ok,0.2454481,0.22559098899364471,0.3227378726005554,49,24,0,28522962,logs/AsySpecX_phase6/phase6_asx_individual_PEMS04_sl96_pl24_sd2025.log,0.3374957,0.3585732,0.3074181,0.3364987,0.3475048,0.2825744,0.1980947,0.2510138,0.2507508
phase6_asx_individual,PEMS04,96,24,2026,ok,0.2453256,0.22556710243225098,0.322628378868103,49,24,0,28522966,logs/AsySpecX_phase6/phase6_asx_individual_PEMS04_sl96_pl24_sd2026.log,0.3373883,0.3584793,0.3072915,0.3364071,0.3473872,0.2825974,0.1980368,0.2510184,0.2507327
phase6_asx_individual,PEMS04,96,48,2024,ok,0.5536594,0.5059189796447754,0.5052249431610107,49,24,0,28522959,logs/AsySpecX_phase6/phase6_asx_individual_PEMS04_sl96_pl48_sd2024.log,0.5300429,0.5664621,0.4768332,0.5239617,0.552942,0.6389341,0.4386206,0.5497745,0.5880178
phase6_asx_individual,PEMS04,96,48,2025,ok,0.5534975,0.5059419870376587,0.5052277445793152,49,24,0,28522963,logs/AsySpecX_phase6/phase6_asx_individual_PEMS04_sl96_pl48_sd2025.log,0.5300381,0.5664586,0.4768241,0.523972,0.5529246,0.6389811,0.4385957,0.5498146,0.5880422
phase6_asx_individual,PEMS04,96,48,2026,ok,0.55349,0.5058780312538147,0.5052266120910645,49,24,0,28522967,logs/AsySpecX_phase6/phase6_asx_individual_PEMS04_sl96_pl48_sd2026.log,0.5300482,0.5664432,0.4768831,0.5239445,0.5529491,0.6388043,0.4386845,0.5496836,0.5879566
phase6_asx_individual,PEMS04,96,96,2024,ok,1.1185076,1.014271855354309,0.762572169303894,49,24,0,28522960,logs/AsySpecX_phase6/phase6_asx_individual_PEMS04_sl96_pl96_sd2024.log,0.8046167,0.8535032,0.7460669,0.7963508,0.8225673,1.2531681,0.962702,1.0977633,1.1618718
phase6_asx_individual,PEMS04,96,96,2025,ok,1.1183234,1.0144579410552979,0.7627177834510803,49,24,0,28522964,logs/AsySpecX_phase6/phase6_asx_individual_PEMS04_sl96_pl96_sd2025.log,0.8047533,0.8536288,0.7461879,0.7965251,0.8226932,1.2532979,0.9628571,1.0980023,1.1620423
phase6_asx_individual,PEMS04,96,96,2026,ok,1.1183851,1.0143308639526367,0.762657105922699,49,24,0,28522968,logs/AsySpecX_phase6/phase6_asx_individual_PEMS04_sl96_pl96_sd2026.log,0.8047039,0.8535793,0.7461743,0.7964465,0.8226373,1.2532016,0.9628059,1.0978462,1.1618963
phase6_asx_individual,PEMS08,96,12,2024,ok,0.1312216,0.1177717074751854,0.22723686695098877,49,24,0,28522969,logs/AsySpecX_phase6/phase6_asx_individual_PEMS08_sl96_pl12_sd2024.log,0.236486,0.2453497,0.2358891,0.2229677,0.2417374,0.140352,0.1269006,0.1189516,0.1386824
phase6_asx_individual,PEMS08,96,12,2025,ok,0.1312192,0.11779117584228516,0.22739575803279877,49,24,0,28522973,logs/AsySpecX_phase6/phase6_asx_individual_PEMS08_sl96_pl12_sd2025.log,0.2366025,0.2454408,0.2360064,0.2231428,0.2418201,0.1403318,0.1268876,0.11898,0.1386774
phase6_asx_individual,PEMS08,96,12,2026,ok,0.1312138,0.11776958405971527,0.22726963460445404,49,24,0,28522977,logs/AsySpecX_phase6/phase6_asx_individual_PEMS08_sl96_pl12_sd2026.log,0.2365119,0.2453773,0.2359122,0.2230068,0.2417514,0.1403376,0.1268933,0.1189573,0.1386669
phase6_asx_individual,PEMS08,96,24,2024,ok,0.2480417,0.22394037246704102,0.3192996084690094,49,24,0,28522970,logs/AsySpecX_phase6/phase6_asx_individual_PEMS08_sl96_pl24_sd2024.log,0.3329491,0.3458187,0.3307988,0.3096137,0.3455651,0.2639875,0.2358384,0.2215143,0.2708269
phase6_asx_individual,PEMS08,96,24,2025,ok,0.2480218,0.2239275574684143,0.3192942142486572,49,24,0,28522974,logs/AsySpecX_phase6/phase6_asx_individual_PEMS08_sl96_pl24_sd2025.log,0.3329587,0.3458141,0.3308333,0.3095846,0.3456027,0.2639392,0.2358689,0.2214978,0.2707813
phase6_asx_individual,PEMS08,96,24,2026,ok,0.2479772,0.2239130735397339,0.3193869888782501,49,24,0,28522978,logs/AsySpecX_phase6/phase6_asx_individual_PEMS08_sl96_pl24_sd2026.log,0.333033,0.3458301,0.3309322,0.3096492,0.3457205,0.2638452,0.2358714,0.2214295,0.2707628
phase6_asx_individual,PEMS08,96,48,2024,ok,0.5649106,0.5228976011276245,0.5128015279769897,49,24,0,28522971,logs/AsySpecX_phase6/phase6_asx_individual_PEMS08_sl96_pl48_sd2024.log,0.5291265,0.5459622,0.5275395,0.4879088,0.5550955,0.5864595,0.539885,0.5068243,0.6264738
phase6_asx_individual,PEMS08,96,48,2025,ok,0.5647665,0.5225310921669006,0.5120313763618469,49,24,0,28522975,logs/AsySpecX_phase6/phase6_asx_individual_PEMS08_sl96_pl48_sd2025.log,0.5284786,0.545577,0.5267663,0.4872355,0.5543357,0.5869709,0.5393772,0.5064926,0.6262253
phase6_asx_individual,PEMS08,96,48,2026,ok,0.5647724,0.5225714445114136,0.5121338367462158,49,24,0,28522979,logs/AsySpecX_phase6/phase6_asx_individual_PEMS08_sl96_pl48_sd2026.log,0.5285565,0.5456183,0.5268586,0.4873147,0.5544342,0.5868589,0.5394316,0.5065606,0.6262389
phase6_asx_individual,PEMS08,96,96,2024,ok,1.1638325,1.117276906967163,0.7865753173828125,49,24,0,28522972,logs/AsySpecX_phase6/phase6_asx_individual_PEMS08_sl96_pl96_sd2024.log,0.7985611,0.8114018,0.8105721,0.7395198,0.8327504,1.1382761,1.1695027,1.0574638,1.2900881
phase6_asx_individual,PEMS08,96,96,2025,ok,1.1638658,1.1172815561294556,0.7865529656410217,49,24,0,28522976,logs/AsySpecX_phase6/phase6_asx_individual_PEMS08_sl96_pl96_sd2025.log,0.7985486,0.8113568,0.810559,0.7394969,0.8327817,1.1382109,1.1695544,1.0575118,1.2901863
phase6_asx_individual,PEMS08,96,96,2026,ok,1.1638376,1.1172730922698975,0.786583662033081,49,24,0,28522980,logs/AsySpecX_phase6/phase6_asx_individual_PEMS08_sl96_pl96_sd2026.log,0.798576,0.8113998,0.810585,0.7395195,0.8327997,1.1382787,1.169497,1.0574417,1.2901329
phase6_asx_individual,electricity,720,192,2024,ok,0.1325952,0.1590166836977005,0.2580910325050354,181,24+168,0,28522914,logs/AsySpecX_phase6/phase6_asx_individual_electricity_sl720_pl192_sd2024.log,0.2316288,0.2176649,0.22194,0.2413545,0.2455786,0.1286177,0.1222837,0.1422995,0.1373022
phase6_asx_individual,electricity,720,192,2025,ok,0.1325685,0.15901660919189453,0.2580964267253876,181,24+168,0,28522922,logs/AsySpecX_phase6/phase6_asx_individual_electricity_sl720_pl192_sd2025.log,0.2316393,0.2176815,0.221966,0.2413455,0.245587,0.1286215,0.1223199,0.1422633,0.1372905
phase6_asx_individual,electricity,720,192,2026,ok,0.1325634,0.15905608236789703,0.25816333293914795,181,24+168,0,28522930,logs/AsySpecX_phase6/phase6_asx_individual_electricity_sl720_pl192_sd2026.log,0.2316775,0.2177289,0.2220055,0.2413887,0.2456099,0.1286481,0.1223104,0.1423096,0.1372864
phase6_asx_individual,electricity,720,336,2024,ok,0.1476081,0.17381304502487183,0.27304598689079285,181,24+168,0,28522915,logs/AsySpecX_phase6/phase6_asx_individual_electricity_sl720_pl336_sd2024.log,0.2454245,0.2341531,0.239346,0.2561745,0.2520441,0.1483289,0.1394446,0.1571999,0.1461197
phase6_asx_individual,electricity,720,336,2025,ok,0.1475551,0.17382514476776123,0.27306756377220154,181,24+168,0,28522923,logs/AsySpecX_phase6/phase6_asx_individual_electricity_sl720_pl336_sd2025.log,0.2454315,0.2341552,0.2393699,0.2561848,0.2520357,0.1483124,0.1394504,0.1572185,0.1460771
phase6_asx_individual,electricity,720,336,2026,ok,0.1475564,0.17381355166435242,0.2730664908885956,181,24+168,0,28522931,logs/AsySpecX_phase6/phase6_asx_individual_electricity_sl720_pl336_sd2026.log,0.2454439,0.2341589,0.2393857,0.2561831,0.2520674,0.1483055,0.1394755,0.1572147,0.1461049
phase6_asx_individual,electricity,720,720,2024,ok,0.1796749,0.2091122716665268,0.30289971828460693,181,24+168,0,28522916,logs/AsySpecX_phase6/phase6_asx_individual_electricity_sl720_pl720_sd2024.log,0.2725401,0.2831136,0.2619245,0.2766746,0.2684257,0.211749,0.1635859,0.1776298,0.1665429
phase6_asx_individual,electricity,720,720,2025,ok,0.1797346,0.2091490477323532,0.3028934597969055,181,24+168,0,28522924,logs/AsySpecX_phase6/phase6_asx_individual_electricity_sl720_pl720_sd2025.log,0.2725096,0.2831196,0.261885,0.2766341,0.2683774,0.2118138,0.1635532,0.1775929,0.1664949
phase6_asx_individual,electricity,720,720,2026,ok,0.1797112,0.20917023718357086,0.3028862774372101,181,24+168,0,28522932,logs/AsySpecX_phase6/phase6_asx_individual_electricity_sl720_pl720_sd2026.log,0.2725,0.2830995,0.2618488,0.2766818,0.2683477,0.2118,0.1634915,0.1776845,0.1664772
phase6_asx_individual,electricity,720,96,2024,ok,0.1197836,0.14262861013412476,0.24442964792251587,181,24+168,0,28522913,logs/AsySpecX_phase6/phase6_asx_individual_electricity_sl720_pl96_sd2024.log,0.2198771,0.2091627,0.2089116,0.2262848,0.2351663,0.1168411,0.1100324,0.127857,0.1248292
phase6_asx_individual,electricity,720,96,2025,ok,0.1197935,0.1426207721233368,0.2444276511669159,181,24+168,0,28522921,logs/AsySpecX_phase6/phase6_asx_individual_electricity_sl720_pl96_sd2025.log,0.2198944,0.2091905,0.2089192,0.2262951,0.2351897,0.1168826,0.1100472,0.1278625,0.1248484
phase6_asx_individual,electricity,720,96,2026,ok,0.1197339,0.1426554024219513,0.24444906413555145,181,24+168,0,28522929,logs/AsySpecX_phase6/phase6_asx_individual_electricity_sl720_pl96_sd2026.log,0.2198834,0.2091466,0.2089226,0.2262947,0.2351866,0.1168334,0.1100541,0.1278781,0.1248535
phase6_asx_individual,electricity,96,192,2024,ok,0.1707731,0.19558347761631012,0.2825337052345276,25,24+168,0,28522910,logs/AsySpecX_phase6/phase6_asx_individual_electricity_sl96_pl192_sd2024.log,0.2586194,0.2507844,0.2450294,0.2688706,0.2698063,0.174809,0.1574084,0.1797853,0.1714028
phase6_asx_individual,electricity,96,192,2025,ok,0.1707626,0.19559182226657867,0.2825845777988434,25,24+168,0,28522918,logs/AsySpecX_phase6/phase6_asx_individual_electricity_sl96_pl192_sd2025.log,0.2586568,0.2507969,0.2450806,0.2689095,0.2698532,0.1747592,0.1574528,0.179812,0.171468
phase6_asx_individual,electricity,96,192,2026,ok,0.1706877,0.19560065865516663,0.28256237506866455,25,24+168,0,28522926,logs/AsySpecX_phase6/phase6_asx_individual_electricity_sl96_pl192_sd2026.log,0.2586188,0.2507801,0.2450241,0.2688709,0.2698131,0.1747857,0.1574268,0.1797729,0.1714163
phase6_asx_individual,electricity,96,336,2024,ok,0.1848389,0.21002593636512756,0.2966577708721161,25,24+168,0,28522911,logs/AsySpecX_phase6/phase6_asx_individual_electricity_sl96_pl336_sd2024.log,0.2714012,0.2628839,0.2603528,0.2840227,0.2783601,0.1896006,0.1729894,0.1937663,0.1841275
phase6_asx_individual,electricity,96,336,2025,ok,0.1848711,0.2099863588809967,0.29661840200424194,25,24+168,0,28522919,logs/AsySpecX_phase6/phase6_asx_individual_electricity_sl96_pl336_sd2025.log,0.2713629,0.2628333,0.2603205,0.283982,0.2783306,0.189593,0.1730222,0.1937695,0.1841345
phase6_asx_individual,electricity,96,336,2026,ok,0.1848829,0.20999354124069214,0.29663339257240295,25,24+168,0,28522927,logs/AsySpecX_phase6/phase6_asx_individual_electricity_sl96_pl336_sd2026.log,0.2713703,0.262841,0.2603131,0.2839943,0.2783478,0.1895571,0.1729441,0.1937456,0.1841102
phase6_asx_individual,electricity,96,720,2024,ok,0.2184599,0.25122004747390747,0.3292748034000397,25,24+168,0,28522912,logs/AsySpecX_phase6/phase6_asx_individual_electricity_sl96_pl720_sd2024.log,0.2989889,0.3073408,0.2842843,0.3104762,0.2938367,0.2462501,0.2016139,0.2235754,0.2042915
phase6_asx_individual,electricity,96,720,2025,ok,0.218325,0.25076356530189514,0.32854193449020386,25,24+168,0,28522920,logs/AsySpecX_phase6/phase6_asx_individual_electricity_sl96_pl720_sd2025.log,0.2984007,0.3067579,0.283765,0.3099479,0.2931144,0.246292,0.2014839,0.2233293,0.2038756
phase6_asx_individual,electricity,96,720,2026,ok,0.2184289,0.250707745552063,0.3284442126750946,25,24+168,0,28522928,logs/AsySpecX_phase6/phase6_asx_individual_electricity_sl96_pl720_sd2026.log,0.2983366,0.3066961,0.2837031,0.3099092,0.2930203,0.2463209,0.2014989,0.223316,0.2038445
phase6_asx_individual,electricity,96,96,2024,ok,0.1724513,0.19555538892745972,0.28120458126068115,25,24+168,0,28522909,logs/AsySpecX_phase6/phase6_asx_individual_electricity_sl96_pl96_sd2024.log,0.2584977,0.2584932,0.2466304,0.2627276,0.2661396,0.1847072,0.1620758,0.1778606,0.1652093
phase6_asx_individual,electricity,96,96,2025,ok,0.1725378,0.1957470178604126,0.2815305292606354,25,24+168,0,28522917,logs/AsySpecX_phase6/phase6_asx_individual_electricity_sl96_pl96_sd2025.log,0.2587912,0.2588015,0.2468921,0.2630207,0.2664504,0.1849103,0.1622274,0.1780823,0.1654423
phase6_asx_individual,electricity,96,96,2026,ok,0.1722649,0.1957501322031021,0.2815103232860565,25,24+168,0,28522925,logs/AsySpecX_phase6/phase6_asx_individual_electricity_sl96_pl96_sd2026.log,0.2587574,0.2587494,0.2468608,0.2629919,0.2664276,0.184919,0.1622719,0.1780748,0.1654371
phase6_asx_individual,traffic,720,192,2024,ok,0.3475471,0.4256783127784729,0.30389371514320374,181,24+168,0,28522938,logs/AsySpecX_phase6/phase6_asx_individual_traffic_sl720_pl192_sd2024.log,0.2600296,0.2616942,0.246281,0.2761992,0.2559401,0.3003683,0.2829818,0.4220535,0.3861423
phase6_asx_individual,traffic,720,192,2025,ok,0.3473793,0.42564380168914795,0.3039415180683136,181,24+168,0,28522946,logs/AsySpecX_phase6/phase6_asx_individual_traffic_sl720_pl192_sd2025.log,0.260058,0.2617512,0.2462972,0.2762233,0.2559558,0.3003837,0.2829753,0.4219616,0.3861397
phase6_asx_individual,traffic,720,192,2026,ok,0.3470564,0.42572665214538574,0.30390259623527527,181,24+168,0,28522954,logs/AsySpecX_phase6/phase6_asx_individual_traffic_sl720_pl192_sd2026.log,0.2600196,0.261746,0.2462945,0.2761568,0.2558767,0.3003921,0.2829369,0.4217672,0.3857336
phase6_asx_individual,traffic,720,336,2024,ok,0.3580928,0.4381435215473175,0.3086877465248108,181,24+168,0,28522939,logs/AsySpecX_phase6/phase6_asx_individual_traffic_sl720_pl336_sd2024.log,0.2612918,0.2588826,0.2540768,0.2747178,0.2574967,0.2922913,0.3068978,0.4333211,0.4011771
phase6_asx_individual,traffic,720,336,2025,ok,0.3579762,0.43835291266441345,0.3086490333080292,181,24+168,0,28522947,logs/AsySpecX_phase6/phase6_asx_individual_traffic_sl720_pl336_sd2025.log,0.2612258,0.2587957,0.2540758,0.2746522,0.2573864,0.2923206,0.3070849,0.4328979,0.4007145
phase6_asx_individual,traffic,720,336,2026,ok,0.358053,0.43814972043037415,0.30865374207496643,181,24+168,0,28522955,logs/AsySpecX_phase6/phase6_asx_individual_traffic_sl720_pl336_sd2026.log,0.2612545,0.2588415,0.2540474,0.274671,0.2574649,0.2922353,0.3068789,0.4332351,0.4012769
phase6_asx_individual,traffic,720,720,2024,ok,0.4064704,0.47632429003715515,0.32761216163635254,181,24+168,0,28522940,logs/AsySpecX_phase6/phase6_asx_individual_traffic_sl720_pl720_sd2024.log,0.2723422,0.2656789,0.2728092,0.2728915,0.2780148,0.3076323,0.3659927,0.4589646,0.497179
phase6_asx_individual,traffic,720,720,2025,ok,0.4069692,0.47640401124954224,0.32775259017944336,181,24+168,0,28522948,logs/AsySpecX_phase6/phase6_asx_individual_traffic_sl720_pl720_sd2025.log,0.2724732,0.2658614,0.2728429,0.2729591,0.2782552,0.3077187,0.3658916,0.4589164,0.4974343
phase6_asx_individual,traffic,720,720,2026,ok,0.4066643,0.4762844741344452,0.32760459184646606,181,24+168,0,28522956,logs/AsySpecX_phase6/phase6_asx_individual_traffic_sl720_pl720_sd2026.log,0.2723451,0.2657232,0.2727491,0.2729255,0.2780082,0.3077163,0.3657801,0.4589088,0.4969413
phase6_asx_individual,traffic,720,96,2024,ok,0.3465918,0.4159529209136963,0.3012981712818146,181,24+168,0,28522937,logs/AsySpecX_phase6/phase6_asx_individual_traffic_sl720_pl96_sd2024.log,0.2628036,0.2728211,0.2412923,0.2788022,0.2582745,0.3235289,0.2702322,0.4167405,0.3792302
phase6_asx_individual,traffic,720,96,2025,ok,0.3468904,0.4160955846309662,0.301421195268631,181,24+168,0,28522945,logs/AsySpecX_phase6/phase6_asx_individual_traffic_sl720_pl96_sd2025.log,0.2629431,0.2729756,0.2414377,0.2789328,0.2584023,0.3238036,0.2703722,0.4168063,0.3793139
phase6_asx_individual,traffic,720,96,2026,ok,0.3463539,0.41612333059310913,0.30144309997558594,181,24+168,0,28522953,logs/AsySpecX_phase6/phase6_asx_individual_traffic_sl720_pl96_sd2026.log,0.2629212,0.2729249,0.2414458,0.2788903,0.2583997,0.3236009,0.2703411,0.4166397,0.379249
phase6_asx_individual,traffic,96,192,2024,ok,0.4924267,0.6083981394767761,0.378326952457428,25,24+168,0,28522934,logs/AsySpecX_phase6/phase6_asx_individual_traffic_sl96_pl192_sd2024.log,0.3381267,0.3475278,0.3147966,0.351575,0.3385834,0.4546732,0.4005864,0.560136,0.5589836
phase6_asx_individual,traffic,96,192,2025,ok,0.4929785,0.6088929772377014,0.37841227650642395,25,24+168,0,28522942,logs/AsySpecX_phase6/phase6_asx_individual_traffic_sl96_pl192_sd2025.log,0.3382222,0.3476784,0.3149301,0.3516877,0.3385686,0.4547425,0.4006361,0.5599368,0.5589465
phase6_asx_individual,traffic,96,192,2026,ok,0.4927987,0.6092301607131958,0.379741370677948,25,24+168,0,28522950,logs/AsySpecX_phase6/phase6_asx_individual_traffic_sl96_pl192_sd2026.log,0.3396346,0.3491166,0.3163819,0.3530698,0.3399456,0.4554038,0.4012241,0.5604352,0.5594087
phase6_asx_individual,traffic,96,336,2024,ok,0.4928393,0.6154921054840088,0.3812345564365387,25,24+168,0,28522935,logs/AsySpecX_phase6/phase6_asx_individual_traffic_sl96_pl336_sd2024.log,0.3369901,0.341643,0.3251916,0.3509276,0.3301851,0.440164,0.4302033,0.5579934,0.5441353
phase6_asx_individual,traffic,96,336,2025,ok,0.4925254,0.6147840619087219,0.38111749291419983,25,24+168,0,28522943,logs/AsySpecX_phase6/phase6_asx_individual_traffic_sl96_pl336_sd2025.log,0.3368163,0.3414118,0.3250867,0.3507608,0.329993,0.4400676,0.4302575,0.5577915,0.5443027
phase6_asx_individual,traffic,96,336,2026,ok,0.4927953,0.6153317093849182,0.38136473298072815,25,24+168,0,28522951,logs/AsySpecX_phase6/phase6_asx_individual_traffic_sl96_pl336_sd2026.log,0.3370436,0.3417041,0.3252816,0.3509536,0.3302221,0.4403322,0.4301842,0.557919,0.5434517
phase6_asx_individual,traffic,96,720,2024,ok,0.5461218,0.6547369956970215,0.40329548716545105,25,24+168,0,28522936,logs/AsySpecX_phase6/phase6_asx_individual_traffic_sl96_pl720_sd2024.log,0.3583693,0.3645395,0.3439972,0.3472137,0.3777032,0.4748841,0.4846936,0.5733855,0.6524764
phase6_asx_individual,traffic,96,720,2025,ok,0.5455015,0.6548211574554443,0.40264472365379333,25,24+168,0,28522944,logs/AsySpecX_phase6/phase6_asx_individual_traffic_sl96_pl720_sd2025.log,0.3577586,0.3638506,0.3435147,0.3467227,0.3769226,0.474708,0.4843747,0.572921,0.6510637
phase6_asx_individual,traffic,96,720,2026,ok,0.546121,0.6549850702285767,0.4035029411315918,25,24+168,0,28522952,logs/AsySpecX_phase6/phase6_asx_individual_traffic_sl96_pl720_sd2026.log,0.3586867,0.3647718,0.3442987,0.3476546,0.3779982,0.4751029,0.48479,0.5738527,0.6521454
phase6_asx_individual,traffic,96,96,2024,ok,0.5456278,0.6576550006866455,0.40240591764450073,25,24+168,0,28522933,logs/AsySpecX_phase6/phase6_asx_individual_traffic_sl96_pl96_sd2024.log,0.3694697,0.3844619,0.3410888,0.3846348,0.3676572,0.5141252,0.4416429,0.6139479,0.6164217
phase6_asx_individual,traffic,96,96,2025,ok,0.5456331,0.6580646634101868,0.4022175073623657,25,24+168,0,28522941,logs/AsySpecX_phase6/phase6_asx_individual_traffic_sl96_pl96_sd2025.log,0.3693757,0.384376,0.3409295,0.3845912,0.36757,0.5141488,0.4415619,0.6145085,0.6166739
phase6_asx_individual,traffic,96,96,2026,ok,0.5465263,0.6587395071983337,0.402465283870697,25,24+168,0,28522949,logs/AsySpecX_phase6/phase6_asx_individual_traffic_sl96_pl96_sd2026.log,0.3695682,0.384459,0.3411503,0.3847406,0.3678873,0.5140819,0.4416087,0.6156115,0.6186404
phase6_asx_individual,weather,720,192,2024,ok,0.4386023,0.19084033370018005,0.2430732250213623,31,144,0,28522890,logs/AsySpecX_phase6/phase6_asx_individual_weather_sl720_pl192_sd2024.log,0.3188308,0.2784294,0.3796836,0.2996807,0.3175283,0.2041775,0.8388951,0.2789366,0.4376038
phase6_asx_individual,weather,720,192,2025,ok,0.4386339,0.19059331715106964,0.2427767664194107,31,144,0,28522898,logs/AsySpecX_phase6/phase6_asx_individual_weather_sl720_pl192_sd2025.log,0.3185737,0.2780976,0.37938,0.2994849,0.3173313,0.2037185,0.838289,0.2788252,0.4377498
phase6_asx_individual,weather,720,192,2026,ok,0.4387932,0.1906595230102539,0.24281363189220428,31,144,0,28522906,logs/AsySpecX_phase6/phase6_asx_individual_weather_sl720_pl192_sd2026.log,0.3186972,0.2784054,0.3794273,0.2995215,0.3174334,0.2040484,0.8383555,0.2788807,0.4375128
phase6_asx_individual,weather,720,336,2024,ok,0.5029659,0.24049758911132812,0.28208592534065247,31,144,0,28522891,logs/AsySpecX_phase6/phase6_asx_individual_weather_sl720_pl336_sd2024.log,0.361857,0.3381151,0.4251191,0.3307323,0.3534548,0.2731233,0.9316596,0.3093364,0.5003905
phase6_asx_individual,weather,720,336,2025,ok,0.5033673,0.24062591791152954,0.28217869997024536,31,144,0,28522899,logs/AsySpecX_phase6/phase6_asx_individual_weather_sl720_pl336_sd2025.log,0.3619417,0.3381405,0.4251935,0.3309132,0.3535126,0.2734164,0.9318765,0.3096196,0.5003346
phase6_asx_individual,weather,720,336,2026,ok,0.5035602,0.24058492481708527,0.2821459174156189,31,144,0,28522907,logs/AsySpecX_phase6/phase6_asx_individual_weather_sl720_pl336_sd2026.log,0.3619528,0.3381064,0.4252295,0.3310133,0.3534552,0.2732286,0.9319757,0.3098216,0.5003036
phase6_asx_individual,weather,720,720,2024,ok,0.5957592,0.3096759617328644,0.3318905234336853,31,144,0,28522892,logs/AsySpecX_phase6/phase6_asx_individual_weather_sl720_pl720_sd2024.log,0.4141043,0.4065219,0.4757029,0.3648186,0.4093699,0.4707913,0.9759311,0.357365,0.5803248
phase6_asx_individual,weather,720,720,2025,ok,0.5958335,0.30972111225128174,0.33194679021835327,31,144,0,28522900,logs/AsySpecX_phase6/phase6_asx_individual_weather_sl720_pl720_sd2025.log,0.4141438,0.406394,0.475894,0.3647489,0.4095342,0.4707403,0.9761979,0.3572151,0.5804803
phase6_asx_individual,weather,720,720,2026,ok,0.5957321,0.3096681237220764,0.3318565785884857,31,144,0,28522908,logs/AsySpecX_phase6/phase6_asx_individual_weather_sl720_pl720_sd2026.log,0.4139239,0.4062084,0.4755351,0.364751,0.4091969,0.4708158,0.9759408,0.3574151,0.5801794
phase6_asx_individual,weather,720,96,2024,ok,0.38208,0.14801184833049774,0.2021496593952179,31,144,0,28522889,logs/AsySpecX_phase6/phase6_asx_individual_weather_sl720_pl96_sd2024.log,0.2791278,0.2287172,0.3430361,0.2619122,0.2828487,0.1506759,0.7775195,0.2368521,0.3728914
phase6_asx_individual,weather,720,96,2025,ok,0.3823467,0.14835986495018005,0.202670618891716,31,144,0,28522897,logs/AsySpecX_phase6/phase6_asx_individual_weather_sl720_pl96_sd2025.log,0.2797162,0.2298991,0.3435763,0.2625775,0.2828144,0.151095,0.7773999,0.237191,0.3725891
phase6_asx_individual,weather,720,96,2026,ok,0.3819792,0.14803440868854523,0.2022281140089035,31,144,0,28522905,logs/AsySpecX_phase6/phase6_asx_individual_weather_sl720_pl96_sd2026.log,0.2792164,0.2288282,0.3431764,0.2622178,0.2826459,0.150673,0.7773232,0.2368945,0.3724146
phase6_asx_individual,weather,96,192,2024,ok,0.5402868,0.23538394272327423,0.27910861372947693,2,144,0,28522886,logs/AsySpecX_phase6/phase6_asx_individual_weather_sl96_pl192_sd2024.log,0.3723943,0.3793063,0.4199792,0.3512499,0.3390153,0.3332025,0.9408598,0.3525606,0.5423193
phase6_asx_individual,weather,96,192,2025,ok,0.5405747,0.23517608642578125,0.2791512608528137,2,144,0,28522894,logs/AsySpecX_phase6/phase6_asx_individual_weather_sl96_pl192_sd2025.log,0.3724695,0.3798247,0.4199076,0.3514479,0.3386711,0.3328412,0.9408507,0.3526109,0.5394505
phase6_asx_individual,weather,96,192,2026,ok,0.5403676,0.23608867824077606,0.27984675765037537,2,144,0,28522902,logs/AsySpecX_phase6/phase6_asx_individual_weather_sl96_pl192_sd2026.log,0.3725276,0.3789647,0.4202155,0.3519161,0.3389879,0.331465,0.9410506,0.3534777,0.5410631
phase6_asx_individual,weather,96,336,2024,ok,0.624148,0.28749197721481323,0.3138605058193207,2,144,0,28522887,logs/AsySpecX_phase6/phase6_asx_individual_weather_sl96_pl336_sd2024.log,0.420182,0.4385401,0.4686199,0.371503,0.4020503,0.4219933,1.0440456,0.3677265,0.6641229
phase6_asx_individual,weather,96,336,2025,ok,0.6233351,0.28751376271247864,0.31400832533836365,2,144,0,28522895,logs/AsySpecX_phase6/phase6_asx_individual_weather_sl96_pl336_sd2025.log,0.4204072,0.4389615,0.4688349,0.3718715,0.4019461,0.4211924,1.0437132,0.3680915,0.6635454
phase6_asx_individual,weather,96,336,2026,ok,0.6236571,0.28812268376350403,0.3144376277923584,2,144,0,28522903,logs/AsySpecX_phase6/phase6_asx_individual_weather_sl96_pl336_sd2026.log,0.4206827,0.4390388,0.4691494,0.372339,0.402189,0.4210632,1.044589,0.3686119,0.6642913
phase6_asx_individual,weather,96,720,2024,ok,0.7458657,0.36186209321022034,0.3596971333026886,2,144,0,28522888,logs/AsySpecX_phase6/phase6_asx_individual_weather_sl96_pl720_sd2024.log,0.4950446,0.5485998,0.5677161,0.4207253,0.4430919,0.7009597,1.1713605,0.4484388,0.6640111
phase6_asx_individual,weather,96,720,2025,ok,0.7456548,0.36175939440727234,0.35957735776901245,2,144,0,28522896,logs/AsySpecX_phase6/phase6_asx_individual_weather_sl96_pl720_sd2025.log,0.4949258,0.548363,0.5676498,0.4205357,0.4431092,0.7007413,1.170921,0.4483821,0.6642714
phase6_asx_individual,weather,96,720,2026,ok,0.745731,0.36216574907302856,0.35982125997543335,2,144,0,28522904,logs/AsySpecX_phase6/phase6_asx_individual_weather_sl96_pl720_sd2026.log,0.4950244,0.5482823,0.5677547,0.4207328,0.4432821,0.7004771,1.1709173,0.4488264,0.6646302
phase6_asx_individual,weather,96,96,2024,ok,0.4707646,0.1900295466184616,0.24346308410167694,2,144,0,28522885,logs/AsySpecX_phase6/phase6_asx_individual_weather_sl96_pl96_sd2024.log,0.3327216,0.3352639,0.3938987,0.3227954,0.2788868,0.2696665,0.9036905,0.3173431,0.4062354
phase6_asx_individual,weather,96,96,2025,ok,0.4708416,0.18976472318172455,0.24353745579719543,2,144,0,28522893,logs/AsySpecX_phase6/phase6_asx_individual_weather_sl96_pl96_sd2025.log,0.3330092,0.3365421,0.3936585,0.3228541,0.2789401,0.2713846,0.9022344,0.3168584,0.4055276
phase6_asx_individual,weather,96,96,2026,ok,0.470935,0.18981508910655975,0.243379607796669,2,144,0,28522901,logs/AsySpecX_phase6/phase6_asx_individual_weather_sl96_pl96_sd2026.log,0.3326765,0.3356456,0.3931589,0.3226651,0.2791951,0.2699847,0.9021885,0.3168107,0.4060504
phase6_asx_individual_period,ETTh1,720,192,2024,ok,1.046196,0.4297787845134735,0.43661123514175415,181,24+168,0,28523274,logs/AsySpecX_phase6/phase6_asx_individual_period_ETTh1_sl720_pl192_sd2024.log,0.6967112,0.7251686,0.7970065,0.6398638,0.6247633,1.1744568,1.2850325,0.928978,0.7963618
phase6_asx_individual_period,ETTh1,720,192,2025,ok,1.0543703,0.4307806193828583,0.43706759810447693,181,24+168,0,28523282,logs/AsySpecX_phase6/phase6_asx_individual_period_ETTh1_sl720_pl192_sd2025.log,0.6971798,0.7237042,0.802942,0.640313,0.6217204,1.1760787,1.3076924,0.9368012,0.7957058
phase6_asx_individual_period,ETTh1,720,192,2026,ok,1.0459546,0.4306323528289795,0.4375053942203522,181,24+168,0,28523290,logs/AsySpecX_phase6/phase6_asx_individual_period_ETTh1_sl720_pl192_sd2026.log,0.6949292,0.7199352,0.8006328,0.6365819,0.6225294,1.1628439,1.2921944,0.932599,0.7965846
phase6_asx_individual_period,ETTh1,720,336,2024,ok,1.2611403,0.45017489790916443,0.4560369551181793,181,24+168,0,28523275,logs/AsySpecX_phase6/phase6_asx_individual_period_ETTh1_sl720_pl336_sd2024.log,0.7778506,0.852092,0.8293328,0.7315719,0.6982893,1.6020085,1.3667626,1.0939387,0.9786994
phase6_asx_individual_period,ETTh1,720,336,2025,ok,1.2628429,0.44954702258110046,0.45270779728889465,181,24+168,0,28523283,logs/AsySpecX_phase6/phase6_asx_individual_period_ETTh1_sl720_pl336_sd2025.log,0.776082,0.8456281,0.8355091,0.7212745,0.7018071,1.5823858,1.4013695,1.0854546,0.992469
phase6_asx_individual_period,ETTh1,720,336,2026,ok,1.2713708,0.4530264735221863,0.4574124217033386,181,24+168,0,28523291,logs/AsySpecX_phase6/phase6_asx_individual_period_ETTh1_sl720_pl336_sd2026.log,0.7812223,0.8570002,0.8375666,0.7327592,0.6974439,1.6094283,1.3915054,1.1067724,0.9743361
phase6_asx_individual_period,ETTh1,720,720,2024,ok,1.5126055,0.4528229832649231,0.47097519040107727,181,24+168,0,28523276,logs/AsySpecX_phase6/phase6_asx_individual_period_ETTh1_sl720_pl720_sd2024.log,0.8631703,0.9789312,0.9228032,0.8916097,0.6591224,2.1047308,1.5828487,1.4594126,0.9112903
phase6_asx_individual_period,ETTh1,720,720,2025,ok,1.5121622,0.45154452323913574,0.46844154596328735,181,24+168,0,28523284,logs/AsySpecX_phase6/phase6_asx_individual_period_ETTh1_sl720_pl720_sd2025.log,0.8619217,0.970043,0.9278333,0.8874677,0.6621425,2.0830226,1.6156996,1.4464778,0.918359
phase6_asx_individual_period,ETTh1,720,720,2026,ok,1.5116848,0.4520218074321747,0.47010886669158936,181,24+168,0,28523292,logs/AsySpecX_phase6/phase6_asx_individual_period_ETTh1_sl720_pl720_sd2026.log,0.8619806,0.9736369,0.9255627,0.8866316,0.6618844,2.0893152,1.6047062,1.4432111,0.916562
phase6_asx_individual_period,ETTh1,720,96,2024,ok,0.7776322,0.3992908298969269,0.415670245885849,181,24+168,0,28523273,logs/AsySpecX_phase6/phase6_asx_individual_period_ETTh1_sl720_pl96_sd2024.log,0.5998715,0.5961274,0.706933,0.561636,0.5347947,0.7846469,0.9948545,0.7461676,0.5941883
phase6_asx_individual_period,ETTh1,720,96,2025,ok,0.7719478,0.39921054244041443,0.4154662787914276,181,24+168,0,28523281,logs/AsySpecX_phase6/phase6_asx_individual_period_ETTh1_sl720_pl96_sd2025.log,0.5981869,0.5940619,0.7059417,0.5593574,0.5333926,0.7791056,0.9890537,0.7382962,0.5924906
phase6_asx_individual_period,ETTh1,720,96,2026,ok,0.7735198,0.3991890251636505,0.41568636894226074,181,24+168,0,28523289,logs/AsySpecX_phase6/phase6_asx_individual_period_ETTh1_sl720_pl96_sd2026.log,0.5988358,0.594894,0.7068666,0.5598759,0.5337126,0.7799904,0.989855,0.7393948,0.5927846
phase6_asx_individual_period,ETTh1,96,192,2024,ok,1.0110151,0.43841060996055603,0.4280232787132263,25,24+168,0,28523270,logs/AsySpecX_phase6/phase6_asx_individual_period_ETTh1_sl96_pl192_sd2024.log,0.6613915,0.6837664,0.7409614,0.6304975,0.5903072,1.026476,1.1790943,1.0416933,0.797752
phase6_asx_individual_period,ETTh1,96,192,2025,ok,1.0088125,0.43979713320732117,0.4273573160171509,25,24+168,0,28523278,logs/AsySpecX_phase6/phase6_asx_individual_period_ETTh1_sl96_pl192_sd2025.log,0.6595459,0.6773317,0.7379218,0.6324093,0.5904944,1.0155196,1.1717453,1.0482844,0.8008046
phase6_asx_individual_period,ETTh1,96,192,2026,ok,1.012165,0.4382120966911316,0.42736947536468506,25,24+168,0,28523286,logs/AsySpecX_phase6/phase6_asx_individual_period_ETTh1_sl96_pl192_sd2026.log,0.6610777,0.6825807,0.7403523,0.6319903,0.5893556,1.0251205,1.1796654,1.0468069,0.7962327
phase6_asx_individual_period,ETTh1,96,336,2024,ok,1.308184,0.4791093170642853,0.44925734400749207,25,24+168,0,28523271,logs/AsySpecX_phase6/phase6_asx_individual_period_ETTh1_sl96_pl336_sd2024.log,0.764845,0.8131539,0.8082271,0.7486002,0.6893229,1.4518574,1.4260263,1.3175759,1.0490884
phase6_asx_individual_period,ETTh1,96,336,2025,ok,1.3097838,0.4799305200576782,0.4512465298175812,25,24+168,0,28523279,logs/AsySpecX_phase6/phase6_asx_individual_period_ETTh1_sl96_pl336_sd2025.log,0.7679123,0.8211312,0.8099077,0.7501861,0.6903406,1.4651062,1.4296851,1.3213248,1.0442351
phase6_asx_individual_period,ETTh1,96,336,2026,ok,1.3066071,0.478403776884079,0.4498535692691803,25,24+168,0,28523287,logs/AsySpecX_phase6/phase6_asx_individual_period_ETTh1_sl96_pl336_sd2026.log,0.7658839,0.8183128,0.8082604,0.7485665,0.6883131,1.4601651,1.4244387,1.3185465,1.0423896
phase6_asx_individual_period,ETTh1,96,720,2024,ok,1.5843954,0.4657091200351715,0.4670955240726471,25,24+168,0,28523272,logs/AsySpecX_phase6/phase6_asx_individual_period_ETTh1_sl96_pl720_sd2024.log,0.8593779,0.9821488,0.9239276,0.884813,0.6463949,2.0821581,1.7744579,1.5755471,0.9165051
phase6_asx_individual_period,ETTh1,96,720,2025,ok,1.5882411,0.46601974964141846,0.4681307375431061,25,24+168,0,28523280,logs/AsySpecX_phase6/phase6_asx_individual_period_ETTh1_sl96_pl720_sd2025.log,0.8605787,0.9858322,0.9257724,0.8840972,0.646381,2.0895348,1.7796298,1.576111,0.9153204
phase6_asx_individual_period,ETTh1,96,720,2026,ok,1.5891873,0.46905869245529175,0.4720720052719116,25,24+168,0,28523288,logs/AsySpecX_phase6/phase6_asx_individual_period_ETTh1_sl96_pl720_sd2026.log,0.8642142,0.9942843,0.9275005,0.8857857,0.6490454,2.1059597,1.7847694,1.5819769,0.9162381
phase6_asx_individual_period,ETTh1,96,96,2024,ok,0.7176185,0.38876983523368835,0.39748093485832214,25,24+168,0,28523269,logs/AsySpecX_phase6/phase6_asx_individual_period_ETTh1_sl96_pl96_sd2024.log,0.5592857,0.5606303,0.6549501,0.5298852,0.4916753,0.6755758,0.8913306,0.7380924,0.5701416
phase6_asx_individual_period,ETTh1,96,96,2025,ok,0.7139595,0.38904017210006714,0.39773979783058167,25,24+168,0,28523277,logs/AsySpecX_phase6/phase6_asx_individual_period_ETTh1_sl96_pl96_sd2025.log,0.5576382,0.5594497,0.6534694,0.5280845,0.4895464,0.673771,0.8890426,0.7327444,0.5658627
phase6_asx_individual_period,ETTh1,96,96,2026,ok,0.714708,0.390971302986145,0.4002948999404907,25,24+168,0,28523285,logs/AsySpecX_phase6/phase6_asx_individual_period_ETTh1_sl96_pl96_sd2026.log,0.5585551,0.5590176,0.6551844,0.5301723,0.4898455,0.6734642,0.8942552,0.7361434,0.5659792
phase6_asx_individual_period,ETTm1,720,192,2024,ok,0.50414,0.34402573108673096,0.37076762318611145,43,96+672,0,28523298,logs/AsySpecX_phase6/phase6_asx_individual_period_ETTm1_sl720_pl192_sd2024.log,0.4680709,0.4483515,0.5521839,0.4557551,0.4160002,0.4352608,0.6414117,0.5425833,0.3987421
phase6_asx_individual_period,ETTm1,720,192,2025,ok,0.5046586,0.34387755393981934,0.3706587255001068,43,96+672,0,28523306,logs/AsySpecX_phase6/phase6_asx_individual_period_ETTm1_sl720_pl192_sd2025.log,0.4680521,0.4482789,0.5521892,0.4560374,0.4157099,0.4350561,0.6419628,0.543587,0.3982537
phase6_asx_individual_period,ETTm1,720,192,2026,ok,0.5047588,0.3440517783164978,0.3708118796348572,43,96+672,0,28523314,logs/AsySpecX_phase6/phase6_asx_individual_period_ETTm1_sl720_pl192_sd2026.log,0.4682139,0.4484529,0.5524839,0.4559231,0.4160029,0.4353122,0.6421986,0.5432025,0.3985268
phase6_asx_individual_period,ETTm1,720,336,2024,ok,0.6442884,0.3752151131629944,0.388799786567688,43,96+672,0,28523299,logs/AsySpecX_phase6/phase6_asx_individual_period_ETTm1_sl720_pl336_sd2024.log,0.5291544,0.5245825,0.6183267,0.5079352,0.465775,0.5936095,0.7885771,0.6990176,0.4980718
phase6_asx_individual_period,ETTm1,720,336,2025,ok,0.6436728,0.37522655725479126,0.38888582587242126,43,96+672,0,28523307,logs/AsySpecX_phase6/phase6_asx_individual_period_ETTm1_sl720_pl336_sd2025.log,0.5291567,0.5245473,0.6184251,0.5076456,0.4660105,0.5933663,0.7881541,0.6979569,0.4978047
phase6_asx_individual_period,ETTm1,720,336,2026,ok,0.6438151,0.3751315176486969,0.3887547552585602,43,96+672,0,28523315,logs/AsySpecX_phase6/phase6_asx_individual_period_ETTm1_sl720_pl336_sd2026.log,0.5289926,0.5244317,0.6181266,0.5074931,0.4659206,0.5931851,0.7879361,0.6978944,0.4980156
phase6_asx_individual_period,ETTm1,720,720,2024,ok,0.9314858,0.4251055419445038,0.41691040992736816,43,96+672,0,28523300,logs/AsySpecX_phase6/phase6_asx_individual_period_ETTm1_sl720_pl720_sd2024.log,0.6341358,0.6573712,0.7074367,0.6079153,0.5638115,0.9653682,1.0451427,0.9967653,0.7200626
phase6_asx_individual_period,ETTm1,720,720,2025,ok,0.93045,0.4252730906009674,0.417061448097229,43,96+672,0,28523308,logs/AsySpecX_phase6/phase6_asx_individual_period_ETTm1_sl720_pl720_sd2025.log,0.6341937,0.6573581,0.7076152,0.6079741,0.5638188,0.9652473,1.0452846,0.9968664,0.7193449
phase6_asx_individual_period,ETTm1,720,720,2026,ok,0.930081,0.4249396324157715,0.41679173707962036,43,96+672,0,28523316,logs/AsySpecX_phase6/phase6_asx_individual_period_ETTm1_sl720_pl720_sd2026.log,0.6339374,0.6571421,0.7074347,0.6077479,0.5634164,0.9646056,1.044436,0.9965731,0.7189562
phase6_asx_individual_period,ETTm1,720,96,2024,ok,0.3908969,0.30736637115478516,0.3515705466270447,43,96+672,0,28523297,logs/AsySpecX_phase6/phase6_asx_individual_period_ETTm1_sl720_pl96_sd2024.log,0.4120819,0.3886389,0.4890957,0.4035283,0.367073,0.3325716,0.5217217,0.3996274,0.3127966
phase6_asx_individual_period,ETTm1,720,96,2025,ok,0.3911305,0.3068699240684509,0.35144516825675964,43,96+672,0,28523305,logs/AsySpecX_phase6/phase6_asx_individual_period_ETTm1_sl720_pl96_sd2025.log,0.4120494,0.3887849,0.4892424,0.4032586,0.3669198,0.3327051,0.5222377,0.3983777,0.3124019
phase6_asx_individual_period,ETTm1,720,96,2026,ok,0.3908888,0.30680832266807556,0.35139769315719604,43,96+672,0,28523313,logs/AsySpecX_phase6/phase6_asx_individual_period_ETTm1_sl720_pl96_sd2026.log,0.4118837,0.388712,0.4892002,0.4028896,0.3667412,0.3325481,0.5220419,0.3980756,0.312308
phase6_asx_individual_period,ETTm1,96,192,2024,ok,0.5311538,0.3900074064731598,0.39365535974502563,7,96+672,0,28523294,logs/AsySpecX_phase6/phase6_asx_individual_period_ETTm1_sl96_pl192_sd2024.log,0.4787651,0.449181,0.5672908,0.4673525,0.4312464,0.4466559,0.7007599,0.5447329,0.4326289
phase6_asx_individual_period,ETTm1,96,192,2025,ok,0.5311655,0.389880895614624,0.393541544675827,7,96+672,0,28523302,logs/AsySpecX_phase6/phase6_asx_individual_period_ETTm1_sl96_pl192_sd2025.log,0.4787535,0.4491855,0.5672913,0.4674259,0.4311219,0.4466346,0.7009341,0.5449914,0.4324573
phase6_asx_individual_period,ETTm1,96,192,2026,ok,0.5311319,0.38977012038230896,0.39351698756217957,7,96+672,0,28523310,logs/AsySpecX_phase6/phase6_asx_individual_period_ETTm1_sl96_pl192_sd2026.log,0.4786915,0.4490833,0.5672017,0.4673428,0.4311485,0.4464889,0.7007356,0.544959,0.4324582
phase6_asx_individual_period,ETTm1,96,336,2024,ok,0.6796475,0.4196820557117462,0.41268664598464966,7,96+672,0,28523295,logs/AsySpecX_phase6/phase6_asx_individual_period_ETTm1_sl96_pl336_sd2024.log,0.5432514,0.5278731,0.6453597,0.5139725,0.4858057,0.6090797,0.8759507,0.6841015,0.5517828
phase6_asx_individual_period,ETTm1,96,336,2025,ok,0.6790386,0.41957196593284607,0.41249996423721313,7,96+672,0,28523303,logs/AsySpecX_phase6/phase6_asx_individual_period_ETTm1_sl96_pl336_sd2025.log,0.5431259,0.5277363,0.6452122,0.5137739,0.4857869,0.6090912,0.8758171,0.6838365,0.5519378
phase6_asx_individual_period,ETTm1,96,336,2026,ok,0.6796715,0.41961926221847534,0.41253408789634705,7,96+672,0,28523311,logs/AsySpecX_phase6/phase6_asx_individual_period_ETTm1_sl96_pl336_sd2026.log,0.5431032,0.5277002,0.6451781,0.5138092,0.4857308,0.6089411,0.8757294,0.6839397,0.5518175
phase6_asx_individual_period,ETTm1,96,720,2024,ok,0.996679,0.4824952781200409,0.4454558193683624,7,96+672,0,28523296,logs/AsySpecX_phase6/phase6_asx_individual_period_ETTm1_sl96_pl720_sd2024.log,0.6570264,0.6629933,0.7460929,0.6318409,0.587176,0.9568204,1.1985356,1.0316883,0.8033418
phase6_asx_individual_period,ETTm1,96,720,2025,ok,0.9966738,0.48260992765426636,0.44561949372291565,7,96+672,0,28523304,logs/AsySpecX_phase6/phase6_asx_individual_period_ETTm1_sl96_pl720_sd2025.log,0.6571033,0.6631108,0.7460806,0.6319356,0.5872842,0.9567528,1.1983668,1.0319631,0.8033279
phase6_asx_individual_period,ETTm1,96,720,2026,ok,0.9964643,0.4824766516685486,0.4454403519630432,7,96+672,0,28523312,logs/AsySpecX_phase6/phase6_asx_individual_period_ETTm1_sl96_pl720_sd2026.log,0.657043,0.6630771,0.7461013,0.6318498,0.5871416,0.957043,1.1984851,1.0315161,0.803176
phase6_asx_individual_period,ETTm1,96,96,2024,ok,0.4071321,0.3555256426334381,0.37991592288017273,7,96+672,0,28523293,logs/AsySpecX_phase6/phase6_asx_individual_period_ETTm1_sl96_pl96_sd2024.log,0.4198761,0.3931154,0.4903738,0.4098771,0.3861473,0.3381707,0.5500048,0.3968209,0.3447111
phase6_asx_individual_period,ETTm1,96,96,2025,ok,0.4072982,0.3556974530220032,0.3799259662628174,7,96+672,0,28523301,logs/AsySpecX_phase6/phase6_asx_individual_period_ETTm1_sl96_pl96_sd2025.log,0.4200578,0.3933251,0.4906398,0.4100116,0.3862641,0.3381094,0.5502101,0.3969592,0.3448704
phase6_asx_individual_period,ETTm1,96,96,2026,ok,0.4078271,0.35609108209609985,0.38062578439712524,7,96+672,0,28523309,logs/AsySpecX_phase6/phase6_asx_individual_period_ETTm1_sl96_pl96_sd2026.log,0.4205405,0.3938713,0.4910583,0.4104265,0.3868151,0.3387474,0.5507521,0.397217,0.3453626
phase6_asx_individual_period,PEMS04,96,12,2024,ok,0.1285169,0.1206849217414856,0.2319168895483017,49,24,0,28523389,logs/AsySpecX_phase6/phase6_asx_individual_period_PEMS04_sl96_pl12_sd2024.log,0.2409849,0.251506,0.2251919,0.2409617,0.2462862,0.1416446,0.1116453,0.1317629,0.1292266
phase6_asx_individual_period,PEMS04,96,12,2025,ok,0.1285639,0.12068444490432739,0.2318974733352661,49,24,0,28523393,logs/AsySpecX_phase6/phase6_asx_individual_period_PEMS04_sl96_pl12_sd2025.log,0.2409732,0.2514971,0.2251849,0.2409399,0.2462769,0.1416471,0.1116575,0.1317587,0.1292315
phase6_asx_individual_period,PEMS04,96,12,2026,ok,0.1284572,0.12068396061658859,0.23185226321220398,49,24,0,28523397,logs/AsySpecX_phase6/phase6_asx_individual_period_PEMS04_sl96_pl12_sd2026.log,0.24093,0.2514676,0.2251256,0.240904,0.2462293,0.1416561,0.1116425,0.1317641,0.1292348
phase6_asx_individual_period,PEMS04,96,24,2024,ok,0.2440788,0.2242724895477295,0.321188360452652,49,24,0,28523390,logs/AsySpecX_phase6/phase6_asx_individual_period_PEMS04_sl96_pl24_sd2024.log,0.3360038,0.3569239,0.3061615,0.3348551,0.3460864,0.2809883,0.1971445,0.2495297,0.2493242
phase6_asx_individual_period,PEMS04,96,24,2025,ok,0.2440837,0.22425544261932373,0.32113850116729736,49,24,0,28523394,logs/AsySpecX_phase6/phase6_asx_individual_period_PEMS04_sl96_pl24_sd2025.log,0.3359551,0.3568948,0.306106,0.3348106,0.3460209,0.2810158,0.1971062,0.2495378,0.2493076
phase6_asx_individual_period,PEMS04,96,24,2026,ok,0.2439696,0.22423888742923737,0.3210470974445343,49,24,0,28523398,logs/AsySpecX_phase6/phase6_asx_individual_period_PEMS04_sl96_pl24_sd2026.log,0.3358645,0.356819,0.3059943,0.3347358,0.3459208,0.2810384,0.1970601,0.2495459,0.2492958
phase6_asx_individual_period,PEMS04,96,48,2024,ok,0.5505883,0.5030038952827454,0.5031430125236511,49,24,0,28523391,logs/AsySpecX_phase6/phase6_asx_individual_period_PEMS04_sl96_pl48_sd2024.log,0.5282117,0.5644849,0.4753247,0.5217277,0.5513369,0.6357462,0.43704,0.5465465,0.5849414
phase6_asx_individual_period,PEMS04,96,48,2025,ok,0.5503996,0.5025570392608643,0.5024678111076355,49,24,0,28523395,logs/AsySpecX_phase6/phase6_asx_individual_period_PEMS04_sl96_pl48_sd2025.log,0.5275658,0.5639455,0.4745018,0.5211533,0.5506902,0.6357812,0.436195,0.5463576,0.5846614
phase6_asx_individual_period,PEMS04,96,48,2026,ok,0.5504243,0.5025294423103333,0.5024842023849487,49,24,0,28523399,logs/AsySpecX_phase6/phase6_asx_individual_period_PEMS04_sl96_pl48_sd2026.log,0.5275885,0.5639451,0.4745618,0.5211512,0.5507234,0.6356611,0.4362798,0.5462853,0.584614
phase6_asx_individual_period,PEMS04,96,96,2024,ok,1.1144338,1.0080569982528687,0.7586140632629395,49,24,0,28523392,logs/AsySpecX_phase6/phase6_asx_individual_period_PEMS04_sl96_pl96_sd2024.log,0.8014286,0.8505153,0.7425828,0.7924134,0.8202256,1.2505043,0.9577316,1.0921496,1.1589093
phase6_asx_individual_period,PEMS04,96,96,2025,ok,1.1142417,1.0082297325134277,0.7587436437606812,49,24,0,28523396,logs/AsySpecX_phase6/phase6_asx_individual_period_PEMS04_sl96_pl96_sd2025.log,0.8015488,0.8506297,0.7426859,0.7925699,0.8203326,1.250625,0.9578627,1.0923675,1.1590674
phase6_asx_individual_period,PEMS04,96,96,2026,ok,1.1143175,1.0081169605255127,0.7586882710456848,49,24,0,28523400,logs/AsySpecX_phase6/phase6_asx_individual_period_PEMS04_sl96_pl96_sd2026.log,0.801498,0.8505699,0.7426749,0.792497,0.820273,1.2505181,0.957828,1.0922241,1.15892
phase6_asx_individual_period,PEMS08,96,12,2024,ok,0.1308205,0.11735274642705917,0.22667072713375092,49,24,0,28523401,logs/AsySpecX_phase6/phase6_asx_individual_period_PEMS08_sl96_pl12_sd2024.log,0.2359342,0.2447365,0.2353717,0.2224381,0.2411904,0.1399118,0.1265469,0.1185886,0.1382349
phase6_asx_individual_period,PEMS08,96,12,2025,ok,0.1308165,0.11736929416656494,0.22682929039001465,49,24,0,28523405,logs/AsySpecX_phase6/phase6_asx_individual_period_PEMS08_sl96_pl12_sd2025.log,0.2360515,0.2448263,0.2354929,0.2226048,0.2412821,0.1398901,0.1265343,0.1186127,0.1382289
phase6_asx_individual_period,PEMS08,96,12,2026,ok,0.1308178,0.11735306680202484,0.22669865190982819,49,24,0,28523409,logs/AsySpecX_phase6/phase6_asx_individual_period_PEMS08_sl96_pl12_sd2026.log,0.235956,0.2447638,0.2353905,0.2224694,0.2412002,0.1399018,0.1265435,0.1185981,0.1382278
phase6_asx_individual_period,PEMS08,96,24,2024,ok,0.2467669,0.22270241379737854,0.31813666224479675,49,24,0,28523402,logs/AsySpecX_phase6/phase6_asx_individual_period_PEMS08_sl96_pl24_sd2024.log,0.3317782,0.3444042,0.3297188,0.3084312,0.3445585,0.2624451,0.2347728,0.2203692,0.2694806
phase6_asx_individual_period,PEMS08,96,24,2025,ok,0.2467763,0.2226022481918335,0.3177700936794281,49,24,0,28523406,logs/AsySpecX_phase6/phase6_asx_individual_period_PEMS08_sl96_pl24_sd2025.log,0.3314862,0.3441668,0.3294284,0.3080968,0.3442526,0.2625256,0.2347353,0.2203609,0.2694834
phase6_asx_individual_period,PEMS08,96,24,2026,ok,0.2467374,0.2225918471813202,0.3178880512714386,49,24,0,28523410,logs/AsySpecX_phase6/phase6_asx_individual_period_PEMS08_sl96_pl24_sd2026.log,0.3315853,0.344202,0.3295504,0.3081868,0.3444019,0.2624305,0.2347436,0.2203095,0.2694662
phase6_asx_individual_period,PEMS08,96,48,2024,ok,0.5619732,0.5196452140808105,0.509907603263855,49,24,0,28523403,logs/AsySpecX_phase6/phase6_asx_individual_period_PEMS08_sl96_pl48_sd2024.log,0.5265023,0.5430971,0.5251403,0.484998,0.5527735,0.5831766,0.5373246,0.5036915,0.6237
phase6_asx_individual_period,PEMS08,96,48,2025,ok,0.5618668,0.5197975635528564,0.5109059810638428,49,24,0,28523407,logs/AsySpecX_phase6/phase6_asx_individual_period_PEMS08_sl96_pl48_sd2025.log,0.5273795,0.5437755,0.5260682,0.4859852,0.553689,0.5829719,0.5373349,0.5038167,0.623344
phase6_asx_individual_period,PEMS08,96,48,2026,ok,0.5619353,0.5194281935691833,0.5093222856521606,49,24,0,28523411,logs/AsySpecX_phase6/phase6_asx_individual_period_PEMS08_sl96_pl48_sd2026.log,0.5260059,0.5428459,0.5245233,0.4844824,0.5521719,0.5836575,0.5369874,0.5035408,0.6235557
phase6_asx_individual_period,PEMS08,96,96,2024,ok,1.1598775,1.112467646598816,0.7830178737640381,49,24,0,28523404,logs/AsySpecX_phase6/phase6_asx_individual_period_PEMS08_sl96_pl96_sd2024.log,0.7954798,0.807898,0.8082871,0.7353988,0.8303355,1.1331606,1.1674646,1.0507925,1.288093
phase6_asx_individual_period,PEMS08,96,96,2025,ok,1.1598666,1.1124317646026611,0.7829588055610657,49,24,0,28523408,logs/AsySpecX_phase6/phase6_asx_individual_period_PEMS08_sl96_pl96_sd2025.log,0.7954304,0.8078187,0.808248,0.7353308,0.8303239,1.1330411,1.1674973,1.0507897,1.2881386
phase6_asx_individual_period,PEMS08,96,96,2026,ok,1.1598455,1.112433910369873,0.7829948663711548,49,24,0,28523412,logs/AsySpecX_phase6/phase6_asx_individual_period_PEMS08_sl96_pl96_sd2026.log,0.7954602,0.8078601,0.8082749,0.7353666,0.8303393,1.1331239,1.1674342,1.0507417,1.288082
phase6_asx_individual_period,electricity,720,192,2024,ok,0.1312407,0.15753169357776642,0.25590279698371887,181,24+168,0,28523346,logs/AsySpecX_phase6/phase6_asx_individual_period_electricity_sl720_pl192_sd2024.log,0.2294435,0.2152987,0.2196891,0.2393444,0.2434648,0.127129,0.1208776,0.1410879,0.1359894
phase6_asx_individual_period,electricity,720,192,2025,ok,0.1312009,0.15751923620700836,0.2558891773223877,181,24+168,0,28523354,logs/AsySpecX_phase6/phase6_asx_individual_period_electricity_sl720_pl192_sd2025.log,0.2294346,0.2152946,0.2196952,0.2393187,0.2434531,0.1271182,0.1209004,0.1410414,0.1359663
phase6_asx_individual_period,electricity,720,192,2026,ok,0.131233,0.1575303077697754,0.25591373443603516,181,24+168,0,28523362,logs/AsySpecX_phase6/phase6_asx_individual_period_electricity_sl720_pl192_sd2026.log,0.2294434,0.2152994,0.2196918,0.2393363,0.2434695,0.1271094,0.1208726,0.1410761,0.1359755
phase6_asx_individual_period,electricity,720,336,2024,ok,0.1459391,0.17195919156074524,0.27042752504348755,181,24+168,0,28523347,logs/AsySpecX_phase6/phase6_asx_individual_period_electricity_sl720_pl336_sd2024.log,0.2428103,0.2313154,0.2367126,0.2537702,0.2494629,0.1464916,0.1377222,0.1557201,0.1444841
phase6_asx_individual_period,electricity,720,336,2025,ok,0.1458849,0.17196816205978394,0.2704448699951172,181,24+168,0,28523355,logs/AsySpecX_phase6/phase6_asx_individual_period_electricity_sl720_pl336_sd2025.log,0.2428165,0.2313192,0.2367377,0.2537798,0.2494495,0.1464778,0.1377281,0.1557365,0.1444377
phase6_asx_individual_period,electricity,720,336,2026,ok,0.1458898,0.1719585359096527,0.27044618129730225,181,24+168,0,28523363,logs/AsySpecX_phase6/phase6_asx_individual_period_electricity_sl720_pl336_sd2026.log,0.2428323,0.2313273,0.2367605,0.2537806,0.249481,0.146476,0.1377602,0.1557339,0.1444648
phase6_asx_individual_period,electricity,720,720,2024,ok,0.1771063,0.20617207884788513,0.29890045523643494,181,24+168,0,28523348,logs/AsySpecX_phase6/phase6_asx_individual_period_electricity_sl720_pl720_sd2024.log,0.2685557,0.2788969,0.2578593,0.2730846,0.2643606,0.2089784,0.1609218,0.1753916,0.1639459
phase6_asx_individual_period,electricity,720,720,2025,ok,0.1771635,0.20621216297149658,0.2989007830619812,181,24+168,0,28523356,logs/AsySpecX_phase6/phase6_asx_individual_period_electricity_sl720_pl720_sd2025.log,0.2685254,0.2788995,0.2578075,0.2730492,0.2643237,0.2090185,0.1608743,0.1753587,0.1639103
phase6_asx_individual_period,electricity,720,720,2026,ok,0.1771416,0.20623630285263062,0.29889845848083496,181,24+168,0,28523364,logs/AsySpecX_phase6/phase6_asx_individual_period_electricity_sl720_pl720_sd2026.log,0.2685202,0.2788815,0.2577787,0.2731009,0.2642978,0.2090075,0.160817,0.1754487,0.1638948
phase6_asx_individual_period,electricity,720,96,2024,ok,0.1186958,0.14145955443382263,0.24263016879558563,181,24+168,0,28523345,logs/AsySpecX_phase6/phase6_asx_individual_period_electricity_sl720_pl96_sd2024.log,0.2180727,0.2072298,0.2070618,0.2245933,0.2334228,0.1156569,0.1089214,0.1268729,0.1237555
phase6_asx_individual_period,electricity,720,96,2025,ok,0.1186998,0.14144466817378998,0.24261541664600372,181,24+168,0,28523353,logs/AsySpecX_phase6/phase6_asx_individual_period_electricity_sl720_pl96_sd2025.log,0.2180766,0.2072431,0.2070546,0.2245913,0.2334345,0.1156909,0.10893,0.1268726,0.1237678
phase6_asx_individual_period,electricity,720,96,2026,ok,0.1186458,0.1414840966463089,0.24264517426490784,181,24+168,0,28523361,logs/AsySpecX_phase6/phase6_asx_individual_period_electricity_sl720_pl96_sd2026.log,0.2180758,0.2072106,0.2070702,0.2246001,0.2334394,0.1156484,0.1089416,0.1268939,0.1237791
phase6_asx_individual_period,electricity,96,192,2024,ok,0.1698394,0.19456540048122406,0.2810384929180145,25,24+168,0,28523342,logs/AsySpecX_phase6/phase6_asx_individual_period_electricity_sl96_pl192_sd2024.log,0.2571215,0.2491796,0.2434889,0.2675133,0.2683174,0.1737742,0.1564829,0.1789419,0.1704715
phase6_asx_individual_period,electricity,96,192,2025,ok,0.1698118,0.19455565512180328,0.28106093406677246,25,24+168,0,28523350,logs/AsySpecX_phase6/phase6_asx_individual_period_electricity_sl96_pl192_sd2025.log,0.2571324,0.2491657,0.2435121,0.2675278,0.2683366,0.1737103,0.1565085,0.1789532,0.1705168
phase6_asx_individual_period,electricity,96,192,2026,ok,0.169745,0.19456999003887177,0.28104832768440247,25,24+168,0,28523358,logs/AsySpecX_phase6/phase6_asx_individual_period_electricity_sl96_pl192_sd2026.log,0.2571045,0.2491597,0.2434658,0.2674983,0.2683073,0.1737439,0.1564908,0.1789202,0.1704749
phase6_asx_individual_period,electricity,96,336,2024,ok,0.1838534,0.2089204043149948,0.2950945198535919,25,24+168,0,28523343,logs/AsySpecX_phase6/phase6_asx_individual_period_electricity_sl96_pl336_sd2024.log,0.2698576,0.2612192,0.2587955,0.2826235,0.276807,0.1885176,0.172016,0.1928875,0.1831231
phase6_asx_individual_period,electricity,96,336,2025,ok,0.1838958,0.20889464020729065,0.2950773239135742,25,24+168,0,28523351,logs/AsySpecX_phase6/phase6_asx_individual_period_electricity_sl96_pl336_sd2025.log,0.2698415,0.2611927,0.2587855,0.2826044,0.2767983,0.1885187,0.1720582,0.1929006,0.1831406
phase6_asx_individual_period,electricity,96,336,2026,ok,0.1839055,0.20889762043952942,0.295087605714798,25,24+168,0,28523359,logs/AsySpecX_phase6/phase6_asx_individual_period_electricity_sl96_pl336_sd2026.log,0.269843,0.261194,0.2587744,0.2826105,0.2768083,0.1884826,0.1719807,0.1928736,0.1831145
phase6_asx_individual_period,electricity,96,720,2024,ok,0.2175699,0.2500580847263336,0.3276625871658325,25,24+168,0,28523344,logs/AsySpecX_phase6/phase6_asx_individual_period_electricity_sl96_pl720_sd2024.log,0.297461,0.3057822,0.2827464,0.3090883,0.2922098,0.2454162,0.2007585,0.2227315,0.2032673
phase6_asx_individual_period,electricity,96,720,2025,ok,0.2174549,0.249677836894989,0.3270584046840668,25,24+168,0,28523352,logs/AsySpecX_phase6/phase6_asx_individual_period_electricity_sl96_pl720_sd2025.log,0.2969777,0.305301,0.2823148,0.3086569,0.2916209,0.2454289,0.2006351,0.2225227,0.2029231
phase6_asx_individual_period,electricity,96,720,2026,ok,0.2175543,0.24962133169174194,0.32696643471717834,25,24+168,0,28523360,logs/AsySpecX_phase6/phase6_asx_individual_period_electricity_sl96_pl720_sd2026.log,0.296916,0.305241,0.2822567,0.3086162,0.2915325,0.2454472,0.2006424,0.2225035,0.2028876
phase6_asx_individual_period,electricity,96,96,2024,ok,0.1715564,0.19458086788654327,0.27972081303596497,25,24+168,0,28523341,logs/AsySpecX_phase6/phase6_asx_individual_period_electricity_sl96_pl96_sd2024.log,0.2570219,0.2569265,0.2451186,0.2613427,0.2646999,0.1837321,0.161193,0.1770356,0.1643114
phase6_asx_individual_period,electricity,96,96,2025,ok,0.1716145,0.1947389543056488,0.2799956202507019,25,24+168,0,28523349,logs/AsySpecX_phase6/phase6_asx_individual_period_electricity_sl96_pl96_sd2025.log,0.2572697,0.2571876,0.2453352,0.2615926,0.2649636,0.1839082,0.1613199,0.1772313,0.1645142
phase6_asx_individual_period,electricity,96,96,2026,ok,0.17133,0.19473148882389069,0.2799612879753113,25,24+168,0,28523357,logs/AsySpecX_phase6/phase6_asx_individual_period_electricity_sl96_pl96_sd2026.log,0.2572207,0.2571196,0.245288,0.2615496,0.2649257,0.1839019,0.1613511,0.1772135,0.1644994
phase6_asx_individual_period,traffic,720,192,2024,ok,0.3465459,0.42445144057273865,0.3026232123374939,181,24+168,0,28523370,logs/AsySpecX_phase6/phase6_asx_individual_period_traffic_sl720_pl192_sd2024.log,0.2587872,0.2603554,0.2449747,0.2750893,0.2547251,0.2992757,0.2820013,0.4212165,0.3850541
phase6_asx_individual_period,traffic,720,192,2025,ok,0.3463683,0.4244055151939392,0.30265358090400696,181,24+168,0,28523378,logs/AsySpecX_phase6/phase6_asx_individual_period_traffic_sl720_pl192_sd2025.log,0.2587957,0.2603923,0.2449714,0.2750929,0.2547219,0.299281,0.2819839,0.4211137,0.3850377
phase6_asx_individual_period,traffic,720,192,2026,ok,0.3460541,0.4244886338710785,0.3026218116283417,181,24+168,0,28523386,logs/AsySpecX_phase6/phase6_asx_individual_period_traffic_sl720_pl192_sd2026.log,0.2587671,0.2603962,0.2449781,0.2750368,0.254653,0.299297,0.2819521,0.4209327,0.3846428
phase6_asx_individual_period,traffic,720,336,2024,ok,0.3568176,0.43672865629196167,0.30722498893737793,181,24+168,0,28523371,logs/AsySpecX_phase6/phase6_asx_individual_period_traffic_sl720_pl336_sd2024.log,0.2598029,0.2572483,0.2525412,0.2733892,0.2560403,0.2908807,0.3056978,0.4322185,0.3997892
phase6_asx_individual_period,traffic,720,336,2025,ok,0.3567109,0.4369228482246399,0.3071916401386261,181,24+168,0,28523379,logs/AsySpecX_phase6/phase6_asx_individual_period_traffic_sl720_pl336_sd2025.log,0.2597461,0.2571689,0.252543,0.2733347,0.255945,0.2909163,0.3058815,0.4318122,0.3993429
phase6_asx_individual_period,traffic,720,336,2026,ok,0.3567804,0.43671914935112,0.3071855306625366,181,24+168,0,28523387,logs/AsySpecX_phase6/phase6_asx_individual_period_traffic_sl720_pl336_sd2026.log,0.2597604,0.2571999,0.2525023,0.2733387,0.2560082,0.2908258,0.3056729,0.4321369,0.3998992
phase6_asx_individual_period,traffic,720,720,2024,ok,0.4043721,0.4740614891052246,0.32507267594337463,181,24+168,0,28523372,logs/AsySpecX_phase6/phase6_asx_individual_period_traffic_sl720_pl720_sd2024.log,0.2696052,0.2625665,0.2703423,0.2707763,0.274763,0.304844,0.3646155,0.457763,0.4941576
phase6_asx_individual_period,traffic,720,720,2025,ok,0.4048428,0.47411125898361206,0.325143963098526,181,24+168,0,28523380,logs/AsySpecX_phase6/phase6_asx_individual_period_traffic_sl720_pl720_sd2025.log,0.2696606,0.2626491,0.2703309,0.2708167,0.2748729,0.3048686,0.3645235,0.4577428,0.4943289
phase6_asx_individual_period,traffic,720,720,2026,ok,0.4045673,0.47402605414390564,0.3250718116760254,181,24+168,0,28523388,logs/AsySpecX_phase6/phase6_asx_individual_period_traffic_sl720_pl720_sd2026.log,0.2696007,0.2626097,0.270269,0.2708013,0.2747499,0.3049358,0.3643968,0.4577118,0.4939288
phase6_asx_individual_period,traffic,720,96,2024,ok,0.3458395,0.41499030590057373,0.30027902126312256,181,24+168,0,28523369,logs/AsySpecX_phase6/phase6_asx_individual_period_traffic_sl720_pl96_sd2024.log,0.2618218,0.271802,0.2401949,0.2779759,0.2572903,0.3227349,0.2694307,0.4161763,0.3783856
phase6_asx_individual_period,traffic,720,96,2025,ok,0.3461356,0.4151279032230377,0.3003981113433838,181,24+168,0,28523377,logs/AsySpecX_phase6/phase6_asx_individual_period_traffic_sl720_pl96_sd2025.log,0.2619535,0.2719485,0.2403336,0.2780967,0.2574111,0.3230032,0.2695688,0.4162389,0.3784654
phase6_asx_individual_period,traffic,720,96,2026,ok,0.3456042,0.41516488790512085,0.30043405294418335,181,24+168,0,28523385,logs/AsySpecX_phase6/phase6_asx_individual_period_traffic_sl720_pl96_sd2026.log,0.2619477,0.2719152,0.2403579,0.2780677,0.257426,0.3228117,0.2695461,0.4160748,0.3784083
phase6_asx_individual_period,traffic,96,192,2024,ok,0.4914011,0.6072339415550232,0.3766416907310486,25,24+168,0,28523366,logs/AsySpecX_phase6/phase6_asx_individual_period_traffic_sl96_pl192_sd2024.log,0.3364627,0.3457476,0.3131008,0.3500961,0.3368825,0.453573,0.3995987,0.5592195,0.5579031
phase6_asx_individual_period,traffic,96,192,2025,ok,0.4919742,0.6077326536178589,0.3767050802707672,25,24+168,0,28523374,logs/AsySpecX_phase6/phase6_asx_individual_period_traffic_sl96_pl192_sd2025.log,0.3365335,0.3458648,0.3132079,0.3501836,0.3368538,0.4536332,0.399642,0.5590538,0.5579128
phase6_asx_individual_period,traffic,96,192,2026,ok,0.4917253,0.6080118417739868,0.3779236972332001,25,24+168,0,28523382,logs/AsySpecX_phase6/phase6_asx_individual_period_traffic_sl96_pl192_sd2026.log,0.3378269,0.3471872,0.3145395,0.3514501,0.3381068,0.4542217,0.4001651,0.5594928,0.5583115
phase6_asx_individual_period,traffic,96,336,2024,ok,0.4916287,0.6141946911811829,0.37918710708618164,25,24+168,0,28523367,logs/AsySpecX_phase6/phase6_asx_individual_period_traffic_sl96_pl336_sd2024.log,0.3349133,0.339421,0.3231547,0.349023,0.3280415,0.438771,0.4293035,0.5569095,0.5426822
phase6_asx_individual_period,traffic,96,336,2025,ok,0.4913174,0.613513708114624,0.3790947496891022,25,24+168,0,28523375,logs/AsySpecX_phase6/phase6_asx_individual_period_traffic_sl96_pl336_sd2025.log,0.3347768,0.339232,0.3230865,0.3488905,0.3278858,0.4387027,0.4293727,0.5567175,0.5428161
phase6_asx_individual_period,traffic,96,336,2026,ok,0.4915681,0.6141902208328247,0.37984272837638855,25,24+168,0,28523383,logs/AsySpecX_phase6/phase6_asx_individual_period_traffic_sl96_pl336_sd2026.log,0.3355374,0.3400866,0.3237727,0.34962,0.3286577,0.4392135,0.4293974,0.5570889,0.5423412
phase6_asx_individual_period,traffic,96,720,2024,ok,0.5444525,0.652858316898346,0.400485634803772,25,24+168,0,28523368,logs/AsySpecX_phase6/phase6_asx_individual_period_traffic_sl96_pl720_sd2024.log,0.3554597,0.3615333,0.3411085,0.3444619,0.3747119,0.4731417,0.4833859,0.572226,0.6500181
phase6_asx_individual_period,traffic,96,720,2025,ok,0.5439402,0.6530847549438477,0.399984210729599,25,24+168,0,28523376,logs/AsySpecX_phase6/phase6_asx_individual_period_traffic_sl96_pl720_sd2025.log,0.3549906,0.3609971,0.3407627,0.3440971,0.3740822,0.4730506,0.4831519,0.5718489,0.648779
phase6_asx_individual_period,traffic,96,720,2026,ok,0.5444478,0.6531217098236084,0.4006781280040741,25,24+168,0,28523384,logs/AsySpecX_phase6/phase6_asx_individual_period_traffic_sl96_pl720_sd2026.log,0.3557476,0.3617389,0.3413779,0.3448635,0.374987,0.4733439,0.4834728,0.5726579,0.649713
phase6_asx_individual_period,traffic,96,96,2024,ok,0.5449497,0.6567928791046143,0.40133845806121826,25,24+168,0,28523365,logs/AsySpecX_phase6/phase6_asx_individual_period_traffic_sl96_pl96_sd2024.log,0.3684523,0.3834378,0.3399592,0.3837648,0.3666111,0.5134566,0.4407969,0.6135525,0.6156172
phase6_asx_individual_period,traffic,96,96,2025,ok,0.5449238,0.6571609973907471,0.40116727352142334,25,24+168,0,28523373,logs/AsySpecX_phase6/phase6_asx_individual_period_traffic_sl96_pl96_sd2025.log,0.3683704,0.3833637,0.3398164,0.3837322,0.366533,0.5134802,0.4407275,0.6140515,0.6158023
phase6_asx_individual_period,traffic,96,96,2026,ok,0.5458105,0.6578287482261658,0.4013795852661133,25,24+168,0,28523381,logs/AsySpecX_phase6/phase6_asx_individual_period_traffic_sl96_pl96_sd2026.log,0.3685285,0.3834176,0.3399985,0.3838512,0.3668109,0.5134026,0.4407503,0.6151548,0.6177593
phase6_asx_individual_period,weather,720,192,2024,ok,0.4384947,0.19082607328891754,0.2429926097393036,31,144,0,28523322,logs/AsySpecX_phase6/phase6_asx_individual_period_weather_sl720_pl192_sd2024.log,0.3186724,0.2781709,0.3795215,0.2996495,0.3173465,0.2040615,0.8388446,0.2789152,0.4373524
phase6_asx_individual_period,weather,720,192,2025,ok,0.4385381,0.19058558344841003,0.24271003901958466,31,144,0,28523330,logs/AsySpecX_phase6/phase6_asx_individual_period_weather_sl720_pl192_sd2025.log,0.3184201,0.2778245,0.3792358,0.2994554,0.3171635,0.2036108,0.8382661,0.278809,0.4375139
phase6_asx_individual_period,weather,720,192,2026,ok,0.4386735,0.19064827263355255,0.24274002015590668,31,144,0,28523338,logs/AsySpecX_phase6/phase6_asx_individual_period_weather_sl720_pl192_sd2026.log,0.3185177,0.2780662,0.3792717,0.2994765,0.3172552,0.2038959,0.8382936,0.2788489,0.4372752
phase6_asx_individual_period,weather,720,336,2024,ok,0.5029353,0.24051214754581451,0.2820415198802948,31,144,0,28523323,logs/AsySpecX_phase6/phase6_asx_individual_period_weather_sl720_pl336_sd2024.log,0.3617555,0.3379294,0.4250101,0.330695,0.3533808,0.2730605,0.9316595,0.3093285,0.5003393
phase6_asx_individual_period,weather,720,336,2025,ok,0.5033329,0.24063783884048462,0.28213369846343994,31,144,0,28523331,logs/AsySpecX_phase6/phase6_asx_individual_period_weather_sl720_pl336_sd2025.log,0.3618411,0.3379657,0.4250787,0.3308793,0.3534341,0.27335,0.9318701,0.3096181,0.5002703
phase6_asx_individual_period,weather,720,336,2026,ok,0.5035208,0.24059537053108215,0.28210505843162537,31,144,0,28523339,logs/AsySpecX_phase6/phase6_asx_individual_period_weather_sl720_pl336_sd2026.log,0.3618547,0.33792,0.4251229,0.3309837,0.3533853,0.2731491,0.9319608,0.309814,0.5002492
phase6_asx_individual_period,weather,720,720,2024,ok,0.5956973,0.30969929695129395,0.33186936378479004,31,144,0,28523324,logs/AsySpecX_phase6/phase6_asx_individual_period_weather_sl720_pl720_sd2024.log,0.4139436,0.4062584,0.4755429,0.3647268,0.409242,0.4706906,0.9759604,0.3573099,0.5802046
phase6_asx_individual_period,weather,720,720,2025,ok,0.59578,0.3097400367259979,0.33192551136016846,31,144,0,28523332,logs/AsySpecX_phase6/phase6_asx_individual_period_weather_sl720_pl720_sd2025.log,0.413992,0.406164,0.47574,0.3646587,0.4094014,0.4706631,0.9762383,0.3571655,0.5803512
phase6_asx_individual_period,weather,720,720,2026,ok,0.5956877,0.30968543887138367,0.3318425714969635,31,144,0,28523340,logs/AsySpecX_phase6/phase6_asx_individual_period_weather_sl720_pl720_sd2026.log,0.413829,0.406079,0.4754318,0.3646972,0.4091041,0.4707589,0.9759741,0.3573631,0.5800782
phase6_asx_individual_period,weather,720,96,2024,ok,0.381955,0.14797504246234894,0.20203270018100739,31,144,0,28523321,logs/AsySpecX_phase6/phase6_asx_individual_period_weather_sl720_pl96_sd2024.log,0.2789588,0.2284413,0.3429006,0.2618423,0.2826538,0.150591,0.7773976,0.2368162,0.3726318
phase6_asx_individual_period,weather,720,96,2025,ok,0.3822276,0.14832772314548492,0.2025640904903412,31,144,0,28523329,logs/AsySpecX_phase6/phase6_asx_individual_period_weather_sl720_pl96_sd2025.log,0.2795353,0.2295744,0.3434286,0.2625026,0.282638,0.1509988,0.7772856,0.23715,0.3723601
phase6_asx_individual_period,weather,720,96,2026,ok,0.3818672,0.14800739288330078,0.2021227777004242,31,144,0,28523337,logs/AsySpecX_phase6/phase6_asx_individual_period_weather_sl720_pl96_sd2026.log,0.279039,0.2285055,0.3430496,0.2621406,0.2824629,0.1505829,0.7772217,0.2368567,0.3721933
phase6_asx_individual_period,weather,96,192,2024,ok,0.5402928,0.235281839966774,0.2787834703922272,2,144,0,28523318,logs/AsySpecX_phase6/phase6_asx_individual_period_weather_sl96_pl192_sd2024.log,0.3718662,0.3782579,0.4196316,0.350767,0.3387822,0.3323556,0.9418613,0.3523486,0.5423996
phase6_asx_individual_period,weather,96,192,2025,ok,0.5404855,0.2350611835718155,0.2788635492324829,2,144,0,28523326,logs/AsySpecX_phase6/phase6_asx_individual_period_weather_sl96_pl192_sd2025.log,0.3719903,0.3788698,0.4195854,0.3510175,0.338462,0.3320073,0.9415693,0.3523768,0.5394794
phase6_asx_individual_period,weather,96,192,2026,ok,0.5403317,0.23598255217075348,0.2795316278934479,2,144,0,28523334,logs/AsySpecX_phase6/phase6_asx_individual_period_weather_sl96_pl192_sd2026.log,0.3719993,0.3779179,0.4198562,0.3514468,0.33875,0.3305677,0.9419765,0.3532585,0.5411012
phase6_asx_individual_period,weather,96,336,2024,ok,0.623866,0.28733471035957336,0.3134893476963043,2,144,0,28523319,logs/AsySpecX_phase6/phase6_asx_individual_period_weather_sl96_pl336_sd2024.log,0.4195588,0.4374225,0.4681121,0.3709196,0.4017664,0.4209881,1.0444808,0.367261,0.6640305
phase6_asx_individual_period,weather,96,336,2025,ok,0.6230059,0.28735876083374023,0.31366628408432007,2,144,0,28523327,logs/AsySpecX_phase6/phase6_asx_individual_period_weather_sl96_pl336_sd2025.log,0.4198175,0.4378814,0.4683589,0.3713408,0.4016741,0.4201545,1.0440279,0.3676403,0.6634035
phase6_asx_individual_period,weather,96,336,2026,ok,0.6233249,0.2879570424556732,0.31409183144569397,2,144,0,28523335,logs/AsySpecX_phase6/phase6_asx_individual_period_weather_sl96_pl336_sd2026.log,0.4200983,0.4379826,0.4686686,0.3718045,0.4019229,0.4200475,1.0448693,0.368154,0.6641552
phase6_asx_individual_period,weather,96,720,2024,ok,0.7453518,0.3616364896297455,0.35925808548927307,2,144,0,28523320,logs/AsySpecX_phase6/phase6_asx_individual_period_weather_sl96_pl720_sd2024.log,0.4942842,0.5473421,0.5671288,0.4198828,0.4427378,0.699625,1.1716746,0.4476014,0.6638088
phase6_asx_individual_period,weather,96,720,2025,ok,0.745144,0.3615244925022125,0.3591371774673462,2,144,0,28523328,logs/AsySpecX_phase6/phase6_asx_individual_period_weather_sl96_pl720_sd2025.log,0.4941795,0.5471481,0.5670627,0.4196997,0.4427621,0.6994689,1.17118,0.4475394,0.6640876
phase6_asx_individual_period,weather,96,720,2026,ok,0.7451978,0.3619239032268524,0.35938355326652527,2,144,0,28523336,logs/AsySpecX_phase6/phase6_asx_individual_period_weather_sl96_pl720_sd2026.log,0.4942749,0.5470632,0.5671663,0.4198959,0.442929,0.6991937,1.171138,0.4479691,0.6644164
phase6_asx_individual_period,weather,96,96,2024,ok,0.4707494,0.1900573968887329,0.24329683184623718,2,144,0,28523317,logs/AsySpecX_phase6/phase6_asx_individual_period_weather_sl96_pl96_sd2024.log,0.3323024,0.3343405,0.3935481,0.3224747,0.278805,0.2688157,0.9041923,0.3172821,0.4065754
phase6_asx_individual_period,weather,96,96,2025,ok,0.4705637,0.18974202871322632,0.24339725077152252,2,144,0,28523325,logs/AsySpecX_phase6/phase6_asx_individual_period_weather_sl96_pl96_sd2025.log,0.3325589,0.3355432,0.3932959,0.3225321,0.2788228,0.2702816,0.902297,0.3166943,0.4056178
phase6_asx_individual_period,weather,96,96,2026,ok,0.4707814,0.18978701531887054,0.24319608509540558,2,144,0,28523333,logs/AsySpecX_phase6/phase6_asx_individual_period_weather_sl96_pl96_sd2026.log,0.332231,0.3346829,0.3927867,0.322328,0.2790852,0.2690071,0.9024683,0.3166743,0.406253
phase6_asx_individual_revin,ETTh1,720,192,2024,ok,1.0463959,0.43574219942092896,0.4419066607952118,181,24+168,0,28522986,logs/AsySpecX_phase6/phase6_asx_individual_revin_ETTh1_sl720_pl192_sd2024.log,0.6969308,0.738286,0.7846189,0.6348369,0.6299198,1.2077436,1.2465718,0.9254325,0.8061347
phase6_asx_individual_revin,ETTh1,720,192,2025,ok,1.0539142,0.43706759810447693,0.44167858362197876,181,24+168,0,28522994,logs/AsySpecX_phase6/phase6_asx_individual_revin_ETTh1_sl720_pl192_sd2025.log,0.6961751,0.7341353,0.788024,0.6350255,0.6274594,1.2012286,1.2618722,0.94332,0.8110248
phase6_asx_individual_revin,ETTh1,720,192,2026,ok,1.045944,0.4362366199493408,0.44327130913734436,181,24+168,0,28523002,logs/AsySpecX_phase6/phase6_asx_individual_revin_ETTh1_sl720_pl192_sd2026.log,0.6962469,0.7376757,0.7891752,0.6311032,0.6269718,1.2065336,1.2560415,0.9200292,0.8013916
phase6_asx_individual_revin,ETTh1,720,336,2024,ok,1.2566533,0.4662957787513733,0.4710763990879059,181,24+168,0,28522987,logs/AsySpecX_phase6/phase6_asx_individual_revin_ETTh1_sl720_pl336_sd2024.log,0.7781486,0.8791811,0.8113632,0.7203999,0.7014912,1.667987,1.3117235,1.0617535,0.9817138
phase6_asx_individual_revin,ETTh1,720,336,2025,ok,1.257494,0.46402961015701294,0.46657493710517883,181,24+168,0,28522995,logs/AsySpecX_phase6/phase6_asx_individual_revin_ETTh1_sl720_pl336_sd2025.log,0.7759586,0.8717804,0.8168412,0.710323,0.7047395,1.6465127,1.343722,1.053881,0.9951807
phase6_asx_individual_revin,ETTh1,720,336,2026,ok,1.2676384,0.4693876802921295,0.47268620133399963,181,24+168,0,28523003,logs/AsySpecX_phase6/phase6_asx_individual_revin_ETTh1_sl720_pl336_sd2026.log,0.7822168,0.8841346,0.8208366,0.7231215,0.7006143,1.6746483,1.3389481,1.0760461,0.9774677
phase6_asx_individual_revin,ETTh1,720,720,2024,ok,1.4796807,0.5241490602493286,0.519881546497345,181,24+168,0,28522988,logs/AsySpecX_phase6/phase6_asx_individual_revin_ETTh1_sl720_pl720_sd2024.log,0.8544984,1.0241126,0.8644022,0.8554044,0.6737603,2.2093377,1.4299728,1.3400456,0.9468121
phase6_asx_individual_revin,ETTh1,720,720,2025,ok,1.4770863,0.5209473967552185,0.5152581334114075,181,24+168,0,28522996,logs/AsySpecX_phase6/phase6_asx_individual_revin_ETTh1_sl720_pl720_sd2025.log,0.8518111,1.0140886,0.868652,0.8492413,0.674962,2.1856079,1.4567835,1.328547,0.9536456
phase6_asx_individual_revin,ETTh1,720,720,2026,ok,1.4763552,0.5195918083190918,0.5134430527687073,181,24+168,0,28523004,logs/AsySpecX_phase6/phase6_asx_individual_revin_ETTh1_sl720_pl720_sd2026.log,0.8503309,1.010959,0.8677929,0.8483652,0.6739093,2.1762338,1.4589911,1.3284531,0.9498078
phase6_asx_individual_revin,ETTh1,720,96,2024,ok,0.7792084,0.40194568037986755,0.41836339235305786,181,24+168,0,28522985,logs/AsySpecX_phase6/phase6_asx_individual_revin_ETTh1_sl720_pl96_sd2024.log,0.6013455,0.6069881,0.7016861,0.5588099,0.5378898,0.8086049,0.9796767,0.7411516,0.5965393
phase6_asx_individual_revin,ETTh1,720,96,2025,ok,0.7733358,0.4018711745738983,0.4181731343269348,181,24+168,0,28522993,logs/AsySpecX_phase6/phase6_asx_individual_revin_ETTh1_sl720_pl96_sd2025.log,0.5995891,0.6047593,0.7007951,0.5564672,0.5363274,0.8025427,0.9743751,0.7331678,0.5945867
phase6_asx_individual_revin,ETTh1,720,96,2026,ok,0.7750772,0.4018895626068115,0.4184465706348419,181,24+168,0,28523001,logs/AsySpecX_phase6/phase6_asx_individual_revin_ETTh1_sl720_pl96_sd2026.log,0.6003265,0.6058028,0.7017324,0.5569691,0.5367939,0.8035959,0.9752777,0.7341245,0.5951133
phase6_asx_individual_revin,ETTh1,96,192,2024,ok,1.018553,0.4386943578720093,0.42798784375190735,25,24+168,0,28522982,logs/AsySpecX_phase6/phase6_asx_individual_revin_ETTh1_sl96_pl192_sd2024.log,0.6644151,0.6889191,0.746127,0.6276377,0.5949398,1.0461981,1.1922928,1.0292881,0.8074352
phase6_asx_individual_revin,ETTh1,96,192,2025,ok,1.0154814,0.43979591131210327,0.42708075046539307,25,24+168,0,28522990,logs/AsySpecX_phase6/phase6_asx_individual_revin_ETTh1_sl96_pl192_sd2025.log,0.6621127,0.6817605,0.7422537,0.6294351,0.5949726,1.0339878,1.1832477,1.035544,0.8102801
phase6_asx_individual_revin,ETTh1,96,192,2026,ok,1.0197743,0.43837541341781616,0.42724862694740295,25,24+168,0,28522998,logs/AsySpecX_phase6/phase6_asx_individual_revin_ETTh1_sl96_pl192_sd2026.log,0.664156,0.6874624,0.7457203,0.6292945,0.5941125,1.0442978,1.1934903,1.0343533,0.8061057
phase6_asx_individual_revin,ETTh1,96,336,2024,ok,1.3209468,0.47954970598220825,0.4494898319244385,25,24+168,0,28522983,logs/AsySpecX_phase6/phase6_asx_individual_revin_ETTh1_sl96_pl336_sd2024.log,0.7686383,0.8196126,0.8139539,0.7424062,0.6985007,1.4849982,1.4401608,1.2961568,1.0743843
phase6_asx_individual_revin,ETTh1,96,336,2025,ok,1.3237103,0.4809111952781677,0.45186498761177063,25,24+168,0,28522991,logs/AsySpecX_phase6/phase6_asx_individual_revin_ETTh1_sl96_pl336_sd2025.log,0.7723352,0.8281432,0.8167419,0.7442966,0.7000713,1.4997462,1.4458755,1.3007492,1.0702118
phase6_asx_individual_revin,ETTh1,96,336,2026,ok,1.3201391,0.47906967997550964,0.4502844512462616,25,24+168,0,28522999,logs/AsySpecX_phase6/phase6_asx_individual_revin_ETTh1_sl96_pl336_sd2026.log,0.7700606,0.8250023,0.8148299,0.7424383,0.6978855,1.4947447,1.4397486,1.2972927,1.0682292
phase6_asx_individual_revin,ETTh1,96,720,2024,ok,1.583725,0.4800778329372406,0.47750064730644226,25,24+168,0,28522984,logs/AsySpecX_phase6/phase6_asx_individual_revin_ETTh1_sl96_pl720_sd2024.log,0.8586266,1.0039716,0.9145862,0.8636538,0.6520256,2.155787,1.7460494,1.5268914,0.9176139
phase6_asx_individual_revin,ETTh1,96,720,2025,ok,1.5841867,0.47926682233810425,0.4768686294555664,25,24+168,0,28522992,logs/AsySpecX_phase6/phase6_asx_individual_revin_ETTh1_sl96_pl720_sd2025.log,0.8584781,1.0044472,0.9153987,0.8626832,0.651113,2.1566687,1.7492861,1.5260514,0.915927
phase6_asx_individual_revin,ETTh1,96,720,2026,ok,1.5893471,0.48412835597991943,0.48302730917930603,25,24+168,0,28523000,logs/AsySpecX_phase6/phase6_asx_individual_revin_ETTh1_sl96_pl720_sd2026.log,0.8644295,1.0163149,0.919292,0.8664867,0.6553432,2.1805437,1.7572743,1.5352548,0.917547
phase6_asx_individual_revin,ETTh1,96,96,2024,ok,0.7208825,0.3891372084617615,0.39738619327545166,25,24+168,0,28522981,logs/AsySpecX_phase6/phase6_asx_individual_revin_ETTh1_sl96_pl96_sd2024.log,0.5606635,0.5640334,0.6565126,0.5282001,0.4939029,0.6842117,0.8977031,0.7310709,0.575233
phase6_asx_individual_revin,ETTh1,96,96,2025,ok,0.7170913,0.3894209563732147,0.3976796567440033,25,24+168,0,28522989,logs/AsySpecX_phase6/phase6_asx_individual_revin_ETTh1_sl96_pl96_sd2025.log,0.558999,0.5627971,0.6549509,0.526467,0.4917756,0.6819316,0.8953077,0.7257865,0.5708843
phase6_asx_individual_revin,ETTh1,96,96,2026,ok,0.7177215,0.3915189802646637,0.40034347772598267,25,24+168,0,28522997,logs/AsySpecX_phase6/phase6_asx_individual_revin_ETTh1_sl96_pl96_sd2026.log,0.5598623,0.5621017,0.6566387,0.5286772,0.4920286,0.6811165,0.9005688,0.7290958,0.5709634
phase6_asx_individual_revin,ETTm1,720,192,2024,ok,0.5067605,0.34504276514053345,0.3714008033275604,43,96+672,0,28523010,logs/AsySpecX_phase6/phase6_asx_individual_revin_ETTm1_sl720_pl192_sd2024.log,0.4696915,0.4515404,0.553297,0.4556822,0.4182529,0.440208,0.6453782,0.5410329,0.4018482
phase6_asx_individual_revin,ETTm1,720,192,2025,ok,0.5071915,0.34488317370414734,0.37128838896751404,43,96+672,0,28523018,logs/AsySpecX_phase6/phase6_asx_individual_revin_ETTm1_sl720_pl192_sd2025.log,0.4696264,0.4513845,0.5532389,0.4559824,0.4179063,0.4398694,0.6458275,0.542008,0.4012907
phase6_asx_individual_revin,ETTm1,720,192,2026,ok,0.5073377,0.34499239921569824,0.37138038873672485,43,96+672,0,28523026,logs/AsySpecX_phase6/phase6_asx_individual_revin_ETTm1_sl720_pl192_sd2026.log,0.4698178,0.451636,0.5536014,0.4558467,0.4181935,0.4402194,0.6461431,0.5416349,0.4015553
phase6_asx_individual_revin,ETTm1,720,336,2024,ok,0.6487644,0.37615177035331726,0.3892466723918915,43,96+672,0,28523011,logs/AsySpecX_phase6/phase6_asx_individual_revin_ETTm1_sl720_pl336_sd2024.log,0.531333,0.5288678,0.6201656,0.5070115,0.469288,0.6026958,0.7955019,0.695075,0.5038954
phase6_asx_individual_revin,ETTm1,720,336,2025,ok,0.648284,0.376182496547699,0.3893585205078125,43,96+672,0,28523019,logs/AsySpecX_phase6/phase6_asx_individual_revin_ETTm1_sl720_pl336_sd2025.log,0.5313969,0.5289,0.6203563,0.5067948,0.4695375,0.602648,0.7952843,0.6940935,0.5037022
phase6_asx_individual_revin,ETTm1,720,336,2026,ok,0.6483764,0.37609705328941345,0.38921988010406494,43,96+672,0,28523027,logs/AsySpecX_phase6/phase6_asx_individual_revin_ETTm1_sl720_pl336_sd2026.log,0.5312171,0.5287766,0.6200133,0.5066175,0.4694618,0.6023868,0.7949684,0.6940422,0.503916
phase6_asx_individual_revin,ETTm1,720,720,2024,ok,0.9392794,0.42652881145477295,0.41758283972740173,43,96+672,0,28523012,logs/AsySpecX_phase6/phase6_asx_individual_revin_ETTm1_sl720_pl720_sd2024.log,0.6377068,0.6617693,0.7123687,0.6053886,0.5712917,0.9809378,1.0562053,0.9872772,0.7355078
phase6_asx_individual_revin,ETTm1,720,720,2025,ok,0.9383441,0.42664670944213867,0.4176981449127197,43,96+672,0,28523020,logs/AsySpecX_phase6/phase6_asx_individual_revin_ETTm1_sl720_pl720_sd2025.log,0.6376738,0.6618459,0.7124186,0.6052638,0.5711579,0.9807833,1.0560614,0.9870278,0.7344017
phase6_asx_individual_revin,ETTm1,720,720,2026,ok,0.9380161,0.4263676702976227,0.4174746870994568,43,96+672,0,28523028,logs/AsySpecX_phase6/phase6_asx_individual_revin_ETTm1_sl720_pl720_sd2026.log,0.6374304,0.6616107,0.7122333,0.6050975,0.5707712,0.9800324,1.055197,0.9869227,0.733996
phase6_asx_individual_revin,ETTm1,720,96,2024,ok,0.3922063,0.30807188153266907,0.35203608870506287,43,96+672,0,28523009,logs/AsySpecX_phase6/phase6_asx_individual_revin_ETTm1_sl720_pl96_sd2024.log,0.4131118,0.390656,0.4898133,0.4034872,0.368499,0.3352739,0.5234658,0.3989039,0.3142968
phase6_asx_individual_revin,ETTm1,720,96,2025,ok,0.392497,0.30767694115638733,0.3520146310329437,43,96+672,0,28523017,logs/AsySpecX_phase6/phase6_asx_individual_revin_ETTm1_sl720_pl96_sd2025.log,0.4131203,0.3907722,0.4899967,0.4033061,0.3684139,0.3354091,0.5239843,0.3978157,0.3139755
phase6_asx_individual_revin,ETTm1,720,96,2026,ok,0.3923346,0.30766797065734863,0.3520013988018036,43,96+672,0,28523025,logs/AsySpecX_phase6/phase6_asx_individual_revin_ETTm1_sl720_pl96_sd2026.log,0.4130204,0.3907692,0.4900543,0.4029798,0.3682861,0.335353,0.5239252,0.3975459,0.3139334
phase6_asx_individual_revin,ETTm1,96,192,2024,ok,0.5318025,0.38963964581489563,0.3923513889312744,7,96+672,0,28523006,logs/AsySpecX_phase6/phase6_asx_individual_revin_ETTm1_sl96_pl192_sd2024.log,0.4786888,0.4503189,0.5673861,0.4654531,0.4316073,0.4520728,0.7028677,0.5385599,0.4338762
phase6_asx_individual_revin,ETTm1,96,192,2025,ok,0.5319229,0.38958731293678284,0.39230623841285706,7,96+672,0,28523014,logs/AsySpecX_phase6/phase6_asx_individual_revin_ETTm1_sl96_pl192_sd2025.log,0.4787593,0.4504254,0.567462,0.4656151,0.4315445,0.4522005,0.7031347,0.5389612,0.4337801
phase6_asx_individual_revin,ETTm1,96,192,2026,ok,0.5317696,0.38936734199523926,0.3921883702278137,7,96+672,0,28523022,logs/AsySpecX_phase6/phase6_asx_individual_revin_ETTm1_sl96_pl192_sd2026.log,0.4786007,0.4502068,0.5672832,0.4654182,0.4315048,0.451924,0.7028205,0.5387504,0.4336931
phase6_asx_individual_revin,ETTm1,96,336,2024,ok,0.6800549,0.41881513595581055,0.4106629192829132,7,96+672,0,28523007,logs/AsySpecX_phase6/phase6_asx_individual_revin_ETTm1_sl96_pl336_sd2024.log,0.5430551,0.5292657,0.6456454,0.5111936,0.4861206,0.616644,0.8790631,0.6732633,0.553531
phase6_asx_individual_revin,ETTm1,96,336,2025,ok,0.6794742,0.4187281131744385,0.4105066657066345,7,96+672,0,28523015,logs/AsySpecX_phase6/phase6_asx_individual_revin_ETTm1_sl96_pl336_sd2025.log,0.542949,0.5291459,0.6455249,0.5110157,0.4861144,0.616624,0.878948,0.6730679,0.5536851
phase6_asx_individual_revin,ETTm1,96,336,2026,ok,0.6800736,0.41874146461486816,0.4105094075202942,7,96+672,0,28523023,logs/AsySpecX_phase6/phase6_asx_individual_revin_ETTm1_sl96_pl336_sd2026.log,0.5428957,0.5290843,0.6454591,0.5110142,0.4860301,0.6164653,0.8787973,0.6730924,0.5535462
phase6_asx_individual_revin,ETTm1,96,720,2024,ok,0.9984124,0.48052841424942017,0.4426930546760559,7,96+672,0,28523008,logs/AsySpecX_phase6/phase6_asx_individual_revin_ETTm1_sl96_pl720_sd2024.log,0.6570191,0.6661873,0.74785,0.6265489,0.5874869,0.976159,1.2069768,1.0091878,0.8050319
phase6_asx_individual_revin,ETTm1,96,720,2025,ok,0.9983028,0.4805179238319397,0.44274207949638367,7,96+672,0,28523016,logs/AsySpecX_phase6/phase6_asx_individual_revin_ETTm1_sl96_pl720_sd2025.log,0.6570273,0.6662503,0.7477996,0.6265386,0.5875172,0.9761912,1.2067602,1.0091766,0.8049257
phase6_asx_individual_revin,ETTm1,96,720,2026,ok,0.9982411,0.48055729269981384,0.44272613525390625,7,96+672,0,28523024,logs/AsySpecX_phase6/phase6_asx_individual_revin_ETTm1_sl96_pl720_sd2026.log,0.6570367,0.6662552,0.7478356,0.626614,0.5874386,0.9761732,1.2068974,1.0092899,0.8048601
phase6_asx_individual_revin,ETTm1,96,96,2024,ok,0.4084053,0.3559545874595642,0.37943145632743835,7,96+672,0,28523005,logs/AsySpecX_phase6/phase6_asx_individual_revin_ETTm1_sl96_pl96_sd2024.log,0.4201819,0.394568,0.4910277,0.4084118,0.3867292,0.3435932,0.5520122,0.3933757,0.3458171
phase6_asx_individual_revin,ETTm1,96,96,2025,ok,0.4087053,0.35622772574424744,0.3795188367366791,7,96+672,0,28523013,logs/AsySpecX_phase6/phase6_asx_individual_revin_ETTm1_sl96_pl96_sd2025.log,0.4204569,0.3948846,0.4914026,0.4086284,0.3869211,0.3437235,0.5523926,0.3936244,0.3460891
phase6_asx_individual_revin,ETTm1,96,96,2026,ok,0.4092532,0.35662615299224854,0.38022512197494507,7,96+672,0,28523021,logs/AsySpecX_phase6/phase6_asx_individual_revin_ETTm1_sl96_pl96_sd2026.log,0.4209969,0.3955564,0.4918718,0.4090883,0.3874799,0.3444428,0.5529315,0.3938638,0.3465322
phase6_asx_individual_revin,PEMS04,96,12,2024,ok,0.1289732,0.12111615389585495,0.23257999122142792,49,24,0,28523101,logs/AsySpecX_phase6/phase6_asx_individual_revin_PEMS04_sl96_pl12_sd2024.log,0.2416613,0.2522403,0.2257716,0.2416906,0.2469489,0.1421705,0.1120146,0.1322434,0.1296793
phase6_asx_individual_revin,PEMS04,96,12,2025,ok,0.1290217,0.12111024558544159,0.2325386255979538,49,24,0,28523105,logs/AsySpecX_phase6/phase6_asx_individual_revin_PEMS04_sl96_pl12_sd2025.log,0.2416259,0.2522137,0.2257302,0.2416479,0.2469178,0.1421772,0.1120125,0.1322353,0.1296809
phase6_asx_individual_revin,PEMS04,96,12,2026,ok,0.1289142,0.12111319601535797,0.23250660300254822,49,24,0,28523109,logs/AsySpecX_phase6/phase6_asx_individual_revin_PEMS04_sl96_pl12_sd2026.log,0.2416006,0.2521974,0.2256988,0.2416252,0.2468871,0.1421866,0.1120099,0.1322436,0.1296896
phase6_asx_individual_revin,PEMS04,96,24,2024,ok,0.2454466,0.22561177611351013,0.32279449701309204,49,24,0,28523102,logs/AsySpecX_phase6/phase6_asx_individual_revin_PEMS04_sl96_pl24_sd2024.log,0.3375512,0.3586082,0.3074799,0.3365484,0.3475803,0.282549,0.1981324,0.2510095,0.2507709
phase6_asx_individual_revin,PEMS04,96,24,2025,ok,0.2454456,0.225587397813797,0.32274118065834045,49,24,0,28523106,logs/AsySpecX_phase6/phase6_asx_individual_revin_PEMS04_sl96_pl24_sd2025.log,0.337502,0.3585812,0.3074229,0.3365027,0.3475133,0.2825709,0.1980944,0.2510087,0.2507498
phase6_asx_individual_revin,PEMS04,96,24,2026,ok,0.245323,0.22556406259536743,0.3226306736469269,49,24,0,28523110,logs/AsySpecX_phase6/phase6_asx_individual_revin_PEMS04_sl96_pl24_sd2026.log,0.3373923,0.3584843,0.3072946,0.3364092,0.3473931,0.2825936,0.1980361,0.2510138,0.250731
phase6_asx_individual_revin,PEMS04,96,48,2024,ok,0.5535871,0.5058876276016235,0.5052105188369751,49,24,0,28523103,logs/AsySpecX_phase6/phase6_asx_individual_revin_PEMS04_sl96_pl48_sd2024.log,0.5300078,0.5664301,0.4768133,0.5239356,0.5528795,0.6388208,0.4386393,0.5496722,0.5879233
phase6_asx_individual_revin,PEMS04,96,48,2025,ok,0.5534277,0.5059152841567993,0.5052064657211304,49,24,0,28523107,logs/AsySpecX_phase6/phase6_asx_individual_revin_PEMS04_sl96_pl48_sd2025.log,0.529992,0.5664135,0.4767934,0.5239376,0.5528507,0.638873,0.438608,0.549719,0.587952
phase6_asx_individual_revin,PEMS04,96,48,2026,ok,0.5534174,0.5058473348617554,0.5052079558372498,49,24,0,28523111,logs/AsySpecX_phase6/phase6_asx_individual_revin_PEMS04_sl96_pl48_sd2026.log,0.5300082,0.566405,0.4768583,0.5239142,0.5528825,0.6386899,0.4387025,0.5495808,0.5878639
phase6_asx_individual_revin,PEMS04,96,96,2024,ok,1.1145729,1.0114482641220093,0.7601466774940491,49,24,0,28523104,logs/AsySpecX_phase6/phase6_asx_individual_revin_PEMS04_sl96_pl96_sd2024.log,0.8015975,0.8500816,0.7450001,0.793635,0.8176928,1.2476007,0.9640213,1.0936642,1.1544679
phase6_asx_individual_revin,PEMS04,96,96,2025,ok,1.1143093,1.0115901231765747,0.7602396607398987,49,24,0,28523108,logs/AsySpecX_phase6/phase6_asx_individual_revin_PEMS04_sl96_pl96_sd2025.log,0.8016685,0.8501329,0.7450885,0.7937506,0.8177213,1.2476503,0.9641953,1.0938393,1.1545192
phase6_asx_individual_revin,PEMS04,96,96,2026,ok,1.1144533,1.0115017890930176,0.7602093815803528,49,24,0,28523112,logs/AsySpecX_phase6/phase6_asx_individual_revin_PEMS04_sl96_pl96_sd2026.log,0.8016513,0.8501155,0.7450931,0.7937028,0.8177133,1.2475981,0.9641545,1.0937259,1.1544434
phase6_asx_individual_revin,PEMS08,96,12,2024,ok,0.1312212,0.11777158081531525,0.2272365540266037,49,24,0,28523113,logs/AsySpecX_phase6/phase6_asx_individual_revin_PEMS08_sl96_pl12_sd2024.log,0.2364856,0.2453491,0.2358887,0.2229676,0.2417371,0.1403518,0.1269,0.1189517,0.1386812
phase6_asx_individual_revin,PEMS08,96,12,2025,ok,0.1312185,0.11779150366783142,0.2273961901664734,49,24,0,28523117,logs/AsySpecX_phase6/phase6_asx_individual_revin_PEMS08_sl96_pl12_sd2025.log,0.2366021,0.2454399,0.2360063,0.2231423,0.2418197,0.1403318,0.1268865,0.1189803,0.1386754
phase6_asx_individual_revin,PEMS08,96,12,2026,ok,0.1312132,0.11776938289403915,0.22726958990097046,49,24,0,28523121,logs/AsySpecX_phase6/phase6_asx_individual_revin_PEMS08_sl96_pl12_sd2026.log,0.2365118,0.2453768,0.2359124,0.2230067,0.2417513,0.1403375,0.1268926,0.1189573,0.1386654
phase6_asx_individual_revin,PEMS08,96,24,2024,ok,0.2480431,0.2239391803741455,0.3192998766899109,49,24,0,28523114,logs/AsySpecX_phase6/phase6_asx_individual_revin_PEMS08_sl96_pl24_sd2024.log,0.3329532,0.345825,0.3308005,0.3096193,0.3455677,0.2639935,0.2358362,0.2215163,0.2708263
phase6_asx_individual_revin,PEMS08,96,24,2025,ok,0.2480229,0.22392520308494568,0.3192923665046692,49,24,0,28523118,logs/AsySpecX_phase6/phase6_asx_individual_revin_PEMS08_sl96_pl24_sd2025.log,0.3329587,0.3458158,0.3308329,0.3095843,0.3456016,0.2639427,0.2358676,0.2214993,0.2707823
phase6_asx_individual_revin,PEMS08,96,24,2026,ok,0.2479778,0.22391186654567719,0.3193894922733307,49,24,0,28523122,logs/AsySpecX_phase6/phase6_asx_individual_revin_PEMS08_sl96_pl24_sd2026.log,0.333036,0.3458315,0.330936,0.3096521,0.3457245,0.2638448,0.2358713,0.2214322,0.2707629
phase6_asx_individual_revin,PEMS08,96,48,2024,ok,0.5647166,0.52254718542099,0.5119176506996155,49,24,0,28523115,logs/AsySpecX_phase6/phase6_asx_individual_revin_PEMS08_sl96_pl48_sd2024.log,0.5283335,0.5453219,0.5266488,0.4870901,0.5542733,0.5867283,0.53938,0.5065116,0.626247
phase6_asx_individual_revin,PEMS08,96,48,2025,ok,0.5646222,0.522513747215271,0.512016773223877,49,24,0,28523119,logs/AsySpecX_phase6/phase6_asx_individual_revin_PEMS08_sl96_pl48_sd2025.log,0.5284038,0.5453589,0.5267215,0.4871816,0.554353,0.5865873,0.5393277,0.5064468,0.6261272
phase6_asx_individual_revin,PEMS08,96,48,2026,ok,0.5646247,0.5225479602813721,0.5121106505393982,49,24,0,28523123,logs/AsySpecX_phase6/phase6_asx_individual_revin_PEMS08_sl96_pl48_sd2026.log,0.5284749,0.545397,0.5268071,0.487255,0.5544407,0.5864782,0.5393754,0.5065114,0.6261336
phase6_asx_individual_revin,PEMS08,96,96,2024,ok,1.1569848,1.1123934984207153,0.7805195450782776,49,24,0,28523116,logs/AsySpecX_phase6/phase6_asx_individual_revin_PEMS08_sl96_pl96_sd2024.log,0.7918054,0.802877,0.804288,0.7325352,0.8275213,1.1272529,1.1642969,1.052169,1.2842208
phase6_asx_individual_revin,PEMS08,96,96,2025,ok,1.1570764,1.1124608516693115,0.7805442214012146,49,24,0,28523120,logs/AsySpecX_phase6/phase6_asx_individual_revin_PEMS08_sl96_pl96_sd2025.log,0.791841,0.802889,0.8043194,0.7325657,0.8275899,1.1272734,1.1643965,1.0522616,1.2843741
phase6_asx_individual_revin,PEMS08,96,96,2026,ok,1.1570306,1.112435221672058,0.7805800437927246,49,24,0,28523124,logs/AsySpecX_phase6/phase6_asx_individual_revin_PEMS08_sl96_pl96_sd2026.log,0.7918766,0.8029368,0.8043594,0.7325839,0.8276262,1.1273195,1.1643269,1.0521702,1.2843064
phase6_asx_individual_revin,electricity,720,192,2024,ok,0.1325283,0.15913665294647217,0.25788992643356323,181,24+168,0,28523058,logs/AsySpecX_phase6/phase6_asx_individual_revin_electricity_sl720_pl192_sd2024.log,0.2313564,0.2170572,0.2214603,0.2411757,0.245756,0.1283592,0.1220013,0.1422791,0.1375915
phase6_asx_individual_revin,electricity,720,192,2025,ok,0.1325027,0.15913762152194977,0.25789761543273926,181,24+168,0,28523066,logs/AsySpecX_phase6/phase6_asx_individual_revin_electricity_sl720_pl192_sd2025.log,0.2313683,0.2170748,0.2214869,0.2411689,0.2457661,0.1283636,0.1220381,0.1422463,0.1375829
phase6_asx_individual_revin,electricity,720,192,2026,ok,0.1324958,0.15917691588401794,0.2579599916934967,181,24+168,0,28523074,logs/AsySpecX_phase6/phase6_asx_individual_revin_electricity_sl720_pl192_sd2026.log,0.2314048,0.2171145,0.2215206,0.241214,0.2457933,0.1283865,0.1220246,0.1422937,0.1375821
phase6_asx_individual_revin,electricity,720,336,2024,ok,0.1473847,0.17418140172958374,0.2728252112865448,181,24+168,0,28523059,logs/AsySpecX_phase6/phase6_asx_individual_revin_electricity_sl720_pl336_sd2024.log,0.2448914,0.2326267,0.2384143,0.2559416,0.2526043,0.147282,0.1387705,0.1572066,0.1469373
phase6_asx_individual_revin,electricity,720,336,2025,ok,0.1473365,0.17419418692588806,0.27284520864486694,181,24+168,0,28523067,logs/AsySpecX_phase6/phase6_asx_individual_revin_electricity_sl720_pl336_sd2025.log,0.2448992,0.2326269,0.2384378,0.2559546,0.2525989,0.1472641,0.1387773,0.1572268,0.1468989
phase6_asx_individual_revin,electricity,720,336,2026,ok,0.1473387,0.17418383061885834,0.27284887433052063,181,24+168,0,28523075,logs/AsySpecX_phase6/phase6_asx_individual_revin_electricity_sl720_pl336_sd2026.log,0.2449072,0.2326325,0.2384495,0.2559457,0.2526227,0.1472592,0.1387964,0.1572208,0.1469208
phase6_asx_individual_revin,electricity,720,720,2024,ok,0.1780798,0.20964941382408142,0.30240216851234436,181,24+168,0,28523060,logs/AsySpecX_phase6/phase6_asx_individual_revin_electricity_sl720_pl720_sd2024.log,0.2709669,0.2782023,0.2594261,0.2777462,0.2684778,0.2062615,0.1612089,0.1785117,0.1670847
phase6_asx_individual_revin,electricity,720,720,2025,ok,0.1781417,0.2096690833568573,0.30239805579185486,181,24+168,0,28523068,logs/AsySpecX_phase6/phase6_asx_individual_revin_electricity_sl720_pl720_sd2025.log,0.2709555,0.278225,0.2594111,0.2777289,0.2684419,0.2063436,0.1611906,0.1784843,0.1670461
phase6_asx_individual_revin,electricity,720,720,2026,ok,0.178107,0.20971278846263885,0.30239608883857727,181,24+168,0,28523076,logs/AsySpecX_phase6/phase6_asx_individual_revin_electricity_sl720_pl720_sd2026.log,0.270923,0.2781917,0.2593444,0.2777502,0.2683909,0.2063189,0.1611138,0.1785702,0.167009
phase6_asx_individual_revin,electricity,720,96,2024,ok,0.1197562,0.14266787469387054,0.24431486427783966,181,24+168,0,28523057,logs/AsySpecX_phase6/phase6_asx_individual_revin_electricity_sl720_pl96_sd2024.log,0.2197229,0.2089075,0.2087078,0.2261831,0.23511,0.1167866,0.1099357,0.1278291,0.124892
phase6_asx_individual_revin,electricity,720,96,2025,ok,0.1197632,0.14265957474708557,0.24431411921977997,181,24+168,0,28523065,logs/AsySpecX_phase6/phase6_asx_individual_revin_electricity_sl720_pl96_sd2025.log,0.2197416,0.2089393,0.2087187,0.2261929,0.2351324,0.1168308,0.1099511,0.1278344,0.1249102
phase6_asx_individual_revin,electricity,720,96,2026,ok,0.1197055,0.1426944136619568,0.24433553218841553,181,24+168,0,28523073,logs/AsySpecX_phase6/phase6_asx_individual_revin_electricity_sl720_pl96_sd2026.log,0.2197293,0.2088934,0.2087216,0.2261906,0.2351288,0.1167801,0.1099582,0.1278486,0.1249159
phase6_asx_individual_revin,electricity,96,192,2024,ok,0.1702659,0.19538696110248566,0.2819698452949524,25,24+168,0,28523054,logs/AsySpecX_phase6/phase6_asx_individual_revin_electricity_sl96_pl192_sd2024.log,0.2579224,0.2498492,0.2443778,0.2679741,0.2695017,0.1739007,0.1570873,0.1790694,0.1713228
phase6_asx_individual_revin,electricity,96,192,2025,ok,0.170263,0.19539564847946167,0.28202176094055176,25,24+168,0,28523062,logs/AsySpecX_phase6/phase6_asx_individual_revin_electricity_sl96_pl192_sd2025.log,0.2579631,0.2498673,0.2444264,0.2680208,0.2695513,0.1738616,0.1571315,0.1791066,0.1713907
phase6_asx_individual_revin,electricity,96,192,2026,ok,0.1701913,0.19540396332740784,0.28199827671051025,25,24+168,0,28523070,logs/AsySpecX_phase6/phase6_asx_individual_revin_electricity_sl96_pl192_sd2026.log,0.257922,0.2498416,0.2443647,0.2679848,0.26951,0.1738878,0.1571038,0.1790761,0.1713417
phase6_asx_individual_revin,electricity,96,336,2024,ok,0.1841795,0.20990709960460663,0.2960151731967926,25,24+168,0,28523055,logs/AsySpecX_phase6/phase6_asx_individual_revin_electricity_sl96_pl336_sd2024.log,0.2704602,0.261241,0.259447,0.2828107,0.2783581,0.1879438,0.1725232,0.1928802,0.1844959
phase6_asx_individual_revin,electricity,96,336,2025,ok,0.1842209,0.20985722541809082,0.2959672510623932,25,24+168,0,28523063,logs/AsySpecX_phase6/phase6_asx_individual_revin_electricity_sl96_pl336_sd2025.log,0.2704189,0.2611906,0.2594052,0.2827644,0.2783315,0.1879407,0.1725458,0.1928795,0.1845122
phase6_asx_individual_revin,electricity,96,336,2026,ok,0.1842279,0.2098674327135086,0.2959875762462616,25,24+168,0,28523071,logs/AsySpecX_phase6/phase6_asx_individual_revin_electricity_sl96_pl336_sd2026.log,0.2704294,0.2612014,0.2594134,0.2827725,0.2783465,0.187901,0.1724881,0.1928382,0.1844831
phase6_asx_individual_revin,electricity,96,720,2024,ok,0.2167097,0.2510940730571747,0.3281450569629669,25,24+168,0,28523056,logs/AsySpecX_phase6/phase6_asx_individual_revin_electricity_sl96_pl720_sd2024.log,0.2969882,0.3029061,0.2822366,0.3101695,0.2926283,0.2411515,0.2000758,0.2234266,0.2040723
phase6_asx_individual_revin,electricity,96,720,2025,ok,0.2165959,0.2506526708602905,0.3274992108345032,25,24+168,0,28523064,logs/AsySpecX_phase6/phase6_asx_individual_revin_electricity_sl96_pl720_sd2025.log,0.2964526,0.3024358,0.2817688,0.3096487,0.2919443,0.2412645,0.1999146,0.2231549,0.2036338
phase6_asx_individual_revin,electricity,96,720,2026,ok,0.2166955,0.2505936026573181,0.3274131715297699,25,24+168,0,28523072,logs/AsySpecX_phase6/phase6_asx_individual_revin_electricity_sl96_pl720_sd2026.log,0.296411,0.3024013,0.2817449,0.3096204,0.2918648,0.2413028,0.1999922,0.2231367,0.2036094
phase6_asx_individual_revin,electricity,96,96,2024,ok,0.172048,0.1953844577074051,0.2806274890899658,25,24+168,0,28523053,logs/AsySpecX_phase6/phase6_asx_individual_revin_electricity_sl96_pl96_sd2024.log,0.2578168,0.2577324,0.2459475,0.262046,0.2655415,0.18418,0.1616509,0.1775318,0.1648759
phase6_asx_individual_revin,electricity,96,96,2025,ok,0.1721264,0.19557145237922668,0.28093746304512024,25,24+168,0,28523061,logs/AsySpecX_phase6/phase6_asx_individual_revin_electricity_sl96_pl96_sd2025.log,0.2580963,0.2580274,0.2461898,0.262327,0.2658409,0.1843798,0.1617952,0.1777523,0.1650957
phase6_asx_individual_revin,electricity,96,96,2026,ok,0.171855,0.1955765038728714,0.2809227406978607,25,24+168,0,28523069,logs/AsySpecX_phase6/phase6_asx_individual_revin_electricity_sl96_pl96_sd2026.log,0.2580653,0.2579794,0.246167,0.2622943,0.2658205,0.1843903,0.1618465,0.1777391,0.1650978
phase6_asx_individual_revin,traffic,720,192,2024,ok,0.3480796,0.4259152114391327,0.3041899502277374,181,24+168,0,28523082,logs/AsySpecX_phase6/phase6_asx_individual_revin_traffic_sl720_pl192_sd2024.log,0.2603414,0.2619514,0.2466185,0.2766608,0.2561307,0.30048,0.2832031,0.4230188,0.3869902
phase6_asx_individual_revin,traffic,720,192,2025,ok,0.3479052,0.4258815348148346,0.30423495173454285,181,24+168,0,28523090,logs/AsySpecX_phase6/phase6_asx_individual_revin_traffic_sl720_pl192_sd2025.log,0.260368,0.2620113,0.2466331,0.2766806,0.2561428,0.3005024,0.2831948,0.4229144,0.3869653
phase6_asx_individual_revin,traffic,720,192,2026,ok,0.3475835,0.4259653091430664,0.304198294878006,181,24+168,0,28523098,logs/AsySpecX_phase6/phase6_asx_individual_revin_traffic_sl720_pl192_sd2026.log,0.2603313,0.2620046,0.246634,0.2766182,0.256064,0.3005084,0.2831624,0.4227285,0.3865694
phase6_asx_individual_revin,traffic,720,336,2024,ok,0.3593765,0.43840083479881287,0.30910566449165344,181,24+168,0,28523083,logs/AsySpecX_phase6/phase6_asx_individual_revin_traffic_sl720_pl336_sd2024.log,0.2618061,0.2592729,0.2546302,0.2754058,0.2579225,0.2925436,0.3073682,0.434915,0.4040197
phase6_asx_individual_revin,traffic,720,336,2025,ok,0.3592387,0.43861526250839233,0.30906763672828674,181,24+168,0,28523091,logs/AsySpecX_phase6/phase6_asx_individual_revin_traffic_sl720_pl336_sd2025.log,0.2617407,0.2591899,0.2546265,0.2753467,0.257807,0.2925763,0.3075466,0.4344667,0.4035071
phase6_asx_individual_revin,traffic,720,336,2026,ok,0.3593206,0.43841254711151123,0.30907362699508667,181,24+168,0,28523099,logs/AsySpecX_phase6/phase6_asx_individual_revin_traffic_sl720_pl336_sd2026.log,0.2617708,0.2592343,0.254607,0.2753616,0.2578876,0.2924889,0.3073565,0.4348072,0.4040716
phase6_asx_individual_revin,traffic,720,720,2024,ok,0.4082479,0.4769399166107178,0.32852432131767273,181,24+168,0,28523084,logs/AsySpecX_phase6/phase6_asx_individual_revin_traffic_sl720_pl720_sd2024.log,0.2734041,0.2665337,0.2740153,0.2739997,0.2790945,0.3083223,0.3673467,0.460344,0.5009065
phase6_asx_individual_revin,traffic,720,720,2025,ok,0.4087506,0.47702446579933167,0.3286820352077484,181,24+168,0,28523092,logs/AsySpecX_phase6/phase6_asx_individual_revin_traffic_sl720_pl720_sd2025.log,0.2735522,0.2667368,0.2740656,0.2740788,0.279354,0.3084117,0.3672391,0.4602874,0.5011638
phase6_asx_individual_revin,traffic,720,720,2026,ok,0.4084436,0.4768962562084198,0.3285239040851593,181,24+168,0,28523100,logs/AsySpecX_phase6/phase6_asx_individual_revin_traffic_sl720_pl720_sd2026.log,0.2734168,0.2665915,0.273965,0.2740372,0.2790998,0.3084067,0.3671287,0.4602889,0.5006748
phase6_asx_individual_revin,traffic,720,96,2024,ok,0.3468294,0.4161425828933716,0.30149269104003906,181,24+168,0,28523081,logs/AsySpecX_phase6/phase6_asx_individual_revin_traffic_sl720_pl96_sd2024.log,0.2629884,0.2729779,0.2414975,0.2790728,0.2583812,0.3236206,0.2703311,0.4172747,0.3794669
phase6_asx_individual_revin,traffic,720,96,2025,ok,0.3471354,0.4162847101688385,0.30161628127098083,181,24+168,0,28523089,logs/AsySpecX_phase6/phase6_asx_individual_revin_traffic_sl720_pl96_sd2025.log,0.2631306,0.2731352,0.2416466,0.2792058,0.2585107,0.3238977,0.2704764,0.4173473,0.3795606
phase6_asx_individual_revin,traffic,720,96,2026,ok,0.3466006,0.41631534695625305,0.30164170265197754,181,24+168,0,28523097,logs/AsySpecX_phase6/phase6_asx_individual_revin_traffic_sl720_pl96_sd2026.log,0.263111,0.2730875,0.2416563,0.2791691,0.2585071,0.3236997,0.2704479,0.417184,0.3794917
phase6_asx_individual_revin,traffic,96,192,2024,ok,0.4920321,0.6079131960868835,0.37653884291648865,25,24+168,0,28523078,logs/AsySpecX_phase6/phase6_asx_individual_revin_traffic_sl96_pl192_sd2024.log,0.3365771,0.3458313,0.3129448,0.3505535,0.336955,0.4539104,0.4001564,0.560161,0.5585561
phase6_asx_individual_revin,traffic,96,192,2025,ok,0.4925736,0.6084168553352356,0.37663838267326355,25,24+168,0,28523086,logs/AsySpecX_phase6/phase6_asx_individual_revin_traffic_sl96_pl192_sd2025.log,0.3366895,0.3460097,0.3130958,0.3506734,0.3369551,0.453984,0.4002044,0.5599487,0.5585193
phase6_asx_individual_revin,traffic,96,192,2026,ok,0.4924045,0.6087328791618347,0.3778672516345978,25,24+168,0,28523094,logs/AsySpecX_phase6/phase6_asx_individual_revin_traffic_sl96_pl192_sd2026.log,0.3380051,0.3473356,0.3144516,0.3519747,0.3382348,0.4546252,0.4007944,0.5604768,0.5589652
phase6_asx_individual_revin,traffic,96,336,2024,ok,0.4924638,0.6150628328323364,0.37924158573150635,25,24+168,0,28523079,logs/AsySpecX_phase6/phase6_asx_individual_revin_traffic_sl96_pl336_sd2024.log,0.3352436,0.3400333,0.3227811,0.3494745,0.3286718,0.4398039,0.4291708,0.5578181,0.5441774
phase6_asx_individual_revin,traffic,96,336,2025,ok,0.4921595,0.6143530607223511,0.37912988662719727,25,24+168,0,28523087,logs/AsySpecX_phase6/phase6_asx_individual_revin_traffic_sl96_pl336_sd2025.log,0.3350682,0.3397984,0.3226816,0.3493095,0.3284699,0.4397074,0.4292318,0.5576172,0.5443483
phase6_asx_individual_revin,traffic,96,336,2026,ok,0.4924165,0.6150827407836914,0.3799472451210022,25,24+168,0,28523095,logs/AsySpecX_phase6/phase6_asx_individual_revin_traffic_sl96_pl336_sd2026.log,0.3359177,0.3407511,0.3234519,0.3501163,0.3293377,0.440312,0.42929,0.558037,0.543821
phase6_asx_individual_revin,traffic,96,720,2024,ok,0.5458861,0.6545697450637817,0.400900274515152,25,24+168,0,28523080,logs/AsySpecX_phase6/phase6_asx_individual_revin_traffic_sl96_pl720_sd2024.log,0.356163,0.3622141,0.3413203,0.3442853,0.376809,0.4741654,0.483795,0.5724685,0.6540585
phase6_asx_individual_revin,traffic,96,720,2025,ok,0.5452576,0.6546564102172852,0.4002622663974762,25,24+168,0,28523088,logs/AsySpecX_phase6/phase6_asx_individual_revin_traffic_sl96_pl720_sd2025.log,0.355568,0.3615362,0.3408583,0.3438067,0.3760476,0.4739857,0.4834756,0.5720072,0.6526155
phase6_asx_individual_revin,traffic,96,720,2026,ok,0.5458587,0.6548251509666443,0.40109479427337646,25,24+168,0,28523096,logs/AsySpecX_phase6/phase6_asx_individual_revin_traffic_sl96_pl720_sd2026.log,0.3564653,0.362417,0.3416111,0.3447131,0.3770968,0.4743944,0.4838838,0.5729282,0.653647
phase6_asx_individual_revin,traffic,96,96,2024,ok,0.5450021,0.6570315957069397,0.4002175033092499,25,24+168,0,28523077,logs/AsySpecX_phase6/phase6_asx_individual_revin_traffic_sl96_pl96_sd2024.log,0.3675106,0.38205,0.339298,0.3825635,0.3660958,0.5128635,0.4416012,0.6128243,0.6163381
phase6_asx_individual_revin,traffic,96,96,2025,ok,0.5450166,0.6574430465698242,0.400051474571228,25,24+168,0,28523085,logs/AsySpecX_phase6/phase6_asx_individual_revin_traffic_sl96_pl96_sd2025.log,0.3674361,0.3819866,0.3391539,0.3825428,0.3660264,0.5128847,0.4415205,0.6133751,0.6166025
phase6_asx_individual_revin,traffic,96,96,2026,ok,0.5458925,0.6581090092658997,0.4002450108528137,25,24+168,0,28523093,logs/AsySpecX_phase6/phase6_asx_individual_revin_traffic_sl96_pl96_sd2026.log,0.3675698,0.3820052,0.339324,0.3826306,0.3662847,0.5128177,0.4415621,0.6144818,0.6185519
phase6_asx_individual_revin,weather,720,192,2024,ok,0.4376875,0.190342977643013,0.2405116856098175,31,144,0,28523034,logs/AsySpecX_phase6/phase6_asx_individual_revin_weather_sl720_pl192_sd2024.log,0.3148599,0.2777312,0.3713719,0.2981585,0.3121758,0.2037533,0.8338279,0.2800121,0.4384723
phase6_asx_individual_revin,weather,720,192,2025,ok,0.4377343,0.19010286033153534,0.24022993445396423,31,144,0,28523042,logs/AsySpecX_phase6/phase6_asx_individual_revin_weather_sl720_pl192_sd2025.log,0.3146161,0.2774087,0.3711227,0.2979267,0.312004,0.2032984,0.8332707,0.2798796,0.4385955
phase6_asx_individual_revin,weather,720,192,2026,ok,0.4378967,0.1901623159646988,0.24026477336883545,31,144,0,28523050,logs/AsySpecX_phase6/phase6_asx_individual_revin_weather_sl720_pl192_sd2026.log,0.3147418,0.2777143,0.3711546,0.2979943,0.3121018,0.2036217,0.8333378,0.2799423,0.4383839
phase6_asx_individual_revin,weather,720,336,2024,ok,0.5017782,0.23994186520576477,0.27907946705818176,31,144,0,28523035,logs/AsySpecX_phase6/phase6_asx_individual_revin_weather_sl720_pl336_sd2024.log,0.3572129,0.3370404,0.4149423,0.3287905,0.3480709,0.2724858,0.9223942,0.3104318,0.5044537
phase6_asx_individual_revin,weather,720,336,2025,ok,0.5021906,0.2400941401720047,0.2791818380355835,31,144,0,28523043,logs/AsySpecX_phase6/phase6_asx_individual_revin_weather_sl720_pl336_sd2025.log,0.3572981,0.3370706,0.4150187,0.3289453,0.3481503,0.2728064,0.9225515,0.3107133,0.5044593
phase6_asx_individual_revin,weather,720,336,2026,ok,0.5023637,0.24001339077949524,0.27911177277565,31,144,0,28523051,logs/AsySpecX_phase6/phase6_asx_individual_revin_weather_sl720_pl336_sd2026.log,0.357277,0.3370022,0.4150214,0.3290231,0.3480539,0.2725684,0.9226125,0.310887,0.5043729
phase6_asx_individual_revin,weather,720,720,2024,ok,0.5969155,0.31018927693367004,0.32903873920440674,31,144,0,28523036,logs/AsySpecX_phase6/phase6_asx_individual_revin_weather_sl720_pl720_sd2024.log,0.4100291,0.4065015,0.4659711,0.3584377,0.4092054,0.4725627,0.965633,0.3530561,0.5978304
phase6_asx_individual_revin,weather,720,720,2025,ok,0.5969077,0.31012001633644104,0.3289876878261566,31,144,0,28523044,logs/AsySpecX_phase6/phase6_asx_individual_revin_weather_sl720_pl720_sd2025.log,0.4099295,0.4062568,0.4659259,0.3583534,0.4091813,0.4722999,0.9655259,0.3529184,0.5978433
phase6_asx_individual_revin,weather,720,720,2026,ok,0.5967126,0.3100194036960602,0.3288920223712921,31,144,0,28523052,logs/AsySpecX_phase6/phase6_asx_individual_revin_weather_sl720_pl720_sd2026.log,0.4097315,0.4061067,0.4656208,0.3584396,0.4087581,0.4722542,0.9654089,0.3532465,0.5974121
phase6_asx_individual_revin,weather,720,96,2024,ok,0.3813918,0.14773397147655487,0.20042157173156738,31,144,0,28523033,logs/AsySpecX_phase6/phase6_asx_individual_revin_weather_sl720_pl96_sd2024.log,0.2762828,0.2283556,0.3371598,0.260773,0.2788447,0.1504942,0.7742758,0.2374368,0.3732339
phase6_asx_individual_revin,weather,720,96,2025,ok,0.3816749,0.14806611835956573,0.20093192160129547,31,144,0,28523041,logs/AsySpecX_phase6/phase6_asx_individual_revin_weather_sl720_pl96_sd2025.log,0.2768492,0.2295161,0.3376853,0.2614185,0.2787783,0.150894,0.7740683,0.237738,0.3729953
phase6_asx_individual_revin,weather,720,96,2026,ok,0.3813596,0.14775338768959045,0.20051971077919006,31,144,0,28523049,logs/AsySpecX_phase6/phase6_asx_individual_revin_weather_sl720_pl96_sd2026.log,0.2763834,0.2284456,0.3373297,0.2610816,0.2786784,0.150483,0.7740669,0.2374687,0.3727845
phase6_asx_individual_revin,weather,96,192,2024,ok,0.5280178,0.23165634274482727,0.27414053678512573,2,144,0,28523030,logs/AsySpecX_phase6/phase6_asx_individual_revin_weather_sl96_pl192_sd2024.log,0.365034,0.3779225,0.4070428,0.3477305,0.3274104,0.3310441,0.9080244,0.350637,0.5297686
phase6_asx_individual_revin,weather,96,192,2025,ok,0.5286367,0.23158229887485504,0.2742977440357208,2,144,0,28523038,logs/AsySpecX_phase6/phase6_asx_individual_revin_weather_sl96_pl192_sd2025.log,0.3655337,0.3790816,0.4075866,0.3480997,0.3273368,0.3318259,0.9087784,0.3506598,0.5280756
phase6_asx_individual_revin,weather,96,192,2026,ok,0.5282766,0.23240429162979126,0.2748643457889557,2,144,0,28523046,logs/AsySpecX_phase6/phase6_asx_individual_revin_weather_sl96_pl192_sd2026.log,0.3652975,0.3776775,0.407602,0.3483974,0.3274833,0.3293346,0.9086057,0.3514003,0.5291181
phase6_asx_individual_revin,weather,96,336,2024,ok,0.6058378,0.28307709097862244,0.3083686828613281,2,144,0,28523031,logs/AsySpecX_phase6/phase6_asx_individual_revin_weather_sl96_pl336_sd2024.log,0.4111126,0.4366152,0.4513361,0.3701837,0.3862951,0.4171373,0.996814,0.3702253,0.640533
phase6_asx_individual_revin,weather,96,336,2025,ok,0.6052488,0.28311991691589355,0.3085204064846039,2,144,0,28523039,logs/AsySpecX_phase6/phase6_asx_individual_revin_weather_sl96_pl336_sd2025.log,0.4114153,0.4371516,0.4517012,0.3704984,0.3862899,0.4164477,0.9967368,0.3705808,0.640227
phase6_asx_individual_revin,weather,96,336,2026,ok,0.6053928,0.28375622630119324,0.3089332580566406,2,144,0,28523047,logs/AsySpecX_phase6/phase6_asx_individual_revin_weather_sl96_pl336_sd2026.log,0.4116797,0.4372561,0.4520365,0.37098,0.3864259,0.4162625,0.9974784,0.3711445,0.6405643
phase6_asx_individual_revin,weather,96,720,2024,ok,0.7241827,0.3566458225250244,0.3536166250705719,2,144,0,28523032,logs/AsySpecX_phase6/phase6_asx_individual_revin_weather_sl96_pl720_sd2024.log,0.4842449,0.5443456,0.5405397,0.41839,0.4336597,0.6886179,1.0918595,0.4512691,0.6667026
phase6_asx_individual_revin,weather,96,720,2025,ok,0.7239635,0.35652434825897217,0.35357344150543213,2,144,0,28523040,logs/AsySpecX_phase6/phase6_asx_individual_revin_weather_sl96_pl720_sd2025.log,0.484093,0.5440677,0.5405704,0.4181218,0.4335676,0.6880937,1.0918119,0.4509952,0.6666387
phase6_asx_individual_revin,weather,96,720,2026,ok,0.7240584,0.3569287955760956,0.3538047969341278,2,144,0,28523048,logs/AsySpecX_phase6/phase6_asx_individual_revin_weather_sl96_pl720_sd2026.log,0.4842179,0.5440955,0.5406568,0.41835,0.4337251,0.688003,1.0919503,0.4515051,0.6668436
phase6_asx_individual_revin,weather,96,96,2024,ok,0.4590514,0.18766464293003082,0.23957911133766174,2,144,0,28523029,logs/AsySpecX_phase6/phase6_asx_individual_revin_weather_sl96_pl96_sd2024.log,0.3264135,0.3341822,0.3812733,0.3175826,0.2725744,0.268411,0.8617243,0.310433,0.409128
phase6_asx_individual_revin,weather,96,96,2025,ok,0.4590355,0.18737560510635376,0.23962171375751495,2,144,0,28523037,logs/AsySpecX_phase6/phase6_asx_individual_revin_weather_sl96_pl96_sd2025.log,0.3267278,0.335537,0.3809381,0.3176843,0.2727101,0.2702442,0.8602841,0.3099977,0.4086832
phase6_asx_individual_revin,weather,96,96,2026,ok,0.4591661,0.18746379017829895,0.23956730961799622,2,144,0,28523045,logs/AsySpecX_phase6/phase6_asx_individual_revin_weather_sl96_pl96_sd2026.log,0.326382,0.3346064,0.3804112,0.3176257,0.2728435,0.2687978,0.8604077,0.310028,0.4086695
phase6_asx_period_multi,ETTh1,720,192,2024,ok,0.9473596,0.41700413823127747,0.4252460300922394,181,24+168,0,28523130,logs/AsySpecX_phase6/phase6_asx_period_multi_ETTh1_sl720_pl192_sd2024.log,0.6656374,0.6962599,0.7357576,0.6107424,0.6197442,1.0769761,1.0848672,0.8362174,0.792268
phase6_asx_period_multi,ETTh1,720,192,2025,ok,0.9575244,0.4158362150192261,0.42592865228652954,181,24+168,0,28523138,logs/AsySpecX_phase6/phase6_asx_period_multi_ETTh1_sl720_pl192_sd2025.log,0.6710654,0.696505,0.7377365,0.6163174,0.6336649,1.0751464,1.0811875,0.8600431,0.8150165
phase6_asx_period_multi,ETTh1,720,192,2026,ok,0.9653307,0.4171336591243744,0.42542561888694763,181,24+168,0,28523146,logs/AsySpecX_phase6/phase6_asx_period_multi_ETTh1_sl720_pl192_sd2026.log,0.6742687,0.7010002,0.7526911,0.6165318,0.6268119,1.0853418,1.1285969,0.8443959,0.8034012
phase6_asx_period_multi,ETTh1,720,336,2024,ok,1.154819,0.44045430421829224,0.43970951437950134,181,24+168,0,28523131,logs/AsySpecX_phase6/phase6_asx_period_multi_ETTh1_sl720_pl336_sd2024.log,0.7434093,0.7988865,0.7925591,0.6880253,0.6940791,1.4243184,1.2523755,0.9713375,0.9708417
phase6_asx_period_multi,ETTh1,720,336,2025,ok,1.1549489,0.44358202815055847,0.4409412741661072,181,24+168,0,28523139,logs/AsySpecX_phase6/phase6_asx_period_multi_ETTh1_sl720_pl336_sd2025.log,0.7432018,0.795626,0.7917876,0.6823811,0.7029301,1.408578,1.2506129,0.9688048,0.9946429
phase6_asx_period_multi,ETTh1,720,336,2026,ok,1.1587514,0.4427095055580139,0.4422396719455719,181,24+168,0,28523147,logs/AsySpecX_phase6/phase6_asx_period_multi_ETTh1_sl720_pl336_sd2026.log,0.7459037,0.8006293,0.7897059,0.6916032,0.7015902,1.4385263,1.2353567,0.9778364,0.9823196
phase6_asx_period_multi,ETTh1,720,720,2024,ok,1.393778,0.4426138401031494,0.45722728967666626,181,24+168,0,28523132,logs/AsySpecX_phase6/phase6_asx_period_multi_ETTh1_sl720_pl720_sd2024.log,0.8244396,0.9504855,0.8868981,0.8286973,0.631444,2.0286398,1.4927837,1.2185034,0.8368998
phase6_asx_period_multi,ETTh1,720,720,2025,ok,1.402168,0.45233967900276184,0.46328505873680115,181,24+168,0,28523140,logs/AsySpecX_phase6/phase6_asx_period_multi_ETTh1_sl720_pl720_sd2025.log,0.8296131,0.9336128,0.9190678,0.8119398,0.6536396,1.9517531,1.57152,1.2033217,0.8866117
phase6_asx_period_multi,ETTh1,720,720,2026,ok,1.3810887,0.451300710439682,0.46001988649368286,181,24+168,0,28523148,logs/AsySpecX_phase6/phase6_asx_period_multi_ETTh1_sl720_pl720_sd2026.log,0.8198115,0.9444647,0.8863457,0.8165556,0.6316488,2.0025527,1.4951117,1.2021344,0.8346609
phase6_asx_period_multi,ETTh1,720,96,2024,ok,0.7114791,0.38325685262680054,0.4072793424129486,181,24+168,0,28523129,logs/AsySpecX_phase6/phase6_asx_period_multi_ETTh1_sl720_pl96_sd2024.log,0.5824273,0.5953788,0.6678206,0.5258566,0.5406347,0.744674,0.8756837,0.6287503,0.6058635
phase6_asx_period_multi,ETTh1,720,96,2025,ok,0.7035502,0.3808837831020355,0.40564677119255066,181,24+168,0,28523137,logs/AsySpecX_phase6/phase6_asx_period_multi_ETTh1_sl720_pl96_sd2025.log,0.5739442,0.5778785,0.6609523,0.5231364,0.5338039,0.718155,0.8573319,0.6516072,0.5978909
phase6_asx_period_multi,ETTh1,720,96,2026,ok,0.7184898,0.3811551034450531,0.4061666429042816,181,24+168,0,28523145,logs/AsySpecX_phase6/phase6_asx_period_multi_ETTh1_sl720_pl96_sd2026.log,0.5831532,0.5950499,0.6738682,0.5289019,0.5347757,0.7494664,0.8995628,0.6381088,0.5978426
phase6_asx_period_multi,ETTh1,96,192,2024,ok,1.0071322,0.43809375166893005,0.4253491759300232,25,24+168,0,28523126,logs/AsySpecX_phase6/phase6_asx_period_multi_ETTh1_sl96_pl192_sd2024.log,0.65817,0.6790503,0.732869,0.6260054,0.5947247,1.0218099,1.1571885,1.0332756,0.8172961
phase6_asx_period_multi,ETTh1,96,192,2025,ok,1.0061318,0.4393575191497803,0.42708083987236023,25,24+168,0,28523134,logs/AsySpecX_phase6/phase6_asx_period_multi_ETTh1_sl96_pl192_sd2025.log,0.6590953,0.6790655,0.7326704,0.6269805,0.5976354,1.0208837,1.1555061,1.0334964,0.8177338
phase6_asx_period_multi,ETTh1,96,192,2026,ok,1.0067796,0.4364440143108368,0.4235135018825531,25,24+168,0,28523142,logs/AsySpecX_phase6/phase6_asx_period_multi_ETTh1_sl96_pl192_sd2026.log,0.6575439,0.6793818,0.7326335,0.6254103,0.5927178,1.0227629,1.158232,1.0333976,0.8165208
phase6_asx_period_multi,ETTh1,96,336,2024,ok,1.2838614,0.47760966420173645,0.4427899718284607,25,24+168,0,28523127,logs/AsySpecX_phase6/phase6_asx_period_multi_ETTh1_sl96_pl336_sd2024.log,0.7565196,0.7996283,0.7965761,0.7393064,0.6904997,1.4210814,1.385414,1.2908765,1.0570982
phase6_asx_period_multi,ETTh1,96,336,2025,ok,1.2883596,0.4802539050579071,0.4440461993217468,25,24+168,0,28523135,logs/AsySpecX_phase6/phase6_asx_period_multi_ETTh1_sl96_pl336_sd2025.log,0.7580145,0.8003674,0.7972986,0.74202,0.6923051,1.4217718,1.3882133,1.2976644,1.0615206
phase6_asx_period_multi,ETTh1,96,336,2026,ok,1.2922144,0.4775089621543884,0.443342924118042,25,24+168,0,28523143,logs/AsySpecX_phase6/phase6_asx_period_multi_ETTh1_sl96_pl336_sd2026.log,0.7596083,0.8007452,0.8002385,0.7447491,0.6926357,1.4234304,1.3955811,1.3025208,1.0634035
phase6_asx_period_multi,ETTh1,96,720,2024,ok,1.5629228,0.4675728976726532,0.4541987180709839,25,24+168,0,28523128,logs/AsySpecX_phase6/phase6_asx_period_multi_ETTh1_sl96_pl720_sd2024.log,0.8521382,0.9576384,0.9248127,0.8805065,0.6454,2.0415409,1.7591639,1.5452921,0.927542
phase6_asx_period_multi,ETTh1,96,720,2025,ok,1.5623,0.46773722767829895,0.4542292058467865,25,24+168,0,28523136,logs/AsySpecX_phase6/phase6_asx_period_multi_ETTh1_sl96_pl720_sd2025.log,0.8506737,0.9574344,0.9227197,0.8793828,0.64296,2.0401802,1.7544149,1.5445459,0.9226932
phase6_asx_period_multi,ETTh1,96,720,2026,ok,1.5646895,0.4673846662044525,0.4564030170440674,25,24+168,0,28523144,logs/AsySpecX_phase6/phase6_asx_period_multi_ETTh1_sl96_pl720_sd2026.log,0.8531111,0.9618741,0.9244551,0.8806781,0.645236,2.0485058,1.763119,1.5497204,0.9276532
phase6_asx_period_multi,ETTh1,96,96,2024,ok,0.7058165,0.388675719499588,0.39824652671813965,25,24+168,0,28523125,logs/AsySpecX_phase6/phase6_asx_period_multi_ETTh1_sl96_pl96_sd2024.log,0.555782,0.5597016,0.6429287,0.5232315,0.4972604,0.6760934,0.8609818,0.7218902,0.5836572
phase6_asx_period_multi,ETTh1,96,96,2025,ok,0.7069566,0.3899244964122772,0.3981391489505768,25,24+168,0,28523133,logs/AsySpecX_phase6/phase6_asx_period_multi_ETTh1_sl96_pl96_sd2025.log,0.5541956,0.5557827,0.6400049,0.5249414,0.4960512,0.6703979,0.8581727,0.7284186,0.5804557
phase6_asx_period_multi,ETTh1,96,96,2026,ok,0.7087312,0.3908942937850952,0.39957505464553833,25,24+168,0,28523141,logs/AsySpecX_phase6/phase6_asx_period_multi_ETTh1_sl96_pl96_sd2026.log,0.554979,0.5573056,0.6414417,0.5247225,0.4964427,0.6726938,0.8606197,0.7300397,0.5811219
phase6_asx_period_multi,ETTm1,720,192,2024,ok,0.5176969,0.3469148576259613,0.3792218863964081,43,96+672,0,28523154,logs/AsySpecX_phase6/phase6_asx_period_multi_ETTm1_sl720_pl192_sd2024.log,0.479456,0.4560569,0.5612447,0.4683262,0.4322046,0.4480528,0.6489652,0.5536038,0.4201011
phase6_asx_period_multi,ETTm1,720,192,2025,ok,0.5127084,0.3479148745536804,0.37736666202545166,43,96+672,0,28523162,logs/AsySpecX_phase6/phase6_asx_period_multi_ETTm1_sl720_pl192_sd2025.log,0.4734771,0.4484124,0.5543267,0.4670289,0.4241495,0.4338945,0.6393387,0.5682478,0.4095106
phase6_asx_period_multi,ETTm1,720,192,2026,ok,0.5122812,0.3450865149497986,0.37630945444107056,43,96+672,0,28523170,logs/AsySpecX_phase6/phase6_asx_period_multi_ETTm1_sl720_pl192_sd2026.log,0.4747079,0.4486567,0.5576648,0.4677053,0.4248137,0.4373624,0.6379265,0.5632613,0.4106402
phase6_asx_period_multi,ETTm1,720,336,2024,ok,0.6498483,0.3752492070198059,0.3947470188140869,43,96+672,0,28523155,logs/AsySpecX_phase6/phase6_asx_period_multi_ETTm1_sl720_pl336_sd2024.log,0.5322595,0.5256974,0.6156257,0.5176144,0.4701031,0.5983216,0.77733,0.7257009,0.5023866
phase6_asx_period_multi,ETTm1,720,336,2025,ok,0.6601208,0.3771057426929474,0.3954916298389435,43,96+672,0,28523163,logs/AsySpecX_phase6/phase6_asx_period_multi_ETTm1_sl720_pl336_sd2025.log,0.5364766,0.5275886,0.6250584,0.5177352,0.4755275,0.606194,0.8018606,0.7238679,0.5096815
phase6_asx_period_multi,ETTm1,720,336,2026,ok,0.6685213,0.37765562534332275,0.3965723216533661,43,96+672,0,28523171,logs/AsySpecX_phase6/phase6_asx_period_multi_ETTm1_sl720_pl336_sd2026.log,0.5432298,0.5316815,0.6299385,0.5349155,0.4763878,0.6065588,0.8063894,0.7521571,0.5090076
phase6_asx_period_multi,ETTm1,720,720,2024,ok,0.9391149,0.4237575829029083,0.42035621404647827,43,96+672,0,28523156,logs/AsySpecX_phase6/phase6_asx_period_multi_ETTm1_sl720_pl720_sd2024.log,0.6415477,0.662644,0.717183,0.6152368,0.5711196,0.9798959,1.0735149,0.9821284,0.7218951
phase6_asx_period_multi,ETTm1,720,720,2025,ok,0.9337741,0.4234873056411743,0.42077019810676575,43,96+672,0,28523164,logs/AsySpecX_phase6/phase6_asx_period_multi_ETTm1_sl720_pl720_sd2025.log,0.6404065,0.6600994,0.7158483,0.6117981,0.5738732,0.9747704,1.0522261,0.9907338,0.7197757
phase6_asx_period_multi,ETTm1,720,720,2026,ok,0.9372288,0.421887069940567,0.4180968105792999,43,96+672,0,28523172,logs/AsySpecX_phase6/phase6_asx_period_multi_ETTm1_sl720_pl720_sd2026.log,0.6403088,0.6600692,0.7148425,0.6150167,0.5712993,0.9797496,1.0718374,0.9729132,0.7276713
phase6_asx_period_multi,ETTm1,720,96,2024,ok,0.4128653,0.31839507818222046,0.3603784441947937,43,96+672,0,28523153,logs/AsySpecX_phase6/phase6_asx_period_multi_ETTm1_sl720_pl96_sd2024.log,0.4271891,0.3963431,0.5050548,0.4233193,0.3840497,0.3447249,0.5359364,0.4330596,0.3388662
phase6_asx_period_multi,ETTm1,720,96,2025,ok,0.4021546,0.31546202301979065,0.36034658551216125,43,96+672,0,28523161,logs/AsySpecX_phase6/phase6_asx_period_multi_ETTm1_sl720_pl96_sd2025.log,0.4197434,0.393333,0.4958585,0.4158012,0.3739901,0.3373138,0.5218819,0.4236615,0.3265074
phase6_asx_period_multi,ETTm1,720,96,2026,ok,0.4192466,0.316715270280838,0.36044037342071533,43,96+672,0,28523169,logs/AsySpecX_phase6/phase6_asx_period_multi_ETTm1_sl720_pl96_sd2026.log,0.4306783,0.4041435,0.5069968,0.4195592,0.3920229,0.3536221,0.552072,0.423894,0.3479687
phase6_asx_period_multi,ETTm1,96,192,2024,ok,0.533704,0.39065423607826233,0.3966321647167206,7,96+672,0,28523150,logs/AsySpecX_phase6/phase6_asx_period_multi_ETTm1_sl96_pl192_sd2024.log,0.4814811,0.4575714,0.5695575,0.4661541,0.4326497,0.4577579,0.69954,0.5428086,0.435247
phase6_asx_period_multi,ETTm1,96,192,2025,ok,0.5310361,0.3891495168209076,0.39605748653411865,7,96+672,0,28523158,logs/AsySpecX_phase6/phase6_asx_period_multi_ETTm1_sl96_pl192_sd2025.log,0.4801842,0.454823,0.568614,0.4663525,0.430956,0.4509334,0.6985216,0.5425752,0.4325243
phase6_asx_period_multi,ETTm1,96,192,2026,ok,0.5361803,0.39147642254829407,0.3974342942237854,7,96+672,0,28523166,logs/AsySpecX_phase6/phase6_asx_period_multi_ETTm1_sl96_pl192_sd2026.log,0.4828131,0.4568444,0.5712206,0.4677398,0.4354567,0.4572071,0.706314,0.5448338,0.4375199
phase6_asx_period_multi,ETTm1,96,336,2024,ok,0.6781788,0.41894301772117615,0.41475409269332886,7,96+672,0,28523151,logs/AsySpecX_phase6/phase6_asx_period_multi_ETTm1_sl96_pl336_sd2024.log,0.5450673,0.5369204,0.6485048,0.5114465,0.4834003,0.620823,0.8720157,0.6763839,0.5461741
phase6_asx_period_multi,ETTm1,96,336,2025,ok,0.6773674,0.4164210557937622,0.4128454625606537,7,96+672,0,28523159,logs/AsySpecX_phase6/phase6_asx_period_multi_ETTm1_sl96_pl336_sd2025.log,0.5427117,0.5326803,0.644634,0.5117148,0.4818211,0.615773,0.8712406,0.681929,0.5466179
phase6_asx_period_multi,ETTm1,96,336,2026,ok,0.6786005,0.41757023334503174,0.4137783348560333,7,96+672,0,28523167,logs/AsySpecX_phase6/phase6_asx_period_multi_ETTm1_sl96_pl336_sd2026.log,0.5440777,0.5328997,0.6465161,0.5131301,0.4837689,0.6147692,0.8724155,0.6822684,0.5479674
phase6_asx_period_multi,ETTm1,96,720,2024,ok,0.9933359,0.48210981488227844,0.44715577363967896,7,96+672,0,28523152,logs/AsySpecX_phase6/phase6_asx_period_multi_ETTm1_sl96_pl720_sd2024.log,0.6577168,0.6723523,0.7464155,0.6279839,0.58411,0.9703043,1.1913754,1.0220188,0.7932757
phase6_asx_period_multi,ETTm1,96,720,2025,ok,0.9934209,0.4813210666179657,0.44624829292297363,7,96+672,0,28523160,logs/AsySpecX_phase6/phase6_asx_period_multi_ETTm1_sl96_pl720_sd2025.log,0.6581799,0.6723266,0.7471566,0.6289549,0.5842766,0.9697868,1.1935595,1.0215752,0.7925272
phase6_asx_period_multi,ETTm1,96,720,2026,ok,0.994961,0.48123836517333984,0.44608205556869507,7,96+672,0,28523168,logs/AsySpecX_phase6/phase6_asx_period_multi_ETTm1_sl96_pl720_sd2026.log,0.6582352,0.6715978,0.7463382,0.6299652,0.5850344,0.9699915,1.1934272,1.0247549,0.7962726
phase6_asx_period_multi,ETTm1,96,96,2024,ok,0.4125286,0.35982218384742737,0.38558468222618103,7,96+672,0,28523149,logs/AsySpecX_phase6/phase6_asx_period_multi_ETTm1_sl96_pl96_sd2024.log,0.4253627,0.4008367,0.4963402,0.4142267,0.3900559,0.349115,0.5541906,0.39897,0.3471333
phase6_asx_period_multi,ETTm1,96,96,2025,ok,0.4056102,0.34984663128852844,0.3770763576030731,7,96+672,0,28523157,logs/AsySpecX_phase6/phase6_asx_period_multi_ETTm1_sl96_pl96_sd2025.log,0.4187487,0.3959169,0.4876311,0.4077815,0.3836734,0.3437588,0.5413412,0.3962131,0.3428787
phase6_asx_period_multi,ETTm1,96,96,2026,ok,0.4092128,0.35463133454322815,0.3822242319583893,7,96+672,0,28523165,logs/AsySpecX_phase6/phase6_asx_period_multi_ETTm1_sl96_pl96_sd2026.log,0.4212429,0.3978778,0.4911267,0.4099636,0.3860115,0.3468944,0.5478382,0.3970896,0.3445081
phase6_asx_period_multi,PEMS04,96,12,2024,ok,0.0976009,0.0932047963142395,0.2045041173696518,49,24,0,28523245,logs/AsySpecX_phase6/phase6_asx_period_multi_PEMS04_sl96_pl12_sd2024.log,0.2115885,0.2192525,0.2014627,0.2084316,0.2172138,0.1050484,0.0890064,0.09775,0.0989079
phase6_asx_period_multi,PEMS04,96,12,2025,ok,0.0972628,0.09299702942371368,0.2043493539094925,49,24,0,28523249,logs/AsySpecX_phase6/phase6_asx_period_multi_PEMS04_sl96_pl12_sd2025.log,0.211156,0.2186413,0.2012982,0.2080115,0.2166793,0.1045102,0.0888035,0.0973476,0.0984595
phase6_asx_period_multi,PEMS04,96,12,2026,ok,0.0975917,0.09319835901260376,0.204523503780365,49,24,0,28523253,logs/AsySpecX_phase6/phase6_asx_period_multi_PEMS04_sl96_pl12_sd2026.log,0.2115732,0.2192966,0.2013473,0.2083187,0.2173369,0.1050867,0.0889799,0.0976406,0.0989796
phase6_asx_period_multi,PEMS04,96,24,2024,ok,0.1434283,0.13865689933300018,0.2558135986328125,49,24,0,28523246,logs/AsySpecX_phase6/phase6_asx_period_multi_PEMS04_sl96_pl24_sd2024.log,0.2624571,0.2738184,0.2482675,0.2576732,0.2700783,0.1577477,0.1274805,0.1430901,0.1458178
phase6_asx_period_multi,PEMS04,96,24,2025,ok,0.1435752,0.13858075439929962,0.25577595829963684,49,24,0,28523250,logs/AsySpecX_phase6/phase6_asx_period_multi_PEMS04_sl96_pl24_sd2025.log,0.2625756,0.2741216,0.2482913,0.257717,0.2701814,0.1579761,0.1274956,0.1431457,0.1459722
phase6_asx_period_multi,PEMS04,96,24,2026,ok,0.1437878,0.1389777809381485,0.25602856278419495,49,24,0,28523254,logs/AsySpecX_phase6/phase6_asx_period_multi_PEMS04_sl96_pl24_sd2026.log,0.2625315,0.2738266,0.2483998,0.2575477,0.2703612,0.1581206,0.1277418,0.1431731,0.1462524
phase6_asx_period_multi,PEMS04,96,48,2024,ok,0.2664762,0.2524956464767456,0.35510727763175964,49,24,0,28523247,logs/AsySpecX_phase6/phase6_asx_period_multi_PEMS04_sl96_pl48_sd2024.log,0.3659049,0.3868872,0.3390426,0.3592856,0.3784189,0.3018452,0.2217482,0.2646155,0.2777885
phase6_asx_period_multi,PEMS04,96,48,2025,ok,0.2542911,0.24852649867534637,0.35606756806373596,49,24,0,28523251,logs/AsySpecX_phase6/phase6_asx_period_multi_PEMS04_sl96_pl48_sd2025.log,0.3611667,0.3766367,0.3449825,0.3525569,0.3705021,0.2801187,0.2237312,0.2505237,0.2626012
phase6_asx_period_multi,PEMS04,96,48,2026,ok,0.2554663,0.24858057498931885,0.3563288152217865,49,24,0,28523255,logs/AsySpecX_phase6/phase6_asx_period_multi_PEMS04_sl96_pl48_sd2026.log,0.3624524,0.3801486,0.3456618,0.3536327,0.3703758,0.2838819,0.2252382,0.2508996,0.2623965
phase6_asx_period_multi,PEMS04,96,96,2024,ok,0.4054142,0.38105612993240356,0.45516225695610046,49,24,0,28523248,logs/AsySpecX_phase6/phase6_asx_period_multi_PEMS04_sl96_pl96_sd2024.log,0.4719533,0.4796605,0.4499913,0.4720449,0.4861335,0.4233053,0.3605775,0.4122017,0.4254469
phase6_asx_period_multi,PEMS04,96,96,2025,ok,0.3975203,0.3764578402042389,0.4536394774913788,49,24,0,28523252,logs/AsySpecX_phase6/phase6_asx_period_multi_PEMS04_sl96_pl96_sd2025.log,0.4697239,0.4727496,0.451093,0.4710539,0.4840165,0.4083404,0.3601792,0.403476,0.4184962
phase6_asx_period_multi,PEMS04,96,96,2026,ok,0.4125223,0.3869691491127014,0.4585348069667816,49,24,0,28523256,logs/AsySpecX_phase6/phase6_asx_period_multi_PEMS04_sl96_pl96_sd2026.log,0.4759437,0.482449,0.4557595,0.4752535,0.4903299,0.4298899,0.3691635,0.4166442,0.4344836
phase6_asx_period_multi,PEMS08,96,12,2024,ok,0.1007483,0.09138061851263046,0.1991003155708313,49,24,0,28523257,logs/AsySpecX_phase6/phase6_asx_period_multi_PEMS08_sl96_pl12_sd2024.log,0.2048781,0.2098512,0.2017616,0.1970413,0.2108582,0.1062793,0.0958835,0.0937531,0.1070771
phase6_asx_period_multi,PEMS08,96,12,2025,ok,0.101418,0.09192845970392227,0.1998089700937271,49,24,0,28523261,logs/AsySpecX_phase6/phase6_asx_period_multi_PEMS08_sl96_pl12_sd2025.log,0.2055662,0.2101591,0.2022293,0.1981176,0.2117587,0.1067272,0.0963852,0.0945701,0.1079893
phase6_asx_period_multi,PEMS08,96,12,2026,ok,0.1003397,0.09114204347133636,0.19906361401081085,49,24,0,28523265,logs/AsySpecX_phase6/phase6_asx_period_multi_PEMS08_sl96_pl12_sd2026.log,0.2047114,0.2097784,0.2015268,0.197104,0.2104364,0.1060583,0.0955811,0.0933878,0.1063317
phase6_asx_period_multi,PEMS08,96,24,2024,ok,0.1599329,0.14879661798477173,0.25756049156188965,49,24,0,28523258,logs/AsySpecX_phase6/phase6_asx_period_multi_PEMS08_sl96_pl24_sd2024.log,0.2601816,0.2629149,0.2507916,0.2536478,0.2733723,0.1597326,0.1471873,0.1513721,0.1814398
phase6_asx_period_multi,PEMS08,96,24,2025,ok,0.1606928,0.1494908630847931,0.2572852373123169,49,24,0,28523262,logs/AsySpecX_phase6/phase6_asx_period_multi_PEMS08_sl96_pl24_sd2025.log,0.2602953,0.2618865,0.2497018,0.2541243,0.2754687,0.1602862,0.147079,0.1518529,0.1835532
phase6_asx_period_multi,PEMS08,96,24,2026,ok,0.1620023,0.15045814216136932,0.25838956236839294,49,24,0,28523266,logs/AsySpecX_phase6/phase6_asx_period_multi_PEMS08_sl96_pl24_sd2026.log,0.2617889,0.2632017,0.2510796,0.2567034,0.2761708,0.1610124,0.1481717,0.1540941,0.1847309
phase6_asx_period_multi,PEMS08,96,48,2024,ok,0.2869812,0.29131969809532166,0.3804132342338562,49,24,0,28523259,logs/AsySpecX_phase6/phase6_asx_period_multi_PEMS08_sl96_pl48_sd2024.log,0.3651296,0.3597008,0.3512566,0.3600345,0.3895263,0.2631813,0.2616183,0.2863383,0.336787
phase6_asx_period_multi,PEMS08,96,48,2025,ok,0.285603,0.29100385308265686,0.3796611726284027,49,24,0,28523263,logs/AsySpecX_phase6/phase6_asx_period_multi_PEMS08_sl96_pl48_sd2025.log,0.3632684,0.356958,0.3522938,0.3568555,0.3869662,0.2600036,0.2638464,0.2830406,0.3355214
phase6_asx_period_multi,PEMS08,96,48,2026,ok,0.2863838,0.292147696018219,0.3798955976963043,49,24,0,28523267,logs/AsySpecX_phase6/phase6_asx_period_multi_PEMS08_sl96_pl48_sd2026.log,0.3635842,0.3596893,0.3491498,0.3552901,0.3902076,0.2631707,0.2612305,0.2805007,0.3406336
phase6_asx_period_multi,PEMS08,96,96,2024,ok,0.5477388,0.5604517459869385,0.5453453063964844,49,24,0,28523260,logs/AsySpecX_phase6/phase6_asx_period_multi_PEMS08_sl96_pl96_sd2024.log,0.518442,0.4944432,0.5036427,0.5283514,0.5473309,0.4449593,0.5062143,0.5761265,0.663655
phase6_asx_period_multi,PEMS08,96,96,2025,ok,0.5361211,0.5638309121131897,0.5472833514213562,49,24,0,28523264,logs/AsySpecX_phase6/phase6_asx_period_multi_PEMS08_sl96_pl96_sd2025.log,0.5101688,0.4909137,0.4967847,0.5178102,0.5351665,0.4399297,0.4967221,0.5599644,0.6478685
phase6_asx_period_multi,PEMS08,96,96,2026,ok,0.5417883,0.5590612888336182,0.5436733365058899,49,24,0,28523268,logs/AsySpecX_phase6/phase6_asx_period_multi_PEMS08_sl96_pl96_sd2026.log,0.5136536,0.4958051,0.5003735,0.5179042,0.5405315,0.4507363,0.503647,0.5601047,0.652665
phase6_asx_period_multi,electricity,720,192,2024,ok,0.1273319,0.1515727937221527,0.24858592450618744,181,24+168,0,28523202,logs/AsySpecX_phase6/phase6_asx_period_multi_electricity_sl720_pl192_sd2024.log,0.2223762,0.2085529,0.2114099,0.2330099,0.2365545,0.1242151,0.116251,0.1380195,0.1310461
phase6_asx_period_multi,electricity,720,192,2025,ok,0.1278046,0.1520444005727768,0.24930919706821442,181,24+168,0,28523210,logs/AsySpecX_phase6/phase6_asx_period_multi_electricity_sl720_pl192_sd2025.log,0.2231638,0.2092104,0.212527,0.2339388,0.237002,0.1245165,0.116993,0.1385378,0.1312989
phase6_asx_period_multi,electricity,720,192,2026,ok,0.1281182,0.15232089161872864,0.24984906613826752,181,24+168,0,28523218,logs/AsySpecX_phase6/phase6_asx_period_multi_electricity_sl720_pl192_sd2026.log,0.2237031,0.2098578,0.2132499,0.2344974,0.23723,0.1248758,0.1174021,0.1389441,0.1314205
phase6_asx_period_multi,electricity,720,336,2024,ok,0.1423885,0.1666792780160904,0.2638959586620331,181,24+168,0,28523203,logs/AsySpecX_phase6/phase6_asx_period_multi_electricity_sl720_pl336_sd2024.log,0.2367246,0.2247169,0.2315108,0.2484585,0.2422331,0.1433587,0.1343972,0.1531821,0.1396344
phase6_asx_period_multi,electricity,720,336,2025,ok,0.1427664,0.1671222299337387,0.2640010118484497,181,24+168,0,28523211,logs/AsySpecX_phase6/phase6_asx_period_multi_electricity_sl720_pl336_sd2025.log,0.2365107,0.2247635,0.2288006,0.2485629,0.2439362,0.1436184,0.1333541,0.1531471,0.1413278
phase6_asx_period_multi,electricity,720,336,2026,ok,0.1426651,0.16668222844600677,0.2639300525188446,181,24+168,0,28523219,logs/AsySpecX_phase6/phase6_asx_period_multi_electricity_sl720_pl336_sd2026.log,0.2368741,0.2244713,0.2295073,0.2492116,0.2443276,0.1430378,0.1332967,0.1538196,0.1414868
phase6_asx_period_multi,electricity,720,720,2024,ok,0.1744358,0.20420873165130615,0.29386523365974426,181,24+168,0,28523204,logs/AsySpecX_phase6/phase6_asx_period_multi_electricity_sl720_pl720_sd2024.log,0.2625061,0.2708027,0.2512098,0.2669548,0.2610397,0.2032422,0.1588731,0.1724667,0.1639362
phase6_asx_period_multi,electricity,720,720,2025,ok,0.1739698,0.20256029069423676,0.2927343547344208,181,24+168,0,28523212,logs/AsySpecX_phase6/phase6_asx_period_multi_electricity_sl720_pl720_sd2025.log,0.262465,0.2705393,0.2525877,0.2674387,0.2592773,0.2020067,0.1598986,0.1731624,0.1620052
phase6_asx_period_multi,electricity,720,720,2026,ok,0.1745014,0.20389817655086517,0.29469653964042664,181,24+168,0,28523220,logs/AsySpecX_phase6/phase6_asx_period_multi_electricity_sl720_pl720_sd2026.log,0.2634979,0.2712764,0.2521865,0.2687507,0.2617616,0.2022344,0.1590841,0.1735334,0.1638528
phase6_asx_period_multi,electricity,720,96,2024,ok,0.1167483,0.1387719064950943,0.23894603550434113,181,24+168,0,28523201,logs/AsySpecX_phase6/phase6_asx_period_multi_electricity_sl720_pl96_sd2024.log,0.2142584,0.203654,0.2034581,0.2204291,0.229509,0.1143144,0.1074284,0.1245505,0.1208606
phase6_asx_period_multi,electricity,720,96,2025,ok,0.1168167,0.1388411670923233,0.23893390595912933,181,24+168,0,28523209,logs/AsySpecX_phase6/phase6_asx_period_multi_electricity_sl720_pl96_sd2025.log,0.2143826,0.2037826,0.2037466,0.2205509,0.2294669,0.1144487,0.1077376,0.124759,0.1208022
phase6_asx_period_multi,electricity,720,96,2026,ok,0.1156391,0.13718169927597046,0.23702199757099152,181,24+168,0,28523217,logs/AsySpecX_phase6/phase6_asx_period_multi_electricity_sl720_pl96_sd2026.log,0.2129659,0.2022994,0.2029244,0.2189959,0.2276606,0.1134739,0.106641,0.1237936,0.1194877
phase6_asx_period_multi,electricity,96,192,2024,ok,0.1733024,0.19842883944511414,0.2828783094882965,25,24+168,0,28523198,logs/AsySpecX_phase6/phase6_asx_period_multi_electricity_sl96_pl192_sd2024.log,0.2580068,0.2498356,0.2441332,0.2689926,0.269079,0.1783579,0.1595662,0.1828122,0.172822
phase6_asx_period_multi,electricity,96,192,2025,ok,0.1731166,0.19875980913639069,0.28372064232826233,25,24+168,0,28523206,logs/AsySpecX_phase6/phase6_asx_period_multi_electricity_sl96_pl192_sd2025.log,0.2585587,0.2503099,0.2442876,0.2694538,0.2701971,0.1779306,0.1592635,0.182669,0.1730244
phase6_asx_period_multi,electricity,96,192,2026,ok,0.17405,0.19927071034908295,0.2839348316192627,25,24+168,0,28523214,logs/AsySpecX_phase6/phase6_asx_period_multi_electricity_sl96_pl192_sd2026.log,0.2587512,0.2506691,0.2450109,0.2698516,0.2694862,0.1791549,0.1604673,0.1836051,0.1732511
phase6_asx_period_multi,electricity,96,336,2024,ok,0.1873782,0.2126593142747879,0.29842329025268555,25,24+168,0,28523199,logs/AsySpecX_phase6/phase6_asx_period_multi_electricity_sl96_pl336_sd2024.log,0.2724202,0.2634149,0.260847,0.2857854,0.2796493,0.1924783,0.1748431,0.1977071,0.185109
phase6_asx_period_multi,electricity,96,336,2025,ok,0.1868443,0.21211686730384827,0.2977166473865509,25,24+168,0,28523207,logs/AsySpecX_phase6/phase6_asx_period_multi_electricity_sl96_pl336_sd2025.log,0.2720243,0.2630994,0.2606208,0.2849621,0.2794305,0.191744,0.1745008,0.1970312,0.1850445
phase6_asx_period_multi,electricity,96,336,2026,ok,0.1879748,0.21353726089000702,0.2993176281452179,25,24+168,0,28523215,logs/AsySpecX_phase6/phase6_asx_period_multi_electricity_sl96_pl336_sd2026.log,0.2732806,0.2642361,0.2618456,0.2866225,0.2804339,0.193077,0.1757423,0.1986909,0.1857123
phase6_asx_period_multi,electricity,96,720,2024,ok,0.2218435,0.25380653142929077,0.3311651051044464,25,24+168,0,28523200,logs/AsySpecX_phase6/phase6_asx_period_multi_electricity_sl96_pl720_sd2024.log,0.3004575,0.3077257,0.2854694,0.3131116,0.2955082,0.2485225,0.2047378,0.2283667,0.2065846
phase6_asx_period_multi,electricity,96,720,2025,ok,0.2208413,0.25242969393730164,0.3293360769748688,25,24+168,0,28523208,logs/AsySpecX_phase6/phase6_asx_period_multi_electricity_sl96_pl720_sd2025.log,0.2989344,0.3066608,0.2839618,0.3114598,0.2936392,0.2482576,0.2043559,0.2269998,0.2053615
phase6_asx_period_multi,electricity,96,720,2026,ok,0.2210958,0.25295472145080566,0.3295634686946869,25,24+168,0,28523216,logs/AsySpecX_phase6/phase6_asx_period_multi_electricity_sl96_pl720_sd2026.log,0.2986811,0.3061949,0.2837459,0.3113514,0.2934165,0.2482745,0.204629,0.2273624,0.2054499
phase6_asx_period_multi,electricity,96,96,2024,ok,0.1768843,0.20020708441734314,0.28452014923095703,25,24+168,0,28523197,logs/AsySpecX_phase6/phase6_asx_period_multi_electricity_sl96_pl96_sd2024.log,0.2615438,0.2606621,0.2497196,0.2657014,0.2700936,0.1900817,0.1672878,0.1814466,0.169518
phase6_asx_period_multi,electricity,96,96,2025,ok,0.1765933,0.20009222626686096,0.2833150327205658,25,24+168,0,28523205,logs/AsySpecX_phase6/phase6_asx_period_multi_electricity_sl96_pl96_sd2025.log,0.2605238,0.2595134,0.2486931,0.2649269,0.2689635,0.1901857,0.1670775,0.1814244,0.1693159
phase6_asx_period_multi,electricity,96,96,2026,ok,0.1769103,0.20015756785869598,0.28300803899765015,25,24+168,0,28523213,logs/AsySpecX_phase6/phase6_asx_period_multi_electricity_sl96_pl96_sd2026.log,0.2602345,0.2595497,0.2481802,0.2647189,0.2684902,0.1907077,0.1669278,0.1815518,0.1692317
phase6_asx_period_multi,traffic,720,192,2024,ok,0.3320817,0.3994016945362091,0.2805596888065338,181,24+168,0,28523226,logs/AsySpecX_phase6/phase6_asx_period_multi_traffic_sl720_pl192_sd2024.log,0.2376739,0.2388512,0.2242045,0.2540925,0.2335444,0.2816884,0.2653501,0.4119199,0.3713265
phase6_asx_period_multi,traffic,720,192,2025,ok,0.3311872,0.4014856815338135,0.2818998694419861,181,24+168,0,28523234,logs/AsySpecX_phase6/phase6_asx_period_multi_traffic_sl720_pl192_sd2025.log,0.2391371,0.2397772,0.2252598,0.2553481,0.236162,0.2818457,0.2657759,0.4086948,0.3694143
phase6_asx_period_multi,traffic,720,192,2026,ok,0.3331082,0.400784432888031,0.281412810087204,181,24+168,0,28523242,logs/AsySpecX_phase6/phase6_asx_period_multi_traffic_sl720_pl192_sd2026.log,0.2387374,0.2398263,0.2250805,0.2552767,0.2347635,0.2823855,0.2659094,0.4129684,0.3730232
phase6_asx_period_multi,traffic,720,336,2024,ok,0.3435222,0.41118118166923523,0.2854340672492981,181,24+168,0,28523227,logs/AsySpecX_phase6/phase6_asx_period_multi_traffic_sl720_pl336_sd2024.log,0.2388457,0.2357095,0.231926,0.2526309,0.2351252,0.2736377,0.2880058,0.4208512,0.3932781
phase6_asx_period_multi,traffic,720,336,2025,ok,0.344368,0.41248056292533875,0.2863863706588745,181,24+168,0,28523235,logs/AsySpecX_phase6/phase6_asx_period_multi_traffic_sl720_pl336_sd2025.log,0.2401133,0.236899,0.2330416,0.2537664,0.2367553,0.2742064,0.2884387,0.421229,0.3946024
phase6_asx_period_multi,traffic,720,336,2026,ok,0.3421389,0.4121207296848297,0.28556740283966064,181,24+168,0,28523243,logs/AsySpecX_phase6/phase6_asx_period_multi_traffic_sl720_pl336_sd2026.log,0.2391084,0.2358416,0.2318351,0.2526753,0.2360907,0.2735181,0.2878112,0.4190904,0.3895649
phase6_asx_period_multi,traffic,720,720,2024,ok,0.3862576,0.44880765676498413,0.304575651884079,181,24+168,0,28523228,logs/AsySpecX_phase6/phase6_asx_period_multi_traffic_sl720_pl720_sd2024.log,0.2497318,0.2422963,0.2501791,0.2516357,0.2548448,0.2853782,0.3440964,0.4382248,0.4797585
phase6_asx_period_multi,traffic,720,720,2025,ok,0.3878688,0.44951847195625305,0.305437833070755,181,24+168,0,28523236,logs/AsySpecX_phase6/phase6_asx_period_multi_traffic_sl720_pl720_sd2025.log,0.250262,0.242537,0.2507778,0.2524309,0.255332,0.2856584,0.3448824,0.4392859,0.4839733
phase6_asx_period_multi,traffic,720,720,2026,ok,0.3860004,0.4459049105644226,0.30248335003852844,181,24+168,0,28523244,logs/AsySpecX_phase6/phase6_asx_period_multi_traffic_sl720_pl720_sd2026.log,0.2468255,0.2392843,0.247572,0.2490492,0.2514258,0.284272,0.3434972,0.4377098,0.4808332
phase6_asx_period_multi,traffic,720,96,2024,ok,0.328648,0.38840001821517944,0.27804499864578247,181,24+168,0,28523225,logs/AsySpecX_phase6/phase6_asx_period_multi_traffic_sl720_pl96_sd2024.log,0.2413871,0.2517257,0.2199712,0.2566777,0.2371489,0.3052946,0.2534953,0.4027368,0.35631
phase6_asx_period_multi,traffic,720,96,2025,ok,0.3276741,0.38881412148475647,0.2781260013580322,181,24+168,0,28523233,logs/AsySpecX_phase6/phase6_asx_period_multi_traffic_sl720_pl96_sd2025.log,0.2417184,0.25162,0.2201532,0.2571624,0.2379142,0.3051515,0.2535564,0.4021549,0.355987
phase6_asx_period_multi,traffic,720,96,2026,ok,0.3284358,0.38880425691604614,0.2785045802593231,181,24+168,0,28523241,logs/AsySpecX_phase6/phase6_asx_period_multi_traffic_sl720_pl96_sd2026.log,0.2418428,0.2521831,0.2207597,0.2568887,0.2375149,0.3055233,0.2542024,0.4022512,0.355275
phase6_asx_period_multi,traffic,96,192,2024,ok,0.4898073,0.604332685470581,0.37571287155151367,25,24+168,0,28523222,logs/AsySpecX_phase6/phase6_asx_period_multi_traffic_sl96_pl192_sd2024.log,0.335753,0.343471,0.3121813,0.3485684,0.3387715,0.4447818,0.3948142,0.5593937,0.5620747
phase6_asx_period_multi,traffic,96,192,2025,ok,0.4885353,0.6027365922927856,0.37842270731925964,25,24+168,0,28523230,logs/AsySpecX_phase6/phase6_asx_period_multi_traffic_sl96_pl192_sd2025.log,0.3401069,0.3485868,0.3152839,0.3532093,0.3433259,0.4448824,0.3930284,0.5598356,0.5587445
phase6_asx_period_multi,traffic,96,192,2026,ok,0.4952137,0.6155670881271362,0.3773907721042633,25,24+168,0,28523238,logs/AsySpecX_phase6/phase6_asx_period_multi_traffic_sl96_pl192_sd2026.log,0.3365525,0.3441427,0.3123381,0.3497482,0.3399617,0.4473741,0.396632,0.5678613,0.570765
phase6_asx_period_multi,traffic,96,336,2024,ok,0.4820847,0.6077291965484619,0.3734211325645447,25,24+168,0,28523223,logs/AsySpecX_phase6/phase6_asx_period_multi_traffic_sl96_pl336_sd2024.log,0.3287559,0.3320355,0.3173954,0.3418226,0.3237609,0.4286916,0.4219402,0.5459284,0.53379
phase6_asx_period_multi,traffic,96,336,2025,ok,0.4872748,0.6232696175575256,0.37954625487327576,25,24+168,0,28523231,logs/AsySpecX_phase6/phase6_asx_period_multi_traffic_sl96_pl336_sd2025.log,0.3342867,0.3372459,0.3214835,0.3479125,0.3304967,0.4293432,0.4223095,0.5542426,0.5453178
phase6_asx_period_multi,traffic,96,336,2026,ok,0.488844,0.6279793381690979,0.3828343451023102,25,24+168,0,28523239,logs/AsySpecX_phase6/phase6_asx_period_multi_traffic_sl96_pl336_sd2026.log,0.3373165,0.3408924,0.3242272,0.351182,0.332954,0.4315038,0.4232182,0.556124,0.5453892
phase6_asx_period_multi,traffic,96,720,2024,ok,0.5320951,0.6440176963806152,0.39378517866134644,25,24+168,0,28523224,logs/AsySpecX_phase6/phase6_asx_period_multi_traffic_sl96_pl720_sd2024.log,0.3481276,0.3549716,0.3337259,0.3366898,0.3670967,0.4624669,0.4747279,0.5613977,0.6317843
phase6_asx_period_multi,traffic,96,720,2025,ok,0.5355498,0.6554719805717468,0.39456915855407715,25,24+168,0,28523232,logs/AsySpecX_phase6/phase6_asx_period_multi_traffic_sl96_pl720_sd2025.log,0.3478904,0.3534548,0.3341743,0.3375168,0.3663941,0.4596696,0.4762963,0.5625772,0.646179
phase6_asx_period_multi,traffic,96,720,2026,ok,0.5417043,0.6695484519004822,0.39840155839920044,25,24+168,0,28523240,logs/AsySpecX_phase6/phase6_asx_period_multi_traffic_sl96_pl720_sd2026.log,0.3520617,0.3579508,0.3376266,0.3412124,0.3714343,0.464595,0.4783293,0.5656186,0.6605907
phase6_asx_period_multi,traffic,96,96,2024,ok,0.5468833,0.6694589853286743,0.40538474917411804,25,24+168,0,28523221,logs/AsySpecX_phase6/phase6_asx_period_multi_traffic_sl96_pl96_sd2024.log,0.3709137,0.383665,0.3423417,0.3856612,0.3719563,0.5037827,0.4369004,0.6107585,0.6391868
phase6_asx_period_multi,traffic,96,96,2025,ok,0.5376548,0.652472972869873,0.39976900815963745,25,24+168,0,28523229,logs/AsySpecX_phase6/phase6_asx_period_multi_traffic_sl96_pl96_sd2025.log,0.3661399,0.379978,0.3376583,0.3806065,0.3662837,0.4998413,0.431965,0.6015773,0.6213417
phase6_asx_period_multi,traffic,96,96,2026,ok,0.5419439,0.6607592105865479,0.4005371928215027,25,24+168,0,28523237,logs/AsySpecX_phase6/phase6_asx_period_multi_traffic_sl96_pl96_sd2026.log,0.3658555,0.3787028,0.3376729,0.380172,0.3668435,0.5028773,0.4351867,0.608286,0.6284089
phase6_asx_period_multi,weather,720,192,2024,ok,0.4329538,0.19658006727695465,0.25009042024612427,31,144,0,28523178,logs/AsySpecX_phase6/phase6_asx_period_multi_weather_sl720_pl192_sd2024.log,0.3199345,0.2821565,0.3718505,0.306124,0.3196068,0.2004068,0.8270498,0.2861927,0.4263843
phase6_asx_period_multi,weather,720,192,2025,ok,0.438745,0.1977842152118683,0.2514657974243164,31,144,0,28523186,logs/AsySpecX_phase6/phase6_asx_period_multi_weather_sl720_pl192_sd2025.log,0.3250456,0.2855622,0.375545,0.3134753,0.3256005,0.2043204,0.8256417,0.2926628,0.4370448
phase6_asx_period_multi,weather,720,192,2026,ok,0.4425894,0.19842177629470825,0.25094109773635864,31,144,0,28523194,logs/AsySpecX_phase6/phase6_asx_period_multi_weather_sl720_pl192_sd2026.log,0.3253283,0.2832251,0.3807961,0.3133923,0.3238986,0.204317,0.8377084,0.2949799,0.4384923
phase6_asx_period_multi,weather,720,336,2024,ok,0.49715,0.24751578271389008,0.28827881813049316,31,144,0,28523179,logs/AsySpecX_phase6/phase6_asx_period_multi_weather_sl720_pl336_sd2024.log,0.3607341,0.3317618,0.4086535,0.3441437,0.3583757,0.2596244,0.9035702,0.3286423,0.4978811
phase6_asx_period_multi,weather,720,336,2025,ok,0.4994344,0.24985799193382263,0.29037103056907654,31,144,0,28523187,logs/AsySpecX_phase6/phase6_asx_period_multi_weather_sl720_pl336_sd2025.log,0.3627845,0.3333013,0.4115985,0.3405035,0.3657372,0.2610996,0.9047643,0.3204485,0.5137154
phase6_asx_period_multi,weather,720,336,2026,ok,0.5005974,0.25076359510421753,0.29083994030952454,31,144,0,28523195,logs/AsySpecX_phase6/phase6_asx_period_multi_weather_sl720_pl336_sd2026.log,0.364065,0.3428333,0.4150183,0.3408387,0.3575642,0.27243,0.9146388,0.3232973,0.4934138
phase6_asx_period_multi,weather,720,720,2024,ok,0.5889736,0.3134722411632538,0.3358619213104248,31,144,0,28523180,logs/AsySpecX_phase6/phase6_asx_period_multi_weather_sl720_pl720_sd2024.log,0.4142515,0.4126948,0.4621867,0.3650906,0.4170366,0.4722186,0.9465383,0.3545491,0.5836638
phase6_asx_period_multi,weather,720,720,2025,ok,0.5955095,0.3103782832622528,0.33450865745544434,31,144,0,28523188,logs/AsySpecX_phase6/phase6_asx_period_multi_weather_sl720_pl720_sd2025.log,0.4166264,0.4075504,0.4672481,0.3744935,0.4172144,0.461484,0.9570793,0.3725294,0.5922581
phase6_asx_period_multi,weather,720,720,2026,ok,0.5894603,0.3156276345252991,0.33776235580444336,31,144,0,28523196,logs/AsySpecX_phase6/phase6_asx_period_multi_weather_sl720_pl720_sd2026.log,0.4139949,0.4090286,0.4563315,0.3692605,0.4213654,0.4655915,0.9394912,0.3582039,0.5955148
phase6_asx_period_multi,weather,720,96,2024,ok,0.3888871,0.15065674483776093,0.2079142928123474,31,144,0,28523177,logs/AsySpecX_phase6/phase6_asx_period_multi_weather_sl720_pl96_sd2024.log,0.2874438,0.2445409,0.3492793,0.2708451,0.2851082,0.157807,0.799431,0.2406654,0.3722371
phase6_asx_period_multi,weather,720,96,2025,ok,0.388993,0.15264052152633667,0.20875701308250427,31,144,0,28523185,logs/AsySpecX_phase6/phase6_asx_period_multi_weather_sl720_pl96_sd2025.log,0.287524,0.2340762,0.3491677,0.2747593,0.2920962,0.1490131,0.7889056,0.2442274,0.3867082
phase6_asx_period_multi,weather,720,96,2026,ok,0.3847079,0.15235686302185059,0.21088312566280365,31,144,0,28523193,logs/AsySpecX_phase6/phase6_asx_period_multi_weather_sl720_pl96_sd2026.log,0.2840553,0.2349882,0.3431564,0.272511,0.2855668,0.1438046,0.7828974,0.2429412,0.3771031
phase6_asx_period_multi,weather,96,192,2024,ok,0.5415108,0.24465025961399078,0.2870628833770752,2,144,0,28523174,logs/AsySpecX_phase6/phase6_asx_period_multi_weather_sl96_pl192_sd2024.log,0.3720489,0.3715247,0.4187153,0.3550755,0.3428573,0.3188565,0.9573805,0.3531002,0.5409953
phase6_asx_period_multi,weather,96,192,2025,ok,0.5394862,0.24195413291454315,0.28523239493370056,2,144,0,28523182,logs/AsySpecX_phase6/phase6_asx_period_multi_weather_sl96_pl192_sd2025.log,0.3714789,0.3702205,0.4218134,0.3520044,0.3418539,0.3169815,0.9568484,0.348862,0.5419933
phase6_asx_period_multi,weather,96,192,2026,ok,0.5358285,0.24132339656352997,0.2831662893295288,2,144,0,28523190,logs/AsySpecX_phase6/phase6_asx_period_multi_weather_sl96_pl192_sd2026.log,0.3703318,0.3684856,0.4221503,0.3503767,0.3402911,0.3137388,0.9447345,0.3487538,0.5443141
phase6_asx_period_multi,weather,96,336,2024,ok,0.6262959,0.29311907291412354,0.3175183832645416,2,144,0,28523175,logs/AsySpecX_phase6/phase6_asx_period_multi_weather_sl96_pl336_sd2024.log,0.4206339,0.4350897,0.4693119,0.3735749,0.4045462,0.4168658,1.0593394,0.3682415,0.6623334
phase6_asx_period_multi,weather,96,336,2025,ok,0.6258531,0.29439017176628113,0.3182651698589325,2,144,0,28523183,logs/AsySpecX_phase6/phase6_asx_period_multi_weather_sl96_pl336_sd2025.log,0.4208812,0.4349625,0.4687411,0.3747408,0.4050677,0.4165632,1.0580097,0.3698797,0.6615624
phase6_asx_period_multi,weather,96,336,2026,ok,0.6258977,0.2940670847892761,0.3183632493019104,2,144,0,28523191,logs/AsySpecX_phase6/phase6_asx_period_multi_weather_sl96_pl336_sd2026.log,0.4220558,0.4367207,0.4701281,0.3749949,0.4063667,0.4178545,1.0534794,0.369425,0.6653154
phase6_asx_period_multi,weather,96,720,2024,ok,0.7515857,0.36441516876220703,0.36123740673065186,2,144,0,28523176,logs/AsySpecX_phase6/phase6_asx_period_multi_weather_sl96_pl720_sd2024.log,0.4957109,0.5468498,0.5698951,0.4204527,0.4456021,0.7004319,1.1944257,0.4462819,0.6668606
phase6_asx_period_multi,weather,96,720,2025,ok,0.7532968,0.3643108904361725,0.3608688712120056,2,144,0,28523184,logs/AsySpecX_phase6/phase6_asx_period_multi_weather_sl96_pl720_sd2025.log,0.496189,0.5476226,0.5712755,0.4203807,0.4454326,0.7016551,1.1999526,0.4471284,0.6661472
phase6_asx_period_multi,weather,96,720,2026,ok,0.751785,0.36546218395233154,0.3623058497905731,2,144,0,28523192,logs/AsySpecX_phase6/phase6_asx_period_multi_weather_sl96_pl720_sd2026.log,0.4959672,0.5453812,0.5717008,0.4209096,0.4458331,0.6978527,1.1980125,0.4467621,0.6655983
phase6_asx_period_multi,weather,96,96,2024,ok,0.4683923,0.19212675094604492,0.24725957214832306,2,144,0,28523173,logs/AsySpecX_phase6/phase6_asx_period_multi_weather_sl96_pl96_sd2024.log,0.3305815,0.3201503,0.4028223,0.3209965,0.2783165,0.2436216,0.9230103,0.3153725,0.4016685
phase6_asx_period_multi,weather,96,96,2025,ok,0.4657682,0.19041551649570465,0.24465055763721466,2,144,0,28523181,logs/AsySpecX_phase6/phase6_asx_period_multi_weather_sl96_pl96_sd2025.log,0.32713,0.3168775,0.3987852,0.3178207,0.2749964,0.2406543,0.9184007,0.3125648,0.3968726
phase6_asx_period_multi,weather,96,96,2026,ok,0.4679852,0.1909143328666687,0.24524158239364624,2,144,0,28523189,logs/AsySpecX_phase6/phase6_asx_period_multi_weather_sl96_pl96_sd2026.log,0.3277015,0.3187767,0.3941354,0.3178658,0.2799913,0.2411935,0.9136106,0.3090087,0.4196552
