arm,dataset,seq_len,pred_len,seed,status,mse,mae,exit_code,job_id,log_file
phase2_global_all,ETTh1,720,192,2026,ok,0.41401398181915283,0.4228054881095886,0,28306836,logs/AsySpecX_phase2/phase2_global_all_ETTh1_sl720_pl192_sd2026.log
phase2_global_all,ETTh1,720,192,2027,ok,0.4140278100967407,0.4227123558521271,0,28306844,logs/AsySpecX_phase2/phase2_global_all_ETTh1_sl720_pl192_sd2027.log
phase2_global_all,ETTh1,720,336,2026,ok,0.43420183658599854,0.4411255419254303,0,28306837,logs/AsySpecX_phase2/phase2_global_all_ETTh1_sl720_pl336_sd2026.log
phase2_global_all,ETTh1,720,336,2027,ok,0.4331888258457184,0.4368515908718109,0,28306845,logs/AsySpecX_phase2/phase2_global_all_ETTh1_sl720_pl336_sd2027.log
phase2_global_all,ETTh1,720,720,2026,ok,0.43080422282218933,0.45677781105041504,0,28306838,logs/AsySpecX_phase2/phase2_global_all_ETTh1_sl720_pl720_sd2026.log
phase2_global_all,ETTh1,720,720,2027,ok,0.43367791175842285,0.45920148491859436,0,28306846,logs/AsySpecX_phase2/phase2_global_all_ETTh1_sl720_pl720_sd2027.log
phase2_global_all,ETTh1,720,96,2026,ok,0.3791363537311554,0.4024490714073181,0,28306835,logs/AsySpecX_phase2/phase2_global_all_ETTh1_sl720_pl96_sd2026.log
phase2_global_all,ETTh1,720,96,2027,ok,0.37946388125419617,0.40266287326812744,0,28306843,logs/AsySpecX_phase2/phase2_global_all_ETTh1_sl720_pl96_sd2027.log
phase2_global_all,ETTh1,96,192,2026,ok,0.43557193875312805,0.4261222183704376,0,28306832,logs/AsySpecX_phase2/phase2_global_all_ETTh1_sl96_pl192_sd2026.log
phase2_global_all,ETTh1,96,192,2027,ok,0.43659117817878723,0.42556238174438477,0,28306840,logs/AsySpecX_phase2/phase2_global_all_ETTh1_sl96_pl192_sd2027.log
phase2_global_all,ETTh1,96,336,2026,ok,0.4766809344291687,0.44909921288490295,0,28306833,logs/AsySpecX_phase2/phase2_global_all_ETTh1_sl96_pl336_sd2026.log
phase2_global_all,ETTh1,96,336,2027,ok,0.482786625623703,0.45612603425979614,0,28306841,logs/AsySpecX_phase2/phase2_global_all_ETTh1_sl96_pl336_sd2027.log
phase2_global_all,ETTh1,96,720,2026,ok,0.468968003988266,0.47121167182922363,0,28306834,logs/AsySpecX_phase2/phase2_global_all_ETTh1_sl96_pl720_sd2026.log
phase2_global_all,ETTh1,96,720,2027,ok,0.4633227586746216,0.46317529678344727,0,28306842,logs/AsySpecX_phase2/phase2_global_all_ETTh1_sl96_pl720_sd2027.log
phase2_global_all,ETTh1,96,96,2026,ok,0.3889800012111664,0.39821746945381165,0,28306831,logs/AsySpecX_phase2/phase2_global_all_ETTh1_sl96_pl96_sd2026.log
phase2_global_all,ETTh1,96,96,2027,ok,0.3885059356689453,0.396634966135025,0,28306839,logs/AsySpecX_phase2/phase2_global_all_ETTh1_sl96_pl96_sd2027.log
phase2_global_all,ETTm1,720,192,2026,ok,0.34749454259872437,0.3785306215286255,0,28306852,logs/AsySpecX_phase2/phase2_global_all_ETTm1_sl720_pl192_sd2026.log
phase2_global_all,ETTm1,720,192,2027,ok,0.35135284066200256,0.38134315609931946,0,28306860,logs/AsySpecX_phase2/phase2_global_all_ETTm1_sl720_pl192_sd2027.log
phase2_global_all,ETTm1,720,336,2026,ok,0.3788500130176544,0.3986240327358246,0,28306853,logs/AsySpecX_phase2/phase2_global_all_ETTm1_sl720_pl336_sd2026.log
phase2_global_all,ETTm1,720,336,2027,ok,0.37927454710006714,0.39816170930862427,0,28306861,logs/AsySpecX_phase2/phase2_global_all_ETTm1_sl720_pl336_sd2027.log
phase2_global_all,ETTm1,720,720,2026,ok,0.4240882992744446,0.4201706051826477,0,28306854,logs/AsySpecX_phase2/phase2_global_all_ETTm1_sl720_pl720_sd2026.log
phase2_global_all,ETTm1,720,720,2027,ok,0.4260660409927368,0.4236285388469696,0,28306862,logs/AsySpecX_phase2/phase2_global_all_ETTm1_sl720_pl720_sd2027.log
phase2_global_all,ETTm1,720,96,2026,ok,0.3173119127750397,0.36062365770339966,0,28306851,logs/AsySpecX_phase2/phase2_global_all_ETTm1_sl720_pl96_sd2026.log
phase2_global_all,ETTm1,720,96,2027,ok,0.3206295669078827,0.36122846603393555,0,28306859,logs/AsySpecX_phase2/phase2_global_all_ETTm1_sl720_pl96_sd2027.log
phase2_global_all,ETTm1,96,192,2026,ok,0.39187997579574585,0.3959510326385498,0,28306848,logs/AsySpecX_phase2/phase2_global_all_ETTm1_sl96_pl192_sd2026.log
phase2_global_all,ETTm1,96,192,2027,ok,0.3920069634914398,0.39664292335510254,0,28306856,logs/AsySpecX_phase2/phase2_global_all_ETTm1_sl96_pl192_sd2027.log
phase2_global_all,ETTm1,96,336,2026,ok,0.41995298862457275,0.4138430058956146,0,28306849,logs/AsySpecX_phase2/phase2_global_all_ETTm1_sl96_pl336_sd2026.log
phase2_global_all,ETTm1,96,336,2027,ok,0.4227101504802704,0.41671448945999146,0,28306857,logs/AsySpecX_phase2/phase2_global_all_ETTm1_sl96_pl336_sd2027.log
phase2_global_all,ETTm1,96,720,2026,ok,0.4873325228691101,0.44875863194465637,0,28306850,logs/AsySpecX_phase2/phase2_global_all_ETTm1_sl96_pl720_sd2026.log
phase2_global_all,ETTm1,96,720,2027,ok,0.48354586958885193,0.44691532850265503,0,28306858,logs/AsySpecX_phase2/phase2_global_all_ETTm1_sl96_pl720_sd2027.log
phase2_global_all,ETTm1,96,96,2026,ok,0.3547862470149994,0.3808389902114868,0,28306847,logs/AsySpecX_phase2/phase2_global_all_ETTm1_sl96_pl96_sd2026.log
phase2_global_all,ETTm1,96,96,2027,ok,0.3621352016925812,0.38634875416755676,0,28306855,logs/AsySpecX_phase2/phase2_global_all_ETTm1_sl96_pl96_sd2027.log
phase2_global_all,PEMS04,96,12,2026,ok,0.09654878079891205,0.20689325034618378,0,28306911,logs/AsySpecX_phase2/phase2_global_all_PEMS04_sl96_pl12_sd2026.log
phase2_global_all,PEMS04,96,12,2027,ok,0.09659823030233383,0.20683327317237854,0,28306915,logs/AsySpecX_phase2/phase2_global_all_PEMS04_sl96_pl12_sd2027.log
phase2_global_all,PEMS04,96,24,2026,ok,0.14632244408130646,0.2598985731601715,0,28306912,logs/AsySpecX_phase2/phase2_global_all_PEMS04_sl96_pl24_sd2026.log
phase2_global_all,PEMS04,96,24,2027,ok,0.14675946533679962,0.260210245847702,0,28306916,logs/AsySpecX_phase2/phase2_global_all_PEMS04_sl96_pl24_sd2027.log
phase2_global_all,PEMS04,96,48,2026,ok,0.2600966691970825,0.36320173740386963,0,28306913,logs/AsySpecX_phase2/phase2_global_all_PEMS04_sl96_pl48_sd2026.log
phase2_global_all,PEMS04,96,48,2027,ok,0.25756704807281494,0.3611350953578949,0,28306917,logs/AsySpecX_phase2/phase2_global_all_PEMS04_sl96_pl48_sd2027.log
phase2_global_all,PEMS04,96,96,2026,ok,0.42424264550209045,0.48246893286705017,0,28306914,logs/AsySpecX_phase2/phase2_global_all_PEMS04_sl96_pl96_sd2026.log
phase2_global_all,PEMS04,96,96,2027,ok,0.43232330679893494,0.4873906373977661,0,28306918,logs/AsySpecX_phase2/phase2_global_all_PEMS04_sl96_pl96_sd2027.log
phase2_global_all,PEMS08,96,12,2026,ok,0.09517840296030045,0.20207479596138,0,28306919,logs/AsySpecX_phase2/phase2_global_all_PEMS08_sl96_pl12_sd2026.log
phase2_global_all,PEMS08,96,12,2027,ok,0.095365509390831,0.2021651268005371,0,28306923,logs/AsySpecX_phase2/phase2_global_all_PEMS08_sl96_pl12_sd2027.log
phase2_global_all,PEMS08,96,24,2026,ok,0.1559533178806305,0.26227906346321106,0,28306920,logs/AsySpecX_phase2/phase2_global_all_PEMS08_sl96_pl24_sd2026.log
phase2_global_all,PEMS08,96,24,2027,ok,0.15515244007110596,0.2614401876926422,0,28306924,logs/AsySpecX_phase2/phase2_global_all_PEMS08_sl96_pl24_sd2027.log
phase2_global_all,PEMS08,96,48,2026,ok,0.3132862150669098,0.3921626806259155,0,28306921,logs/AsySpecX_phase2/phase2_global_all_PEMS08_sl96_pl48_sd2026.log
phase2_global_all,PEMS08,96,48,2027,ok,0.3302136957645416,0.40227556228637695,0,28306925,logs/AsySpecX_phase2/phase2_global_all_PEMS08_sl96_pl48_sd2027.log
phase2_global_all,PEMS08,96,96,2026,ok,0.6781328320503235,0.6119340658187866,0,28306922,logs/AsySpecX_phase2/phase2_global_all_PEMS08_sl96_pl96_sd2026.log
phase2_global_all,PEMS08,96,96,2027,ok,0.6384302377700806,0.5869531035423279,0,28306926,logs/AsySpecX_phase2/phase2_global_all_PEMS08_sl96_pl96_sd2027.log
phase2_global_all,electricity,720,192,2026,ok,0.15627269446849823,0.2561454772949219,0,28306884,logs/AsySpecX_phase2/phase2_global_all_electricity_sl720_pl192_sd2026.log
phase2_global_all,electricity,720,192,2027,ok,0.1561538726091385,0.25581082701683044,0,28306892,logs/AsySpecX_phase2/phase2_global_all_electricity_sl720_pl192_sd2027.log
phase2_global_all,electricity,720,336,2026,ok,0.17163944244384766,0.27134326100349426,0,28306885,logs/AsySpecX_phase2/phase2_global_all_electricity_sl720_pl336_sd2026.log
phase2_global_all,electricity,720,336,2027,ok,0.17166854441165924,0.2711949944496155,0,28306893,logs/AsySpecX_phase2/phase2_global_all_electricity_sl720_pl336_sd2027.log
phase2_global_all,electricity,720,720,2026,ok,0.21008139848709106,0.3038232922554016,0,28306886,logs/AsySpecX_phase2/phase2_global_all_electricity_sl720_pl720_sd2026.log
phase2_global_all,electricity,720,720,2027,ok,0.21015934646129608,0.3036365211009979,0,28306894,logs/AsySpecX_phase2/phase2_global_all_electricity_sl720_pl720_sd2027.log
phase2_global_all,electricity,720,96,2026,ok,0.14149953424930573,0.24326308071613312,0,28306883,logs/AsySpecX_phase2/phase2_global_all_electricity_sl720_pl96_sd2026.log
phase2_global_all,electricity,720,96,2027,ok,0.1417655348777771,0.24356651306152344,0,28306891,logs/AsySpecX_phase2/phase2_global_all_electricity_sl720_pl96_sd2027.log
phase2_global_all,electricity,96,192,2026,ok,0.20577207207679749,0.2919292747974396,0,28306880,logs/AsySpecX_phase2/phase2_global_all_electricity_sl96_pl192_sd2026.log
phase2_global_all,electricity,96,192,2027,ok,0.2035151720046997,0.2898421883583069,0,28306888,logs/AsySpecX_phase2/phase2_global_all_electricity_sl96_pl192_sd2027.log
phase2_global_all,electricity,96,336,2026,ok,0.21772879362106323,0.30452993512153625,0,28306881,logs/AsySpecX_phase2/phase2_global_all_electricity_sl96_pl336_sd2026.log
phase2_global_all,electricity,96,336,2027,ok,0.21763300895690918,0.3046450912952423,0,28306889,logs/AsySpecX_phase2/phase2_global_all_electricity_sl96_pl336_sd2027.log
phase2_global_all,electricity,96,720,2026,ok,0.25781553983688354,0.3350414037704468,0,28306882,logs/AsySpecX_phase2/phase2_global_all_electricity_sl96_pl720_sd2026.log
phase2_global_all,electricity,96,720,2027,ok,0.2568718492984772,0.3340577185153961,0,28306890,logs/AsySpecX_phase2/phase2_global_all_electricity_sl96_pl720_sd2027.log
phase2_global_all,electricity,96,96,2026,ok,0.20397545397281647,0.28780484199523926,0,28306879,logs/AsySpecX_phase2/phase2_global_all_electricity_sl96_pl96_sd2026.log
phase2_global_all,electricity,96,96,2027,ok,0.2036721408367157,0.2870623767375946,0,28306887,logs/AsySpecX_phase2/phase2_global_all_electricity_sl96_pl96_sd2027.log
phase2_global_all,traffic,720,192,2026,ok,0.4026010036468506,0.2838325798511505,0,28306900,logs/AsySpecX_phase2/phase2_global_all_traffic_sl720_pl192_sd2026.log
phase2_global_all,traffic,720,192,2027,ok,0.4020117223262787,0.2826729118824005,0,28306908,logs/AsySpecX_phase2/phase2_global_all_traffic_sl720_pl192_sd2027.log
phase2_global_all,traffic,720,336,2026,ok,0.41524890065193176,0.2889372706413269,0,28306901,logs/AsySpecX_phase2/phase2_global_all_traffic_sl720_pl336_sd2026.log
phase2_global_all,traffic,720,336,2027,ok,0.4154764711856842,0.28989771008491516,0,28306909,logs/AsySpecX_phase2/phase2_global_all_traffic_sl720_pl336_sd2027.log
phase2_global_all,traffic,720,720,2026,ok,0.46105918288230896,0.31683850288391113,0,28306902,logs/AsySpecX_phase2/phase2_global_all_traffic_sl720_pl720_sd2026.log
phase2_global_all,traffic,720,720,2027,ok,0.4624362885951996,0.31588074564933777,0,28306910,logs/AsySpecX_phase2/phase2_global_all_traffic_sl720_pl720_sd2027.log
phase2_global_all,traffic,720,96,2026,ok,0.3902018964290619,0.27934521436691284,0,28306899,logs/AsySpecX_phase2/phase2_global_all_traffic_sl720_pl96_sd2026.log
phase2_global_all,traffic,720,96,2027,ok,0.3896421790122986,0.2789275348186493,0,28306907,logs/AsySpecX_phase2/phase2_global_all_traffic_sl720_pl96_sd2027.log
phase2_global_all,traffic,96,192,2026,ok,0.6106484532356262,0.37758222222328186,0,28306896,logs/AsySpecX_phase2/phase2_global_all_traffic_sl96_pl192_sd2026.log
phase2_global_all,traffic,96,192,2027,ok,0.6060387492179871,0.3753695487976074,0,28306904,logs/AsySpecX_phase2/phase2_global_all_traffic_sl96_pl192_sd2027.log
phase2_global_all,traffic,96,336,2026,ok,0.6222853064537048,0.38440001010894775,0,28306897,logs/AsySpecX_phase2/phase2_global_all_traffic_sl96_pl336_sd2026.log
phase2_global_all,traffic,96,336,2027,ok,0.6317447423934937,0.38796666264533997,0,28306905,logs/AsySpecX_phase2/phase2_global_all_traffic_sl96_pl336_sd2027.log
phase2_global_all,traffic,96,720,2026,ok,0.6684422492980957,0.4028870463371277,0,28306898,logs/AsySpecX_phase2/phase2_global_all_traffic_sl96_pl720_sd2026.log
phase2_global_all,traffic,96,720,2027,ok,0.6512766480445862,0.3959238529205322,0,28306906,logs/AsySpecX_phase2/phase2_global_all_traffic_sl96_pl720_sd2027.log
phase2_global_all,traffic,96,96,2026,ok,0.655195415019989,0.3991190791130066,0,28306895,logs/AsySpecX_phase2/phase2_global_all_traffic_sl96_pl96_sd2026.log
phase2_global_all,traffic,96,96,2027,ok,0.654468834400177,0.397480309009552,0,28306903,logs/AsySpecX_phase2/phase2_global_all_traffic_sl96_pl96_sd2027.log
phase2_global_all,weather,720,192,2026,ok,0.21034784615039825,0.2606067657470703,0,28306868,logs/AsySpecX_phase2/phase2_global_all_weather_sl720_pl192_sd2026.log
phase2_global_all,weather,720,192,2027,ok,0.20900720357894897,0.2592995762825012,0,28306876,logs/AsySpecX_phase2/phase2_global_all_weather_sl720_pl192_sd2027.log
phase2_global_all,weather,720,336,2026,ok,0.2547486126422882,0.2938491106033325,0,28306869,logs/AsySpecX_phase2/phase2_global_all_weather_sl720_pl336_sd2026.log
phase2_global_all,weather,720,336,2027,ok,0.25599464774131775,0.293508917093277,0,28306877,logs/AsySpecX_phase2/phase2_global_all_weather_sl720_pl336_sd2027.log
phase2_global_all,weather,720,720,2026,ok,0.3184572458267212,0.3394733667373657,0,28306870,logs/AsySpecX_phase2/phase2_global_all_weather_sl720_pl720_sd2026.log
phase2_global_all,weather,720,720,2027,ok,0.31909114122390747,0.34042122960090637,0,28306878,logs/AsySpecX_phase2/phase2_global_all_weather_sl720_pl720_sd2027.log
phase2_global_all,weather,720,96,2026,ok,0.16919735074043274,0.2259727120399475,0,28306867,logs/AsySpecX_phase2/phase2_global_all_weather_sl720_pl96_sd2026.log
phase2_global_all,weather,720,96,2027,ok,0.16682910919189453,0.2225397229194641,0,28306875,logs/AsySpecX_phase2/phase2_global_all_weather_sl720_pl96_sd2027.log
phase2_global_all,weather,96,192,2026,ok,0.24594572186470032,0.287369966506958,0,28306864,logs/AsySpecX_phase2/phase2_global_all_weather_sl96_pl192_sd2026.log
phase2_global_all,weather,96,192,2027,ok,0.2458949089050293,0.28748056292533875,0,28306872,logs/AsySpecX_phase2/phase2_global_all_weather_sl96_pl192_sd2027.log
phase2_global_all,weather,96,336,2026,ok,0.2958443760871887,0.3196333646774292,0,28306865,logs/AsySpecX_phase2/phase2_global_all_weather_sl96_pl336_sd2026.log
phase2_global_all,weather,96,336,2027,ok,0.29590192437171936,0.3196757137775421,0,28306873,logs/AsySpecX_phase2/phase2_global_all_weather_sl96_pl336_sd2027.log
phase2_global_all,weather,96,720,2026,ok,0.36571934819221497,0.36195728182792664,0,28306866,logs/AsySpecX_phase2/phase2_global_all_weather_sl96_pl720_sd2026.log
phase2_global_all,weather,96,720,2027,ok,0.366782009601593,0.36256128549575806,0,28306874,logs/AsySpecX_phase2/phase2_global_all_weather_sl96_pl720_sd2027.log
phase2_global_all,weather,96,96,2026,ok,0.1977613866329193,0.25198766589164734,0,28306863,logs/AsySpecX_phase2/phase2_global_all_weather_sl96_pl96_sd2026.log
phase2_global_all,weather,96,96,2027,ok,0.19701342284679413,0.2509671747684479,0,28306871,logs/AsySpecX_phase2/phase2_global_all_weather_sl96_pl96_sd2027.log
phase2_global_all_clip05,ETTh1,720,192,2026,ok,0.41382554173469543,0.42273858189582825,0,28307508,logs/AsySpecX_phase2/phase2_global_all_clip05_ETTh1_sl720_pl192_sd2026.log
phase2_global_all_clip05,ETTh1,720,192,2027,ok,0.4136291444301605,0.42262595891952515,0,28307516,logs/AsySpecX_phase2/phase2_global_all_clip05_ETTh1_sl720_pl192_sd2027.log
phase2_global_all_clip05,ETTh1,720,336,2026,ok,0.4343583285808563,0.4412635564804077,0,28307509,logs/AsySpecX_phase2/phase2_global_all_clip05_ETTh1_sl720_pl336_sd2026.log
phase2_global_all_clip05,ETTh1,720,336,2027,ok,0.43276694416999817,0.4388347268104553,0,28307517,logs/AsySpecX_phase2/phase2_global_all_clip05_ETTh1_sl720_pl336_sd2027.log
phase2_global_all_clip05,ETTh1,720,720,2026,ok,0.4311992824077606,0.45770081877708435,0,28307510,logs/AsySpecX_phase2/phase2_global_all_clip05_ETTh1_sl720_pl720_sd2026.log
phase2_global_all_clip05,ETTh1,720,720,2027,ok,0.43417036533355713,0.46019378304481506,0,28307518,logs/AsySpecX_phase2/phase2_global_all_clip05_ETTh1_sl720_pl720_sd2027.log
phase2_global_all_clip05,ETTh1,720,96,2026,ok,0.37927624583244324,0.40237608551979065,0,28307507,logs/AsySpecX_phase2/phase2_global_all_clip05_ETTh1_sl720_pl96_sd2026.log
phase2_global_all_clip05,ETTh1,720,96,2027,ok,0.37939295172691345,0.4025065302848816,0,28307515,logs/AsySpecX_phase2/phase2_global_all_clip05_ETTh1_sl720_pl96_sd2027.log
phase2_global_all_clip05,ETTh1,96,192,2026,ok,0.43679776787757874,0.42753687500953674,0,28307504,logs/AsySpecX_phase2/phase2_global_all_clip05_ETTh1_sl96_pl192_sd2026.log
phase2_global_all_clip05,ETTh1,96,192,2027,ok,0.4367428421974182,0.4260462820529938,0,28307512,logs/AsySpecX_phase2/phase2_global_all_clip05_ETTh1_sl96_pl192_sd2027.log
phase2_global_all_clip05,ETTh1,96,336,2026,ok,0.47761911153793335,0.45036637783050537,0,28307505,logs/AsySpecX_phase2/phase2_global_all_clip05_ETTh1_sl96_pl336_sd2026.log
phase2_global_all_clip05,ETTh1,96,336,2027,ok,0.48361465334892273,0.456838458776474,0,28307513,logs/AsySpecX_phase2/phase2_global_all_clip05_ETTh1_sl96_pl336_sd2027.log
phase2_global_all_clip05,ETTh1,96,720,2026,ok,0.4703356921672821,0.4725002348423004,0,28307506,logs/AsySpecX_phase2/phase2_global_all_clip05_ETTh1_sl96_pl720_sd2026.log
phase2_global_all_clip05,ETTh1,96,720,2027,ok,0.46524977684020996,0.4658298194408417,0,28307514,logs/AsySpecX_phase2/phase2_global_all_clip05_ETTh1_sl96_pl720_sd2027.log
phase2_global_all_clip05,ETTh1,96,96,2026,ok,0.38949787616729736,0.39882561564445496,0,28307503,logs/AsySpecX_phase2/phase2_global_all_clip05_ETTh1_sl96_pl96_sd2026.log
phase2_global_all_clip05,ETTh1,96,96,2027,ok,0.3884861171245575,0.39683863520622253,0,28307511,logs/AsySpecX_phase2/phase2_global_all_clip05_ETTh1_sl96_pl96_sd2027.log
phase2_global_all_clip05,ETTm1,720,192,2026,ok,0.34526246786117554,0.3744138479232788,0,28307524,logs/AsySpecX_phase2/phase2_global_all_clip05_ETTm1_sl720_pl192_sd2026.log
phase2_global_all_clip05,ETTm1,720,192,2027,ok,0.34541529417037964,0.3745177984237671,0,28307532,logs/AsySpecX_phase2/phase2_global_all_clip05_ETTm1_sl720_pl192_sd2027.log
phase2_global_all_clip05,ETTm1,720,336,2026,ok,0.37227654457092285,0.3900873363018036,0,28307525,logs/AsySpecX_phase2/phase2_global_all_clip05_ETTm1_sl720_pl336_sd2026.log
phase2_global_all_clip05,ETTm1,720,336,2027,ok,0.37247177958488464,0.3903401792049408,0,28307533,logs/AsySpecX_phase2/phase2_global_all_clip05_ETTm1_sl720_pl336_sd2027.log
phase2_global_all_clip05,ETTm1,720,720,2026,ok,0.4202268123626709,0.41566112637519836,0,28307526,logs/AsySpecX_phase2/phase2_global_all_clip05_ETTm1_sl720_pl720_sd2026.log
phase2_global_all_clip05,ETTm1,720,720,2027,ok,0.42046791315078735,0.4158572554588318,0,28307534,logs/AsySpecX_phase2/phase2_global_all_clip05_ETTm1_sl720_pl720_sd2027.log
phase2_global_all_clip05,ETTm1,720,96,2026,ok,0.31834331154823303,0.35943731665611267,0,28307523,logs/AsySpecX_phase2/phase2_global_all_clip05_ETTm1_sl720_pl96_sd2026.log
phase2_global_all_clip05,ETTm1,720,96,2027,ok,0.3185397684574127,0.3597511053085327,0,28307531,logs/AsySpecX_phase2/phase2_global_all_clip05_ETTm1_sl720_pl96_sd2027.log
phase2_global_all_clip05,ETTm1,96,192,2026,ok,0.402221143245697,0.3999963104724884,0,28307520,logs/AsySpecX_phase2/phase2_global_all_clip05_ETTm1_sl96_pl192_sd2026.log
phase2_global_all_clip05,ETTm1,96,192,2027,ok,0.4030674397945404,0.40063709020614624,0,28307528,logs/AsySpecX_phase2/phase2_global_all_clip05_ETTm1_sl96_pl192_sd2027.log
phase2_global_all_clip05,ETTm1,96,336,2026,ok,0.4327769875526428,0.4199485182762146,0,28307521,logs/AsySpecX_phase2/phase2_global_all_clip05_ETTm1_sl96_pl336_sd2026.log
phase2_global_all_clip05,ETTm1,96,336,2027,ok,0.43383708596229553,0.4206678569316864,0,28307529,logs/AsySpecX_phase2/phase2_global_all_clip05_ETTm1_sl96_pl336_sd2027.log
phase2_global_all_clip05,ETTm1,96,720,2026,ok,0.49147918820381165,0.452139675617218,0,28307522,logs/AsySpecX_phase2/phase2_global_all_clip05_ETTm1_sl96_pl720_sd2026.log
phase2_global_all_clip05,ETTm1,96,720,2027,ok,0.4918098449707031,0.45238712430000305,0,28307530,logs/AsySpecX_phase2/phase2_global_all_clip05_ETTm1_sl96_pl720_sd2027.log
phase2_global_all_clip05,ETTm1,96,96,2026,ok,0.3700108230113983,0.38624638319015503,0,28307519,logs/AsySpecX_phase2/phase2_global_all_clip05_ETTm1_sl96_pl96_sd2026.log
phase2_global_all_clip05,ETTm1,96,96,2027,ok,0.36967894434928894,0.38598567247390747,0,28307527,logs/AsySpecX_phase2/phase2_global_all_clip05_ETTm1_sl96_pl96_sd2027.log
phase2_global_all_clip05,PEMS04,96,12,2026,ok,0.09803705662488937,0.20847253501415253,0,28307583,logs/AsySpecX_phase2/phase2_global_all_clip05_PEMS04_sl96_pl12_sd2026.log
phase2_global_all_clip05,PEMS04,96,12,2027,ok,0.10221021622419357,0.21491152048110962,0,28307587,logs/AsySpecX_phase2/phase2_global_all_clip05_PEMS04_sl96_pl12_sd2027.log
phase2_global_all_clip05,PEMS04,96,24,2026,ok,0.1522776037454605,0.26622962951660156,0,28307584,logs/AsySpecX_phase2/phase2_global_all_clip05_PEMS04_sl96_pl24_sd2026.log
phase2_global_all_clip05,PEMS04,96,24,2027,ok,0.15133138000965118,0.26423379778862,0,28307588,logs/AsySpecX_phase2/phase2_global_all_clip05_PEMS04_sl96_pl24_sd2027.log
phase2_global_all_clip05,PEMS04,96,48,2026,ok,0.305297315120697,0.3923918902873993,0,28307585,logs/AsySpecX_phase2/phase2_global_all_clip05_PEMS04_sl96_pl48_sd2026.log
phase2_global_all_clip05,PEMS04,96,48,2027,ok,0.2975058853626251,0.38808661699295044,0,28307589,logs/AsySpecX_phase2/phase2_global_all_clip05_PEMS04_sl96_pl48_sd2027.log
phase2_global_all_clip05,PEMS04,96,96,2026,ok,0.6165047287940979,0.5928574800491333,0,28307586,logs/AsySpecX_phase2/phase2_global_all_clip05_PEMS04_sl96_pl96_sd2026.log
phase2_global_all_clip05,PEMS04,96,96,2027,ok,0.6358635425567627,0.5988142490386963,0,28307590,logs/AsySpecX_phase2/phase2_global_all_clip05_PEMS04_sl96_pl96_sd2027.log
phase2_global_all_clip05,PEMS08,96,12,2026,ok,0.09721794724464417,0.2055818736553192,0,28307591,logs/AsySpecX_phase2/phase2_global_all_clip05_PEMS08_sl96_pl12_sd2026.log
phase2_global_all_clip05,PEMS08,96,12,2027,ok,0.09693491458892822,0.2055915743112564,0,28307595,logs/AsySpecX_phase2/phase2_global_all_clip05_PEMS08_sl96_pl12_sd2027.log
phase2_global_all_clip05,PEMS08,96,24,2026,ok,0.15908005833625793,0.267692506313324,0,28307592,logs/AsySpecX_phase2/phase2_global_all_clip05_PEMS08_sl96_pl24_sd2026.log
phase2_global_all_clip05,PEMS08,96,24,2027,ok,0.16174471378326416,0.2698576748371124,0,28307596,logs/AsySpecX_phase2/phase2_global_all_clip05_PEMS08_sl96_pl24_sd2027.log
phase2_global_all_clip05,PEMS08,96,48,2026,ok,0.3170551657676697,0.39582762122154236,0,28307593,logs/AsySpecX_phase2/phase2_global_all_clip05_PEMS08_sl96_pl48_sd2026.log
phase2_global_all_clip05,PEMS08,96,48,2027,ok,0.3141035735607147,0.3928529918193817,0,28307597,logs/AsySpecX_phase2/phase2_global_all_clip05_PEMS08_sl96_pl48_sd2027.log
phase2_global_all_clip05,PEMS08,96,96,2026,ok,0.7146857380867004,0.6293172836303711,0,28307594,logs/AsySpecX_phase2/phase2_global_all_clip05_PEMS08_sl96_pl96_sd2026.log
phase2_global_all_clip05,PEMS08,96,96,2027,ok,0.7638838887214661,0.6609914302825928,0,28307598,logs/AsySpecX_phase2/phase2_global_all_clip05_PEMS08_sl96_pl96_sd2027.log
phase2_global_all_clip05,electricity,720,192,2026,ok,0.15628118813037872,0.25590506196022034,0,28307556,logs/AsySpecX_phase2/phase2_global_all_clip05_electricity_sl720_pl192_sd2026.log
phase2_global_all_clip05,electricity,720,192,2027,ok,0.15617185831069946,0.2557336688041687,0,28307564,logs/AsySpecX_phase2/phase2_global_all_clip05_electricity_sl720_pl192_sd2027.log
phase2_global_all_clip05,electricity,720,336,2026,ok,0.1717548966407776,0.2710796892642975,0,28307557,logs/AsySpecX_phase2/phase2_global_all_clip05_electricity_sl720_pl336_sd2026.log
phase2_global_all_clip05,electricity,720,336,2027,ok,0.17171746492385864,0.2710537016391754,0,28307565,logs/AsySpecX_phase2/phase2_global_all_clip05_electricity_sl720_pl336_sd2027.log
phase2_global_all_clip05,electricity,720,720,2026,ok,0.21003368496894836,0.30235493183135986,0,28307558,logs/AsySpecX_phase2/phase2_global_all_clip05_electricity_sl720_pl720_sd2026.log
phase2_global_all_clip05,electricity,720,720,2027,ok,0.20999877154827118,0.3024570047855377,0,28307566,logs/AsySpecX_phase2/phase2_global_all_clip05_electricity_sl720_pl720_sd2027.log
phase2_global_all_clip05,electricity,720,96,2026,ok,0.1416679173707962,0.2433733344078064,0,28307555,logs/AsySpecX_phase2/phase2_global_all_clip05_electricity_sl720_pl96_sd2026.log
phase2_global_all_clip05,electricity,720,96,2027,ok,0.1417720913887024,0.24349527060985565,0,28307563,logs/AsySpecX_phase2/phase2_global_all_clip05_electricity_sl720_pl96_sd2027.log
phase2_global_all_clip05,electricity,96,192,2026,ok,0.205045685172081,0.2888481020927429,0,28307552,logs/AsySpecX_phase2/phase2_global_all_clip05_electricity_sl96_pl192_sd2026.log
phase2_global_all_clip05,electricity,96,192,2027,ok,0.20544035732746124,0.28955134749412537,0,28307560,logs/AsySpecX_phase2/phase2_global_all_clip05_electricity_sl96_pl192_sd2027.log
phase2_global_all_clip05,electricity,96,336,2026,ok,0.21935290098190308,0.3032419979572296,0,28307553,logs/AsySpecX_phase2/phase2_global_all_clip05_electricity_sl96_pl336_sd2026.log
phase2_global_all_clip05,electricity,96,336,2027,ok,0.21965225040912628,0.30392131209373474,0,28307561,logs/AsySpecX_phase2/phase2_global_all_clip05_electricity_sl96_pl336_sd2027.log
phase2_global_all_clip05,electricity,96,720,2026,ok,0.26029345393180847,0.33454883098602295,0,28307554,logs/AsySpecX_phase2/phase2_global_all_clip05_electricity_sl96_pl720_sd2026.log
phase2_global_all_clip05,electricity,96,720,2027,ok,0.26015788316726685,0.33431389927864075,0,28307562,logs/AsySpecX_phase2/phase2_global_all_clip05_electricity_sl96_pl720_sd2027.log
phase2_global_all_clip05,electricity,96,96,2026,ok,0.20673230290412903,0.28856998682022095,0,28307551,logs/AsySpecX_phase2/phase2_global_all_clip05_electricity_sl96_pl96_sd2026.log
phase2_global_all_clip05,electricity,96,96,2027,ok,0.20616669952869415,0.2875967025756836,0,28307559,logs/AsySpecX_phase2/phase2_global_all_clip05_electricity_sl96_pl96_sd2027.log
phase2_global_all_clip05,traffic,720,192,2026,ok,0.4045180380344391,0.2833511531352997,0,28307572,logs/AsySpecX_phase2/phase2_global_all_clip05_traffic_sl720_pl192_sd2026.log
phase2_global_all_clip05,traffic,720,192,2027,ok,0.4041026830673218,0.2824544906616211,0,28307580,logs/AsySpecX_phase2/phase2_global_all_clip05_traffic_sl720_pl192_sd2027.log
phase2_global_all_clip05,traffic,720,336,2026,ok,0.4169377386569977,0.287902295589447,0,28307573,logs/AsySpecX_phase2/phase2_global_all_clip05_traffic_sl720_pl336_sd2026.log
phase2_global_all_clip05,traffic,720,336,2027,ok,0.41688087582588196,0.28786906599998474,0,28307581,logs/AsySpecX_phase2/phase2_global_all_clip05_traffic_sl720_pl336_sd2027.log
phase2_global_all_clip05,traffic,720,720,2026,ok,0.4543952941894531,0.3076745867729187,0,28307574,logs/AsySpecX_phase2/phase2_global_all_clip05_traffic_sl720_pl720_sd2026.log
phase2_global_all_clip05,traffic,720,720,2027,ok,0.45437318086624146,0.30806076526641846,0,28307582,logs/AsySpecX_phase2/phase2_global_all_clip05_traffic_sl720_pl720_sd2027.log
phase2_global_all_clip05,traffic,720,96,2026,ok,0.39336398243904114,0.2791523337364197,0,28307571,logs/AsySpecX_phase2/phase2_global_all_clip05_traffic_sl720_pl96_sd2026.log
phase2_global_all_clip05,traffic,720,96,2027,ok,0.3932059109210968,0.27888059616088867,0,28307579,logs/AsySpecX_phase2/phase2_global_all_clip05_traffic_sl720_pl96_sd2027.log
phase2_global_all_clip05,traffic,96,192,2026,ok,0.6073927879333496,0.3750526010990143,0,28307568,logs/AsySpecX_phase2/phase2_global_all_clip05_traffic_sl96_pl192_sd2026.log
phase2_global_all_clip05,traffic,96,192,2027,ok,0.6082273125648499,0.3734298646450043,0,28307576,logs/AsySpecX_phase2/phase2_global_all_clip05_traffic_sl96_pl192_sd2027.log
phase2_global_all_clip05,traffic,96,336,2026,ok,0.6152120232582092,0.37937474250793457,0,28307569,logs/AsySpecX_phase2/phase2_global_all_clip05_traffic_sl96_pl336_sd2026.log
phase2_global_all_clip05,traffic,96,336,2027,ok,0.6178775429725647,0.38680151104927063,0,28307577,logs/AsySpecX_phase2/phase2_global_all_clip05_traffic_sl96_pl336_sd2027.log
phase2_global_all_clip05,traffic,96,720,2026,ok,0.6559793949127197,0.40540850162506104,0,28307570,logs/AsySpecX_phase2/phase2_global_all_clip05_traffic_sl96_pl720_sd2026.log
phase2_global_all_clip05,traffic,96,720,2027,ok,0.6519150733947754,0.39616817235946655,0,28307578,logs/AsySpecX_phase2/phase2_global_all_clip05_traffic_sl96_pl720_sd2027.log
phase2_global_all_clip05,traffic,96,96,2026,ok,0.6589204668998718,0.3997699022293091,0,28307567,logs/AsySpecX_phase2/phase2_global_all_clip05_traffic_sl96_pl96_sd2026.log
phase2_global_all_clip05,traffic,96,96,2027,ok,0.6581070423126221,0.39811912178993225,0,28307575,logs/AsySpecX_phase2/phase2_global_all_clip05_traffic_sl96_pl96_sd2027.log
phase2_global_all_clip05,weather,720,192,2026,ok,0.21399737894535065,0.2621839642524719,0,28307540,logs/AsySpecX_phase2/phase2_global_all_clip05_weather_sl720_pl192_sd2026.log
phase2_global_all_clip05,weather,720,192,2027,ok,0.21411724388599396,0.2623395621776581,0,28307548,logs/AsySpecX_phase2/phase2_global_all_clip05_weather_sl720_pl192_sd2027.log
phase2_global_all_clip05,weather,720,336,2026,ok,0.25884565711021423,0.2957170605659485,0,28307541,logs/AsySpecX_phase2/phase2_global_all_clip05_weather_sl720_pl336_sd2026.log
phase2_global_all_clip05,weather,720,336,2027,ok,0.25893890857696533,0.2957506477832794,0,28307549,logs/AsySpecX_phase2/phase2_global_all_clip05_weather_sl720_pl336_sd2027.log
phase2_global_all_clip05,weather,720,720,2026,ok,0.3209853768348694,0.33968454599380493,0,28307542,logs/AsySpecX_phase2/phase2_global_all_clip05_weather_sl720_pl720_sd2026.log
phase2_global_all_clip05,weather,720,720,2027,ok,0.32106590270996094,0.3398127257823944,0,28307550,logs/AsySpecX_phase2/phase2_global_all_clip05_weather_sl720_pl720_sd2027.log
phase2_global_all_clip05,weather,720,96,2026,ok,0.1718815267086029,0.2279176563024521,0,28307539,logs/AsySpecX_phase2/phase2_global_all_clip05_weather_sl720_pl96_sd2026.log
phase2_global_all_clip05,weather,720,96,2027,ok,0.17206193506717682,0.2279682457447052,0,28307547,logs/AsySpecX_phase2/phase2_global_all_clip05_weather_sl720_pl96_sd2027.log
phase2_global_all_clip05,weather,96,192,2026,ok,0.251930832862854,0.28614699840545654,0,28307536,logs/AsySpecX_phase2/phase2_global_all_clip05_weather_sl96_pl192_sd2026.log
phase2_global_all_clip05,weather,96,192,2027,ok,0.25287505984306335,0.2869637608528137,0,28307544,logs/AsySpecX_phase2/phase2_global_all_clip05_weather_sl96_pl192_sd2027.log
phase2_global_all_clip05,weather,96,336,2026,ok,0.3017069697380066,0.3188672661781311,0,28307537,logs/AsySpecX_phase2/phase2_global_all_clip05_weather_sl96_pl336_sd2026.log
phase2_global_all_clip05,weather,96,336,2027,ok,0.3020157217979431,0.3192426562309265,0,28307545,logs/AsySpecX_phase2/phase2_global_all_clip05_weather_sl96_pl336_sd2027.log
phase2_global_all_clip05,weather,96,720,2026,ok,0.3715403079986572,0.36219990253448486,0,28307538,logs/AsySpecX_phase2/phase2_global_all_clip05_weather_sl96_pl720_sd2026.log
phase2_global_all_clip05,weather,96,720,2027,ok,0.37173494696617126,0.36237648129463196,0,28307546,logs/AsySpecX_phase2/phase2_global_all_clip05_weather_sl96_pl720_sd2027.log
phase2_global_all_clip05,weather,96,96,2026,ok,0.2088005393743515,0.25370216369628906,0,28307535,logs/AsySpecX_phase2/phase2_global_all_clip05_weather_sl96_pl96_sd2026.log
phase2_global_all_clip05,weather,96,96,2027,ok,0.21034342050552368,0.25550541281700134,0,28307543,logs/AsySpecX_phase2/phase2_global_all_clip05_weather_sl96_pl96_sd2027.log
phase2_global_diag_only,ETTh1,720,192,2026,ok,0.41376933455467224,0.42270585894584656,0,28306932,logs/AsySpecX_phase2/phase2_global_diag_only_ETTh1_sl720_pl192_sd2026.log
phase2_global_diag_only,ETTh1,720,192,2027,ok,0.4135700464248657,0.42259690165519714,0,28306940,logs/AsySpecX_phase2/phase2_global_diag_only_ETTh1_sl720_pl192_sd2027.log
phase2_global_diag_only,ETTh1,720,336,2026,ok,0.43436434864997864,0.4412667751312256,0,28306933,logs/AsySpecX_phase2/phase2_global_diag_only_ETTh1_sl720_pl336_sd2026.log
phase2_global_diag_only,ETTh1,720,336,2027,ok,0.4327838718891144,0.4388532042503357,0,28306941,logs/AsySpecX_phase2/phase2_global_diag_only_ETTh1_sl720_pl336_sd2027.log
phase2_global_diag_only,ETTh1,720,720,2026,ok,0.4311317801475525,0.45757871866226196,0,28306934,logs/AsySpecX_phase2/phase2_global_diag_only_ETTh1_sl720_pl720_sd2026.log
phase2_global_diag_only,ETTh1,720,720,2027,ok,0.43405473232269287,0.46002906560897827,0,28306942,logs/AsySpecX_phase2/phase2_global_diag_only_ETTh1_sl720_pl720_sd2027.log
phase2_global_diag_only,ETTh1,720,96,2026,ok,0.3791467249393463,0.4023420810699463,0,28306931,logs/AsySpecX_phase2/phase2_global_diag_only_ETTh1_sl720_pl96_sd2026.log
phase2_global_diag_only,ETTh1,720,96,2027,ok,0.37927600741386414,0.40247005224227905,0,28306939,logs/AsySpecX_phase2/phase2_global_diag_only_ETTh1_sl720_pl96_sd2027.log
phase2_global_diag_only,ETTh1,96,192,2026,ok,0.4365787208080292,0.4272242486476898,0,28306928,logs/AsySpecX_phase2/phase2_global_diag_only_ETTh1_sl96_pl192_sd2026.log
phase2_global_diag_only,ETTh1,96,192,2027,ok,0.43674448132514954,0.42592528462409973,0,28306936,logs/AsySpecX_phase2/phase2_global_diag_only_ETTh1_sl96_pl192_sd2027.log
phase2_global_diag_only,ETTh1,96,336,2026,ok,0.47750240564346313,0.45017170906066895,0,28306929,logs/AsySpecX_phase2/phase2_global_diag_only_ETTh1_sl96_pl336_sd2026.log
phase2_global_diag_only,ETTh1,96,336,2027,ok,0.48356062173843384,0.45676660537719727,0,28306937,logs/AsySpecX_phase2/phase2_global_diag_only_ETTh1_sl96_pl336_sd2027.log
phase2_global_diag_only,ETTh1,96,720,2026,ok,0.47023478150367737,0.4723849594593048,0,28306930,logs/AsySpecX_phase2/phase2_global_diag_only_ETTh1_sl96_pl720_sd2026.log
phase2_global_diag_only,ETTh1,96,720,2027,ok,0.4651893079280853,0.4656360447406769,0,28306938,logs/AsySpecX_phase2/phase2_global_diag_only_ETTh1_sl96_pl720_sd2027.log
phase2_global_diag_only,ETTh1,96,96,2026,ok,0.3894672393798828,0.3987385332584381,0,28306927,logs/AsySpecX_phase2/phase2_global_diag_only_ETTh1_sl96_pl96_sd2026.log
phase2_global_diag_only,ETTh1,96,96,2027,ok,0.38847872614860535,0.3967148959636688,0,28306935,logs/AsySpecX_phase2/phase2_global_diag_only_ETTh1_sl96_pl96_sd2027.log
phase2_global_diag_only,ETTm1,720,192,2026,ok,0.3445408344268799,0.3737030327320099,0,28306948,logs/AsySpecX_phase2/phase2_global_diag_only_ETTm1_sl720_pl192_sd2026.log
phase2_global_diag_only,ETTm1,720,192,2027,ok,0.34475576877593994,0.3738914728164673,0,28306956,logs/AsySpecX_phase2/phase2_global_diag_only_ETTm1_sl720_pl192_sd2027.log
phase2_global_diag_only,ETTm1,720,336,2026,ok,0.372226744890213,0.3899914622306824,0,28306949,logs/AsySpecX_phase2/phase2_global_diag_only_ETTm1_sl720_pl336_sd2026.log
phase2_global_diag_only,ETTm1,720,336,2027,ok,0.37302538752555847,0.3902706205844879,0,28306957,logs/AsySpecX_phase2/phase2_global_diag_only_ETTm1_sl720_pl336_sd2027.log
phase2_global_diag_only,ETTm1,720,720,2026,ok,0.42160454392433167,0.41650599241256714,0,28306950,logs/AsySpecX_phase2/phase2_global_diag_only_ETTm1_sl720_pl720_sd2026.log
phase2_global_diag_only,ETTm1,720,720,2027,ok,0.42192932963371277,0.41675132513046265,0,28306958,logs/AsySpecX_phase2/phase2_global_diag_only_ETTm1_sl720_pl720_sd2027.log
phase2_global_diag_only,ETTm1,720,96,2026,ok,0.30871695280075073,0.3538839817047119,0,28306947,logs/AsySpecX_phase2/phase2_global_diag_only_ETTm1_sl720_pl96_sd2026.log
phase2_global_diag_only,ETTm1,720,96,2027,ok,0.31521618366241455,0.3570106029510498,0,28306955,logs/AsySpecX_phase2/phase2_global_diag_only_ETTm1_sl720_pl96_sd2027.log
phase2_global_diag_only,ETTm1,96,192,2026,ok,0.39398011565208435,0.39888983964920044,0,28306944,logs/AsySpecX_phase2/phase2_global_diag_only_ETTm1_sl96_pl192_sd2026.log
phase2_global_diag_only,ETTm1,96,192,2027,ok,0.3935992419719696,0.39835798740386963,0,28306952,logs/AsySpecX_phase2/phase2_global_diag_only_ETTm1_sl96_pl192_sd2027.log
phase2_global_diag_only,ETTm1,96,336,2026,ok,0.425067275762558,0.41763609647750854,0,28306945,logs/AsySpecX_phase2/phase2_global_diag_only_ETTm1_sl96_pl336_sd2026.log
phase2_global_diag_only,ETTm1,96,336,2027,ok,0.4249313473701477,0.41821110248565674,0,28306953,logs/AsySpecX_phase2/phase2_global_diag_only_ETTm1_sl96_pl336_sd2027.log
phase2_global_diag_only,ETTm1,96,720,2026,ok,0.48720407485961914,0.44898363947868347,0,28306946,logs/AsySpecX_phase2/phase2_global_diag_only_ETTm1_sl96_pl720_sd2026.log
phase2_global_diag_only,ETTm1,96,720,2027,ok,0.4872947633266449,0.450172483921051,0,28306954,logs/AsySpecX_phase2/phase2_global_diag_only_ETTm1_sl96_pl720_sd2027.log
phase2_global_diag_only,ETTm1,96,96,2026,ok,0.35796621441841125,0.3830205202102661,0,28306943,logs/AsySpecX_phase2/phase2_global_diag_only_ETTm1_sl96_pl96_sd2026.log
phase2_global_diag_only,ETTm1,96,96,2027,ok,0.3594442307949066,0.38530829548835754,0,28306951,logs/AsySpecX_phase2/phase2_global_diag_only_ETTm1_sl96_pl96_sd2027.log
phase2_global_diag_only,PEMS04,96,12,2026,ok,0.1252875030040741,0.2360730618238449,0,28307007,logs/AsySpecX_phase2/phase2_global_diag_only_PEMS04_sl96_pl12_sd2026.log
phase2_global_diag_only,PEMS04,96,12,2027,ok,0.1267920732498169,0.23779891431331635,0,28307011,logs/AsySpecX_phase2/phase2_global_diag_only_PEMS04_sl96_pl12_sd2027.log
phase2_global_diag_only,PEMS04,96,24,2026,ok,0.23838967084884644,0.3318837583065033,0,28307008,logs/AsySpecX_phase2/phase2_global_diag_only_PEMS04_sl96_pl24_sd2026.log
phase2_global_diag_only,PEMS04,96,24,2027,ok,0.2363007664680481,0.3306070566177368,0,28307012,logs/AsySpecX_phase2/phase2_global_diag_only_PEMS04_sl96_pl24_sd2027.log
phase2_global_diag_only,PEMS04,96,48,2026,ok,0.5314115881919861,0.5232900977134705,0,28307009,logs/AsySpecX_phase2/phase2_global_diag_only_PEMS04_sl96_pl48_sd2026.log
phase2_global_diag_only,PEMS04,96,48,2027,ok,0.5320764780044556,0.5232878923416138,0,28307013,logs/AsySpecX_phase2/phase2_global_diag_only_PEMS04_sl96_pl48_sd2027.log
phase2_global_diag_only,PEMS04,96,96,2026,ok,1.0585249662399292,0.7905092835426331,0,28307010,logs/AsySpecX_phase2/phase2_global_diag_only_PEMS04_sl96_pl96_sd2026.log
phase2_global_diag_only,PEMS04,96,96,2027,ok,1.0598807334899902,0.7912458777427673,0,28307014,logs/AsySpecX_phase2/phase2_global_diag_only_PEMS04_sl96_pl96_sd2027.log
phase2_global_diag_only,PEMS08,96,12,2026,ok,0.11942892521619797,0.23025111854076385,0,28307015,logs/AsySpecX_phase2/phase2_global_diag_only_PEMS08_sl96_pl12_sd2026.log
phase2_global_diag_only,PEMS08,96,12,2027,ok,0.11940596252679825,0.23111042380332947,0,28307019,logs/AsySpecX_phase2/phase2_global_diag_only_PEMS08_sl96_pl12_sd2027.log
phase2_global_diag_only,PEMS08,96,24,2026,ok,0.22812283039093018,0.32498419284820557,0,28307016,logs/AsySpecX_phase2/phase2_global_diag_only_PEMS08_sl96_pl24_sd2026.log
phase2_global_diag_only,PEMS08,96,24,2027,ok,0.2280191332101822,0.3246617019176483,0,28307020,logs/AsySpecX_phase2/phase2_global_diag_only_PEMS08_sl96_pl24_sd2027.log
phase2_global_diag_only,PEMS08,96,48,2026,ok,0.5377922654151917,0.5287216901779175,0,28307017,logs/AsySpecX_phase2/phase2_global_diag_only_PEMS08_sl96_pl48_sd2026.log
phase2_global_diag_only,PEMS08,96,48,2027,ok,0.5376945734024048,0.5285094380378723,0,28307021,logs/AsySpecX_phase2/phase2_global_diag_only_PEMS08_sl96_pl48_sd2027.log
phase2_global_diag_only,PEMS08,96,96,2026,ok,1.1548488140106201,0.8080033659934998,0,28307018,logs/AsySpecX_phase2/phase2_global_diag_only_PEMS08_sl96_pl96_sd2026.log
phase2_global_diag_only,PEMS08,96,96,2027,ok,1.1535758972167969,0.8073821067810059,0,28307022,logs/AsySpecX_phase2/phase2_global_diag_only_PEMS08_sl96_pl96_sd2027.log
phase2_global_diag_only,electricity,720,192,2026,ok,0.15606358647346497,0.25570452213287354,0,28306980,logs/AsySpecX_phase2/phase2_global_diag_only_electricity_sl720_pl192_sd2026.log
phase2_global_diag_only,electricity,720,192,2027,ok,0.155967578291893,0.25555354356765747,0,28306988,logs/AsySpecX_phase2/phase2_global_diag_only_electricity_sl720_pl192_sd2027.log
phase2_global_diag_only,electricity,720,336,2026,ok,0.17160063982009888,0.27089789509773254,0,28306981,logs/AsySpecX_phase2/phase2_global_diag_only_electricity_sl720_pl336_sd2026.log
phase2_global_diag_only,electricity,720,336,2027,ok,0.17151887714862823,0.2708589434623718,0,28306989,logs/AsySpecX_phase2/phase2_global_diag_only_electricity_sl720_pl336_sd2027.log
phase2_global_diag_only,electricity,720,720,2026,ok,0.20989471673965454,0.3022006154060364,0,28306982,logs/AsySpecX_phase2/phase2_global_diag_only_electricity_sl720_pl720_sd2026.log
phase2_global_diag_only,electricity,720,720,2027,ok,0.20990562438964844,0.3023523688316345,0,28306990,logs/AsySpecX_phase2/phase2_global_diag_only_electricity_sl720_pl720_sd2027.log
phase2_global_diag_only,electricity,720,96,2026,ok,0.14145222306251526,0.24307745695114136,0,28306979,logs/AsySpecX_phase2/phase2_global_diag_only_electricity_sl720_pl96_sd2026.log
phase2_global_diag_only,electricity,720,96,2027,ok,0.14141599833965302,0.24302895367145538,0,28306987,logs/AsySpecX_phase2/phase2_global_diag_only_electricity_sl720_pl96_sd2027.log
phase2_global_diag_only,electricity,96,192,2026,ok,0.20470625162124634,0.2886483371257782,0,28306976,logs/AsySpecX_phase2/phase2_global_diag_only_electricity_sl96_pl192_sd2026.log
phase2_global_diag_only,electricity,96,192,2027,ok,0.20476919412612915,0.28912070393562317,0,28306984,logs/AsySpecX_phase2/phase2_global_diag_only_electricity_sl96_pl192_sd2027.log
phase2_global_diag_only,electricity,96,336,2026,ok,0.21887753903865814,0.3027878999710083,0,28306977,logs/AsySpecX_phase2/phase2_global_diag_only_electricity_sl96_pl336_sd2026.log
phase2_global_diag_only,electricity,96,336,2027,ok,0.21917150914669037,0.3033463954925537,0,28306985,logs/AsySpecX_phase2/phase2_global_diag_only_electricity_sl96_pl336_sd2027.log
phase2_global_diag_only,electricity,96,720,2026,ok,0.25967416167259216,0.3339158296585083,0,28306978,logs/AsySpecX_phase2/phase2_global_diag_only_electricity_sl96_pl720_sd2026.log
phase2_global_diag_only,electricity,96,720,2027,ok,0.2596340775489807,0.3338429033756256,0,28306986,logs/AsySpecX_phase2/phase2_global_diag_only_electricity_sl96_pl720_sd2027.log
phase2_global_diag_only,electricity,96,96,2026,ok,0.2062501460313797,0.28822460770606995,0,28306975,logs/AsySpecX_phase2/phase2_global_diag_only_electricity_sl96_pl96_sd2026.log
phase2_global_diag_only,electricity,96,96,2027,ok,0.20543552935123444,0.2871060371398926,0,28306983,logs/AsySpecX_phase2/phase2_global_diag_only_electricity_sl96_pl96_sd2027.log
phase2_global_diag_only,traffic,720,192,2026,ok,0.4046666920185089,0.28345727920532227,0,28306996,logs/AsySpecX_phase2/phase2_global_diag_only_traffic_sl720_pl192_sd2026.log
phase2_global_diag_only,traffic,720,192,2027,ok,0.4042007327079773,0.28252139687538147,0,28307004,logs/AsySpecX_phase2/phase2_global_diag_only_traffic_sl720_pl192_sd2027.log
phase2_global_diag_only,traffic,720,336,2026,ok,0.41706448793411255,0.28794920444488525,0,28306997,logs/AsySpecX_phase2/phase2_global_diag_only_traffic_sl720_pl336_sd2026.log
phase2_global_diag_only,traffic,720,336,2027,ok,0.41704633831977844,0.28797677159309387,0,28307005,logs/AsySpecX_phase2/phase2_global_diag_only_traffic_sl720_pl336_sd2027.log
phase2_global_diag_only,traffic,720,720,2026,ok,0.4544712007045746,0.30758219957351685,0,28306998,logs/AsySpecX_phase2/phase2_global_diag_only_traffic_sl720_pl720_sd2026.log
phase2_global_diag_only,traffic,720,720,2027,ok,0.45443540811538696,0.3079577684402466,0,28307006,logs/AsySpecX_phase2/phase2_global_diag_only_traffic_sl720_pl720_sd2027.log
phase2_global_diag_only,traffic,720,96,2026,ok,0.39351144433021545,0.2792488634586334,0,28306995,logs/AsySpecX_phase2/phase2_global_diag_only_traffic_sl720_pl96_sd2026.log
phase2_global_diag_only,traffic,720,96,2027,ok,0.39336976408958435,0.2789914906024933,0,28307003,logs/AsySpecX_phase2/phase2_global_diag_only_traffic_sl720_pl96_sd2027.log
phase2_global_diag_only,traffic,96,192,2026,ok,0.6073964238166809,0.3743210732936859,0,28306992,logs/AsySpecX_phase2/phase2_global_diag_only_traffic_sl96_pl192_sd2026.log
phase2_global_diag_only,traffic,96,192,2027,ok,0.6083638072013855,0.37314608693122864,0,28307000,logs/AsySpecX_phase2/phase2_global_diag_only_traffic_sl96_pl192_sd2027.log
phase2_global_diag_only,traffic,96,336,2026,ok,0.6152303814888,0.37870994210243225,0,28306993,logs/AsySpecX_phase2/phase2_global_diag_only_traffic_sl96_pl336_sd2026.log
phase2_global_diag_only,traffic,96,336,2027,ok,0.6176654100418091,0.38604265451431274,0,28307001,logs/AsySpecX_phase2/phase2_global_diag_only_traffic_sl96_pl336_sd2027.log
phase2_global_diag_only,traffic,96,720,2026,ok,0.6556841135025024,0.40463316440582275,0,28306994,logs/AsySpecX_phase2/phase2_global_diag_only_traffic_sl96_pl720_sd2026.log
phase2_global_diag_only,traffic,96,720,2027,ok,0.6518509984016418,0.3954828381538391,0,28307002,logs/AsySpecX_phase2/phase2_global_diag_only_traffic_sl96_pl720_sd2027.log
phase2_global_diag_only,traffic,96,96,2026,ok,0.6590646505355835,0.39956602454185486,0,28306991,logs/AsySpecX_phase2/phase2_global_diag_only_traffic_sl96_pl96_sd2026.log
phase2_global_diag_only,traffic,96,96,2027,ok,0.6583178043365479,0.3979828953742981,0,28306999,logs/AsySpecX_phase2/phase2_global_diag_only_traffic_sl96_pl96_sd2027.log
phase2_global_diag_only,weather,720,192,2026,ok,0.19495335221290588,0.24784977734088898,0,28306964,logs/AsySpecX_phase2/phase2_global_diag_only_weather_sl720_pl192_sd2026.log
phase2_global_diag_only,weather,720,192,2027,ok,0.19407707452774048,0.24687837064266205,0,28306972,logs/AsySpecX_phase2/phase2_global_diag_only_weather_sl720_pl192_sd2027.log
phase2_global_diag_only,weather,720,336,2026,ok,0.24453195929527283,0.286041259765625,0,28306965,logs/AsySpecX_phase2/phase2_global_diag_only_weather_sl720_pl336_sd2026.log
phase2_global_diag_only,weather,720,336,2027,ok,0.2448144257068634,0.2864114046096802,0,28306973,logs/AsySpecX_phase2/phase2_global_diag_only_weather_sl720_pl336_sd2027.log
phase2_global_diag_only,weather,720,720,2026,ok,0.3133753538131714,0.33503344655036926,0,28306966,logs/AsySpecX_phase2/phase2_global_diag_only_weather_sl720_pl720_sd2026.log
phase2_global_diag_only,weather,720,720,2027,ok,0.314517617225647,0.33569347858428955,0,28306974,logs/AsySpecX_phase2/phase2_global_diag_only_weather_sl720_pl720_sd2027.log
phase2_global_diag_only,weather,720,96,2026,ok,0.15422019362449646,0.21213072538375854,0,28306963,logs/AsySpecX_phase2/phase2_global_diag_only_weather_sl720_pl96_sd2026.log
phase2_global_diag_only,weather,720,96,2027,ok,0.15146157145500183,0.20838049054145813,0,28306971,logs/AsySpecX_phase2/phase2_global_diag_only_weather_sl720_pl96_sd2027.log
phase2_global_diag_only,weather,96,192,2026,ok,0.24684548377990723,0.286622554063797,0,28306960,logs/AsySpecX_phase2/phase2_global_diag_only_weather_sl96_pl192_sd2026.log
phase2_global_diag_only,weather,96,192,2027,ok,0.24690574407577515,0.2870461344718933,0,28306968,logs/AsySpecX_phase2/phase2_global_diag_only_weather_sl96_pl192_sd2027.log
phase2_global_diag_only,weather,96,336,2026,ok,0.29770025610923767,0.31972968578338623,0,28306961,logs/AsySpecX_phase2/phase2_global_diag_only_weather_sl96_pl336_sd2026.log
phase2_global_diag_only,weather,96,336,2027,ok,0.29707762598991394,0.3193199336528778,0,28306969,logs/AsySpecX_phase2/phase2_global_diag_only_weather_sl96_pl336_sd2027.log
phase2_global_diag_only,weather,96,720,2026,ok,0.36682581901550293,0.3626072406768799,0,28306962,logs/AsySpecX_phase2/phase2_global_diag_only_weather_sl96_pl720_sd2026.log
phase2_global_diag_only,weather,96,720,2027,ok,0.3671130836009979,0.362955778837204,0,28306970,logs/AsySpecX_phase2/phase2_global_diag_only_weather_sl96_pl720_sd2027.log
phase2_global_diag_only,weather,96,96,2026,ok,0.2024529129266739,0.252166748046875,0,28306959,logs/AsySpecX_phase2/phase2_global_diag_only_weather_sl96_pl96_sd2026.log
phase2_global_diag_only,weather,96,96,2027,ok,0.19742344319820404,0.25031840801239014,0,28306967,logs/AsySpecX_phase2/phase2_global_diag_only_weather_sl96_pl96_sd2027.log
phase2_global_offdiag_only,ETTh1,720,192,2026,ok,0.414284348487854,0.4229685962200165,0,28307028,logs/AsySpecX_phase2/phase2_global_offdiag_only_ETTh1_sl720_pl192_sd2026.log
phase2_global_offdiag_only,ETTh1,720,192,2027,ok,0.41418492794036865,0.422850638628006,0,28307036,logs/AsySpecX_phase2/phase2_global_offdiag_only_ETTh1_sl720_pl192_sd2027.log
phase2_global_offdiag_only,ETTh1,720,336,2026,ok,0.434291273355484,0.441189169883728,0,28307029,logs/AsySpecX_phase2/phase2_global_offdiag_only_ETTh1_sl720_pl336_sd2026.log
phase2_global_offdiag_only,ETTh1,720,336,2027,ok,0.4332519769668579,0.4369828701019287,0,28307037,logs/AsySpecX_phase2/phase2_global_offdiag_only_ETTh1_sl720_pl336_sd2027.log
phase2_global_offdiag_only,ETTh1,720,720,2026,ok,0.4312650263309479,0.4573739171028137,0,28307030,logs/AsySpecX_phase2/phase2_global_offdiag_only_ETTh1_sl720_pl720_sd2026.log
phase2_global_offdiag_only,ETTh1,720,720,2027,ok,0.4339853525161743,0.4596879184246063,0,28307038,logs/AsySpecX_phase2/phase2_global_offdiag_only_ETTh1_sl720_pl720_sd2027.log
phase2_global_offdiag_only,ETTh1,720,96,2026,ok,0.37923526763916016,0.4024452865123749,0,28307027,logs/AsySpecX_phase2/phase2_global_offdiag_only_ETTh1_sl720_pl96_sd2026.log
phase2_global_offdiag_only,ETTh1,720,96,2027,ok,0.3795159161090851,0.40263912081718445,0,28307035,logs/AsySpecX_phase2/phase2_global_offdiag_only_ETTh1_sl720_pl96_sd2027.log
phase2_global_offdiag_only,ETTh1,96,192,2026,ok,0.43575093150138855,0.426356703042984,0,28307024,logs/AsySpecX_phase2/phase2_global_offdiag_only_ETTh1_sl96_pl192_sd2026.log
phase2_global_offdiag_only,ETTh1,96,192,2027,ok,0.43660062551498413,0.425669401884079,0,28307032,logs/AsySpecX_phase2/phase2_global_offdiag_only_ETTh1_sl96_pl192_sd2027.log
phase2_global_offdiag_only,ETTh1,96,336,2026,ok,0.47714999318122864,0.4497050642967224,0,28307025,logs/AsySpecX_phase2/phase2_global_offdiag_only_ETTh1_sl96_pl336_sd2026.log
phase2_global_offdiag_only,ETTh1,96,336,2027,ok,0.48282521963119507,0.4561266303062439,0,28307033,logs/AsySpecX_phase2/phase2_global_offdiag_only_ETTh1_sl96_pl336_sd2027.log
phase2_global_offdiag_only,ETTh1,96,720,2026,ok,0.46864500641822815,0.471003919839859,0,28307026,logs/AsySpecX_phase2/phase2_global_offdiag_only_ETTh1_sl96_pl720_sd2026.log
phase2_global_offdiag_only,ETTh1,96,720,2027,ok,0.4637194871902466,0.4638685882091522,0,28307034,logs/AsySpecX_phase2/phase2_global_offdiag_only_ETTh1_sl96_pl720_sd2027.log
phase2_global_offdiag_only,ETTh1,96,96,2026,ok,0.38899242877960205,0.3982642590999603,0,28307023,logs/AsySpecX_phase2/phase2_global_offdiag_only_ETTh1_sl96_pl96_sd2026.log
phase2_global_offdiag_only,ETTh1,96,96,2027,ok,0.38832032680511475,0.39663708209991455,0,28307031,logs/AsySpecX_phase2/phase2_global_offdiag_only_ETTh1_sl96_pl96_sd2027.log
phase2_global_offdiag_only,ETTm1,720,192,2026,ok,0.3484429717063904,0.3788667619228363,0,28307044,logs/AsySpecX_phase2/phase2_global_offdiag_only_ETTm1_sl720_pl192_sd2026.log
phase2_global_offdiag_only,ETTm1,720,192,2027,ok,0.34961819648742676,0.3795804977416992,0,28307052,logs/AsySpecX_phase2/phase2_global_offdiag_only_ETTm1_sl720_pl192_sd2027.log
phase2_global_offdiag_only,ETTm1,720,336,2026,ok,0.37875425815582275,0.3985120356082916,0,28307045,logs/AsySpecX_phase2/phase2_global_offdiag_only_ETTm1_sl720_pl336_sd2026.log
phase2_global_offdiag_only,ETTm1,720,336,2027,ok,0.3775700330734253,0.3976823091506958,0,28307053,logs/AsySpecX_phase2/phase2_global_offdiag_only_ETTm1_sl720_pl336_sd2027.log
phase2_global_offdiag_only,ETTm1,720,720,2026,ok,0.4226820468902588,0.42049479484558105,0,28307046,logs/AsySpecX_phase2/phase2_global_offdiag_only_ETTm1_sl720_pl720_sd2026.log
phase2_global_offdiag_only,ETTm1,720,720,2027,ok,0.4244876503944397,0.4217582643032074,0,28307054,logs/AsySpecX_phase2/phase2_global_offdiag_only_ETTm1_sl720_pl720_sd2027.log
phase2_global_offdiag_only,ETTm1,720,96,2026,ok,0.32023343443870544,0.3614063560962677,0,28307043,logs/AsySpecX_phase2/phase2_global_offdiag_only_ETTm1_sl720_pl96_sd2026.log
phase2_global_offdiag_only,ETTm1,720,96,2027,ok,0.32113397121429443,0.36174526810646057,0,28307051,logs/AsySpecX_phase2/phase2_global_offdiag_only_ETTm1_sl720_pl96_sd2027.log
phase2_global_offdiag_only,ETTm1,96,192,2026,ok,0.39156562089920044,0.39694708585739136,0,28307040,logs/AsySpecX_phase2/phase2_global_offdiag_only_ETTm1_sl96_pl192_sd2026.log
phase2_global_offdiag_only,ETTm1,96,192,2027,ok,0.39329278469085693,0.39672163128852844,0,28307048,logs/AsySpecX_phase2/phase2_global_offdiag_only_ETTm1_sl96_pl192_sd2027.log
phase2_global_offdiag_only,ETTm1,96,336,2026,ok,0.4217069447040558,0.4148480296134949,0,28307041,logs/AsySpecX_phase2/phase2_global_offdiag_only_ETTm1_sl96_pl336_sd2026.log
phase2_global_offdiag_only,ETTm1,96,336,2027,ok,0.42084112763404846,0.4139667749404907,0,28307049,logs/AsySpecX_phase2/phase2_global_offdiag_only_ETTm1_sl96_pl336_sd2027.log
phase2_global_offdiag_only,ETTm1,96,720,2026,ok,0.4846501648426056,0.44700658321380615,0,28307042,logs/AsySpecX_phase2/phase2_global_offdiag_only_ETTm1_sl96_pl720_sd2026.log
phase2_global_offdiag_only,ETTm1,96,720,2027,ok,0.4834389090538025,0.4463798403739929,0,28307050,logs/AsySpecX_phase2/phase2_global_offdiag_only_ETTm1_sl96_pl720_sd2027.log
phase2_global_offdiag_only,ETTm1,96,96,2026,ok,0.35312598943710327,0.37926435470581055,0,28307039,logs/AsySpecX_phase2/phase2_global_offdiag_only_ETTm1_sl96_pl96_sd2026.log
phase2_global_offdiag_only,ETTm1,96,96,2027,ok,0.361432284116745,0.3854197859764099,0,28307047,logs/AsySpecX_phase2/phase2_global_offdiag_only_ETTm1_sl96_pl96_sd2027.log
phase2_global_offdiag_only,PEMS04,96,12,2026,ok,0.09649459272623062,0.2068406343460083,0,28307103,logs/AsySpecX_phase2/phase2_global_offdiag_only_PEMS04_sl96_pl12_sd2026.log
phase2_global_offdiag_only,PEMS04,96,12,2027,ok,0.09654267132282257,0.20677591860294342,0,28307107,logs/AsySpecX_phase2/phase2_global_offdiag_only_PEMS04_sl96_pl12_sd2027.log
phase2_global_offdiag_only,PEMS04,96,24,2026,ok,0.14624541997909546,0.25983893871307373,0,28307104,logs/AsySpecX_phase2/phase2_global_offdiag_only_PEMS04_sl96_pl24_sd2026.log
phase2_global_offdiag_only,PEMS04,96,24,2027,ok,0.14666107296943665,0.26014962792396545,0,28307108,logs/AsySpecX_phase2/phase2_global_offdiag_only_PEMS04_sl96_pl24_sd2027.log
phase2_global_offdiag_only,PEMS04,96,48,2026,ok,0.2605671286582947,0.3637436628341675,0,28307105,logs/AsySpecX_phase2/phase2_global_offdiag_only_PEMS04_sl96_pl48_sd2026.log
phase2_global_offdiag_only,PEMS04,96,48,2027,ok,0.25775137543678284,0.36124497652053833,0,28307109,logs/AsySpecX_phase2/phase2_global_offdiag_only_PEMS04_sl96_pl48_sd2027.log
phase2_global_offdiag_only,PEMS04,96,96,2026,ok,0.4125114381313324,0.4744252860546112,0,28307106,logs/AsySpecX_phase2/phase2_global_offdiag_only_PEMS04_sl96_pl96_sd2026.log
phase2_global_offdiag_only,PEMS04,96,96,2027,ok,0.43308061361312866,0.48776331543922424,0,28307110,logs/AsySpecX_phase2/phase2_global_offdiag_only_PEMS04_sl96_pl96_sd2027.log
phase2_global_offdiag_only,PEMS08,96,12,2026,ok,0.09524571150541306,0.20211555063724518,0,28307111,logs/AsySpecX_phase2/phase2_global_offdiag_only_PEMS08_sl96_pl12_sd2026.log
phase2_global_offdiag_only,PEMS08,96,12,2027,ok,0.09541809558868408,0.20219355821609497,0,28307115,logs/AsySpecX_phase2/phase2_global_offdiag_only_PEMS08_sl96_pl12_sd2027.log
phase2_global_offdiag_only,PEMS08,96,24,2026,ok,0.1559721678495407,0.2622649371623993,0,28307112,logs/AsySpecX_phase2/phase2_global_offdiag_only_PEMS08_sl96_pl24_sd2026.log
phase2_global_offdiag_only,PEMS08,96,24,2027,ok,0.15519408881664276,0.2614428997039795,0,28307116,logs/AsySpecX_phase2/phase2_global_offdiag_only_PEMS08_sl96_pl24_sd2027.log
phase2_global_offdiag_only,PEMS08,96,48,2026,ok,0.3135160505771637,0.3922536373138428,0,28307113,logs/AsySpecX_phase2/phase2_global_offdiag_only_PEMS08_sl96_pl48_sd2026.log
phase2_global_offdiag_only,PEMS08,96,48,2027,ok,0.3299453854560852,0.4020998179912567,0,28307117,logs/AsySpecX_phase2/phase2_global_offdiag_only_PEMS08_sl96_pl48_sd2027.log
phase2_global_offdiag_only,PEMS08,96,96,2026,ok,0.6666006445884705,0.6065964698791504,0,28307114,logs/AsySpecX_phase2/phase2_global_offdiag_only_PEMS08_sl96_pl96_sd2026.log
phase2_global_offdiag_only,PEMS08,96,96,2027,ok,0.6319395303726196,0.5840188264846802,0,28307118,logs/AsySpecX_phase2/phase2_global_offdiag_only_PEMS08_sl96_pl96_sd2027.log
phase2_global_offdiag_only,electricity,720,192,2026,ok,0.15627002716064453,0.25614306330680847,0,28307076,logs/AsySpecX_phase2/phase2_global_offdiag_only_electricity_sl720_pl192_sd2026.log
phase2_global_offdiag_only,electricity,720,192,2027,ok,0.15615464746952057,0.2558107376098633,0,28307084,logs/AsySpecX_phase2/phase2_global_offdiag_only_electricity_sl720_pl192_sd2027.log
phase2_global_offdiag_only,electricity,720,336,2026,ok,0.17163947224617004,0.27134382724761963,0,28307077,logs/AsySpecX_phase2/phase2_global_offdiag_only_electricity_sl720_pl336_sd2026.log
phase2_global_offdiag_only,electricity,720,336,2027,ok,0.17166738212108612,0.27121251821517944,0,28307085,logs/AsySpecX_phase2/phase2_global_offdiag_only_electricity_sl720_pl336_sd2027.log
phase2_global_offdiag_only,electricity,720,720,2026,ok,0.2100759595632553,0.3038240373134613,0,28307078,logs/AsySpecX_phase2/phase2_global_offdiag_only_electricity_sl720_pl720_sd2026.log
phase2_global_offdiag_only,electricity,720,720,2027,ok,0.21015973389148712,0.30361732840538025,0,28307086,logs/AsySpecX_phase2/phase2_global_offdiag_only_electricity_sl720_pl720_sd2027.log
phase2_global_offdiag_only,electricity,720,96,2026,ok,0.14151108264923096,0.24326910078525543,0,28307075,logs/AsySpecX_phase2/phase2_global_offdiag_only_electricity_sl720_pl96_sd2026.log
phase2_global_offdiag_only,electricity,720,96,2027,ok,0.14176568388938904,0.24356618523597717,0,28307083,logs/AsySpecX_phase2/phase2_global_offdiag_only_electricity_sl720_pl96_sd2027.log
phase2_global_offdiag_only,electricity,96,192,2026,ok,0.20301513373851776,0.28941136598587036,0,28307072,logs/AsySpecX_phase2/phase2_global_offdiag_only_electricity_sl96_pl192_sd2026.log
phase2_global_offdiag_only,electricity,96,192,2027,ok,0.2035159021615982,0.28984254598617554,0,28307080,logs/AsySpecX_phase2/phase2_global_offdiag_only_electricity_sl96_pl192_sd2027.log
phase2_global_offdiag_only,electricity,96,336,2026,ok,0.21773262321949005,0.3047742545604706,0,28307073,logs/AsySpecX_phase2/phase2_global_offdiag_only_electricity_sl96_pl336_sd2026.log
phase2_global_offdiag_only,electricity,96,336,2027,ok,0.21762271225452423,0.3046348989009857,0,28307081,logs/AsySpecX_phase2/phase2_global_offdiag_only_electricity_sl96_pl336_sd2027.log
phase2_global_offdiag_only,electricity,96,720,2026,ok,0.25786706805229187,0.33509325981140137,0,28307074,logs/AsySpecX_phase2/phase2_global_offdiag_only_electricity_sl96_pl720_sd2026.log
phase2_global_offdiag_only,electricity,96,720,2027,ok,0.2568778693675995,0.3340626060962677,0,28307082,logs/AsySpecX_phase2/phase2_global_offdiag_only_electricity_sl96_pl720_sd2027.log
phase2_global_offdiag_only,electricity,96,96,2026,ok,0.20396463572978973,0.2878054082393646,0,28307071,logs/AsySpecX_phase2/phase2_global_offdiag_only_electricity_sl96_pl96_sd2026.log
phase2_global_offdiag_only,electricity,96,96,2027,ok,0.20376674830913544,0.28689461946487427,0,28307079,logs/AsySpecX_phase2/phase2_global_offdiag_only_electricity_sl96_pl96_sd2027.log
phase2_global_offdiag_only,traffic,720,192,2026,ok,0.40398111939430237,0.2845143675804138,0,28307092,logs/AsySpecX_phase2/phase2_global_offdiag_only_traffic_sl720_pl192_sd2026.log
phase2_global_offdiag_only,traffic,720,192,2027,ok,0.4020693898200989,0.28275421261787415,0,28307100,logs/AsySpecX_phase2/phase2_global_offdiag_only_traffic_sl720_pl192_sd2027.log
phase2_global_offdiag_only,traffic,720,336,2026,ok,0.415294885635376,0.28901034593582153,0,28307093,logs/AsySpecX_phase2/phase2_global_offdiag_only_traffic_sl720_pl336_sd2026.log
phase2_global_offdiag_only,traffic,720,336,2027,ok,0.4155150353908539,0.28988975286483765,0,28307101,logs/AsySpecX_phase2/phase2_global_offdiag_only_traffic_sl720_pl336_sd2027.log
phase2_global_offdiag_only,traffic,720,720,2026,ok,0.46088793873786926,0.3165424168109894,0,28307094,logs/AsySpecX_phase2/phase2_global_offdiag_only_traffic_sl720_pl720_sd2026.log
phase2_global_offdiag_only,traffic,720,720,2027,ok,0.4624435603618622,0.31588631868362427,0,28307102,logs/AsySpecX_phase2/phase2_global_offdiag_only_traffic_sl720_pl720_sd2027.log
phase2_global_offdiag_only,traffic,720,96,2026,ok,0.3901995122432709,0.2793440520763397,0,28307091,logs/AsySpecX_phase2/phase2_global_offdiag_only_traffic_sl720_pl96_sd2026.log
phase2_global_offdiag_only,traffic,720,96,2027,ok,0.3896421492099762,0.2789289951324463,0,28307099,logs/AsySpecX_phase2/phase2_global_offdiag_only_traffic_sl720_pl96_sd2027.log
phase2_global_offdiag_only,traffic,96,192,2026,ok,0.6106810569763184,0.3776014745235443,0,28307088,logs/AsySpecX_phase2/phase2_global_offdiag_only_traffic_sl96_pl192_sd2026.log
phase2_global_offdiag_only,traffic,96,192,2027,ok,0.6060539484024048,0.37537336349487305,0,28307096,logs/AsySpecX_phase2/phase2_global_offdiag_only_traffic_sl96_pl192_sd2027.log
phase2_global_offdiag_only,traffic,96,336,2026,ok,0.6223340034484863,0.3844321072101593,0,28307089,logs/AsySpecX_phase2/phase2_global_offdiag_only_traffic_sl96_pl336_sd2026.log
phase2_global_offdiag_only,traffic,96,336,2027,ok,0.6318203210830688,0.38807907700538635,0,28307097,logs/AsySpecX_phase2/phase2_global_offdiag_only_traffic_sl96_pl336_sd2027.log
phase2_global_offdiag_only,traffic,96,720,2026,ok,0.668523907661438,0.4029553234577179,0,28307090,logs/AsySpecX_phase2/phase2_global_offdiag_only_traffic_sl96_pl720_sd2026.log
phase2_global_offdiag_only,traffic,96,720,2027,ok,0.6513026356697083,0.3959357440471649,0,28307098,logs/AsySpecX_phase2/phase2_global_offdiag_only_traffic_sl96_pl720_sd2027.log
phase2_global_offdiag_only,traffic,96,96,2026,ok,0.6551356911659241,0.39906150102615356,0,28307087,logs/AsySpecX_phase2/phase2_global_offdiag_only_traffic_sl96_pl96_sd2026.log
phase2_global_offdiag_only,traffic,96,96,2027,ok,0.6544861793518066,0.39750707149505615,0,28307095,logs/AsySpecX_phase2/phase2_global_offdiag_only_traffic_sl96_pl96_sd2027.log
phase2_global_offdiag_only,weather,720,192,2026,ok,0.21409215033054352,0.261648565530777,0,28307060,logs/AsySpecX_phase2/phase2_global_offdiag_only_weather_sl720_pl192_sd2026.log
phase2_global_offdiag_only,weather,720,192,2027,ok,0.21355202794075012,0.2615203857421875,0,28307068,logs/AsySpecX_phase2/phase2_global_offdiag_only_weather_sl720_pl192_sd2027.log
phase2_global_offdiag_only,weather,720,336,2026,ok,0.25621122121810913,0.29449182748794556,0,28307061,logs/AsySpecX_phase2/phase2_global_offdiag_only_weather_sl720_pl336_sd2026.log
phase2_global_offdiag_only,weather,720,336,2027,ok,0.25812360644340515,0.29534047842025757,0,28307069,logs/AsySpecX_phase2/phase2_global_offdiag_only_weather_sl720_pl336_sd2027.log
phase2_global_offdiag_only,weather,720,720,2026,ok,0.32029950618743896,0.3408661186695099,0,28307062,logs/AsySpecX_phase2/phase2_global_offdiag_only_weather_sl720_pl720_sd2026.log
phase2_global_offdiag_only,weather,720,720,2027,ok,0.3201321065425873,0.34127187728881836,0,28307070,logs/AsySpecX_phase2/phase2_global_offdiag_only_weather_sl720_pl720_sd2027.log
phase2_global_offdiag_only,weather,720,96,2026,ok,0.17335572838783264,0.22825933992862701,0,28307059,logs/AsySpecX_phase2/phase2_global_offdiag_only_weather_sl720_pl96_sd2026.log
phase2_global_offdiag_only,weather,720,96,2027,ok,0.17083075642585754,0.22464144229888916,0,28307067,logs/AsySpecX_phase2/phase2_global_offdiag_only_weather_sl720_pl96_sd2027.log
phase2_global_offdiag_only,weather,96,192,2026,ok,0.24578988552093506,0.28701141476631165,0,28307056,logs/AsySpecX_phase2/phase2_global_offdiag_only_weather_sl96_pl192_sd2026.log
phase2_global_offdiag_only,weather,96,192,2027,ok,0.24629472196102142,0.2879805564880371,0,28307064,logs/AsySpecX_phase2/phase2_global_offdiag_only_weather_sl96_pl192_sd2027.log
phase2_global_offdiag_only,weather,96,336,2026,ok,0.2960091829299927,0.31981006264686584,0,28307057,logs/AsySpecX_phase2/phase2_global_offdiag_only_weather_sl96_pl336_sd2026.log
phase2_global_offdiag_only,weather,96,336,2027,ok,0.29590365290641785,0.319821298122406,0,28307065,logs/AsySpecX_phase2/phase2_global_offdiag_only_weather_sl96_pl336_sd2027.log
phase2_global_offdiag_only,weather,96,720,2026,ok,0.36579659581184387,0.3620170056819916,0,28307058,logs/AsySpecX_phase2/phase2_global_offdiag_only_weather_sl96_pl720_sd2026.log
phase2_global_offdiag_only,weather,96,720,2027,ok,0.36687391996383667,0.3626387119293213,0,28307066,logs/AsySpecX_phase2/phase2_global_offdiag_only_weather_sl96_pl720_sd2027.log
phase2_global_offdiag_only,weather,96,96,2026,ok,0.19829605519771576,0.25226539373397827,0,28307055,logs/AsySpecX_phase2/phase2_global_offdiag_only_weather_sl96_pl96_sd2026.log
phase2_global_offdiag_only,weather,96,96,2027,ok,0.19790752232074738,0.251603364944458,0,28307063,logs/AsySpecX_phase2/phase2_global_offdiag_only_weather_sl96_pl96_sd2027.log
phase2_global_split,ETTh1,720,192,2026,ok,0.41418731212615967,0.42288738489151,0,28307124,logs/AsySpecX_phase2/phase2_global_split_ETTh1_sl720_pl192_sd2026.log
phase2_global_split,ETTh1,720,192,2027,ok,0.41401830315589905,0.42271170020103455,0,28307132,logs/AsySpecX_phase2/phase2_global_split_ETTh1_sl720_pl192_sd2027.log
phase2_global_split,ETTh1,720,336,2026,ok,0.4342058598995209,0.4411289691925049,0,28307125,logs/AsySpecX_phase2/phase2_global_split_ETTh1_sl720_pl336_sd2026.log
phase2_global_split,ETTh1,720,336,2027,ok,0.4331914484500885,0.4368617534637451,0,28307133,logs/AsySpecX_phase2/phase2_global_split_ETTh1_sl720_pl336_sd2027.log
phase2_global_split,ETTh1,720,720,2026,ok,0.4308038651943207,0.4567764103412628,0,28307126,logs/AsySpecX_phase2/phase2_global_split_ETTh1_sl720_pl720_sd2026.log
phase2_global_split,ETTh1,720,720,2027,ok,0.4337165653705597,0.45928648114204407,0,28307134,logs/AsySpecX_phase2/phase2_global_split_ETTh1_sl720_pl720_sd2027.log
phase2_global_split,ETTh1,720,96,2026,ok,0.3791519105434418,0.40245088934898376,0,28307123,logs/AsySpecX_phase2/phase2_global_split_ETTh1_sl720_pl96_sd2026.log
phase2_global_split,ETTh1,720,96,2027,ok,0.37947550415992737,0.402666836977005,0,28307131,logs/AsySpecX_phase2/phase2_global_split_ETTh1_sl720_pl96_sd2027.log
phase2_global_split,ETTh1,96,192,2026,ok,0.4355603754520416,0.4261103570461273,0,28307120,logs/AsySpecX_phase2/phase2_global_split_ETTh1_sl96_pl192_sd2026.log
phase2_global_split,ETTh1,96,192,2027,ok,0.4365857243537903,0.4255635440349579,0,28307128,logs/AsySpecX_phase2/phase2_global_split_ETTh1_sl96_pl192_sd2027.log
phase2_global_split,ETTh1,96,336,2026,ok,0.4766753613948822,0.44909632205963135,0,28307121,logs/AsySpecX_phase2/phase2_global_split_ETTh1_sl96_pl336_sd2026.log
phase2_global_split,ETTh1,96,336,2027,ok,0.4827422797679901,0.45609086751937866,0,28307129,logs/AsySpecX_phase2/phase2_global_split_ETTh1_sl96_pl336_sd2027.log
phase2_global_split,ETTh1,96,720,2026,ok,0.4689279794692993,0.4711747169494629,0,28307122,logs/AsySpecX_phase2/phase2_global_split_ETTh1_sl96_pl720_sd2026.log
phase2_global_split,ETTh1,96,720,2027,ok,0.46331459283828735,0.46317511796951294,0,28307130,logs/AsySpecX_phase2/phase2_global_split_ETTh1_sl96_pl720_sd2027.log
phase2_global_split,ETTh1,96,96,2026,ok,0.3889763057231903,0.3982219696044922,0,28307119,logs/AsySpecX_phase2/phase2_global_split_ETTh1_sl96_pl96_sd2026.log
phase2_global_split,ETTh1,96,96,2027,ok,0.38850265741348267,0.3966383635997772,0,28307127,logs/AsySpecX_phase2/phase2_global_split_ETTh1_sl96_pl96_sd2027.log
phase2_global_split,ETTm1,720,192,2026,ok,0.3472450375556946,0.3782264292240143,0,28307140,logs/AsySpecX_phase2/phase2_global_split_ETTm1_sl720_pl192_sd2026.log
phase2_global_split,ETTm1,720,192,2027,ok,0.35092592239379883,0.3809467554092407,0,28307148,logs/AsySpecX_phase2/phase2_global_split_ETTm1_sl720_pl192_sd2027.log
phase2_global_split,ETTm1,720,336,2026,ok,0.37856239080429077,0.3983331620693207,0,28307141,logs/AsySpecX_phase2/phase2_global_split_ETTm1_sl720_pl336_sd2026.log
phase2_global_split,ETTm1,720,336,2027,ok,0.3788239061832428,0.39774924516677856,0,28307149,logs/AsySpecX_phase2/phase2_global_split_ETTm1_sl720_pl336_sd2027.log
phase2_global_split,ETTm1,720,720,2026,ok,0.4240044951438904,0.4200340211391449,0,28307142,logs/AsySpecX_phase2/phase2_global_split_ETTm1_sl720_pl720_sd2026.log
phase2_global_split,ETTm1,720,720,2027,ok,0.4259655475616455,0.42347776889801025,0,28307150,logs/AsySpecX_phase2/phase2_global_split_ETTm1_sl720_pl720_sd2027.log
phase2_global_split,ETTm1,720,96,2026,ok,0.31587764620780945,0.35960307717323303,0,28307139,logs/AsySpecX_phase2/phase2_global_split_ETTm1_sl720_pl96_sd2026.log
phase2_global_split,ETTm1,720,96,2027,ok,0.31982162594795227,0.36075547337532043,0,28307147,logs/AsySpecX_phase2/phase2_global_split_ETTm1_sl720_pl96_sd2027.log
phase2_global_split,ETTm1,96,192,2026,ok,0.39184436202049255,0.39591649174690247,0,28307136,logs/AsySpecX_phase2/phase2_global_split_ETTm1_sl96_pl192_sd2026.log
phase2_global_split,ETTm1,96,192,2027,ok,0.39188987016677856,0.3966238498687744,0,28307144,logs/AsySpecX_phase2/phase2_global_split_ETTm1_sl96_pl192_sd2027.log
phase2_global_split,ETTm1,96,336,2026,ok,0.4199424386024475,0.41389942169189453,0,28307137,logs/AsySpecX_phase2/phase2_global_split_ETTm1_sl96_pl336_sd2026.log
phase2_global_split,ETTm1,96,336,2027,ok,0.4228830933570862,0.41687530279159546,0,28307145,logs/AsySpecX_phase2/phase2_global_split_ETTm1_sl96_pl336_sd2027.log
phase2_global_split,ETTm1,96,720,2026,ok,0.4873877167701721,0.44885218143463135,0,28307138,logs/AsySpecX_phase2/phase2_global_split_ETTm1_sl96_pl720_sd2026.log
phase2_global_split,ETTm1,96,720,2027,ok,0.4837741255760193,0.44722145795822144,0,28307146,logs/AsySpecX_phase2/phase2_global_split_ETTm1_sl96_pl720_sd2027.log
phase2_global_split,ETTm1,96,96,2026,ok,0.3554268181324005,0.38152071833610535,0,28307135,logs/AsySpecX_phase2/phase2_global_split_ETTm1_sl96_pl96_sd2026.log
phase2_global_split,ETTm1,96,96,2027,ok,0.36194247007369995,0.3864591717720032,0,28307143,logs/AsySpecX_phase2/phase2_global_split_ETTm1_sl96_pl96_sd2027.log
phase2_global_split,PEMS04,96,12,2026,ok,0.09649372100830078,0.20684075355529785,0,28307199,logs/AsySpecX_phase2/phase2_global_split_PEMS04_sl96_pl12_sd2026.log
phase2_global_split,PEMS04,96,12,2027,ok,0.09654070436954498,0.2067747712135315,0,28307203,logs/AsySpecX_phase2/phase2_global_split_PEMS04_sl96_pl12_sd2027.log
phase2_global_split,PEMS04,96,24,2026,ok,0.14623799920082092,0.25983256101608276,0,28307200,logs/AsySpecX_phase2/phase2_global_split_PEMS04_sl96_pl24_sd2026.log
phase2_global_split,PEMS04,96,24,2027,ok,0.14667809009552002,0.2601502537727356,0,28307204,logs/AsySpecX_phase2/phase2_global_split_PEMS04_sl96_pl24_sd2027.log
phase2_global_split,PEMS04,96,48,2026,ok,0.2605058550834656,0.36370599269866943,0,28307201,logs/AsySpecX_phase2/phase2_global_split_PEMS04_sl96_pl48_sd2026.log
phase2_global_split,PEMS04,96,48,2027,ok,0.2576711177825928,0.36119741201400757,0,28307205,logs/AsySpecX_phase2/phase2_global_split_PEMS04_sl96_pl48_sd2027.log
phase2_global_split,PEMS04,96,96,2026,ok,0.4235893487930298,0.4818487763404846,0,28307202,logs/AsySpecX_phase2/phase2_global_split_PEMS04_sl96_pl96_sd2026.log
phase2_global_split,PEMS04,96,96,2027,ok,0.43244174122810364,0.4874858856201172,0,28307206,logs/AsySpecX_phase2/phase2_global_split_PEMS04_sl96_pl96_sd2027.log
phase2_global_split,PEMS08,96,12,2026,ok,0.09520425647497177,0.20208682119846344,0,28307207,logs/AsySpecX_phase2/phase2_global_split_PEMS08_sl96_pl12_sd2026.log
phase2_global_split,PEMS08,96,12,2027,ok,0.09539685398340225,0.20217806100845337,0,28307211,logs/AsySpecX_phase2/phase2_global_split_PEMS08_sl96_pl12_sd2027.log
phase2_global_split,PEMS08,96,24,2026,ok,0.15593281388282776,0.26222848892211914,0,28307208,logs/AsySpecX_phase2/phase2_global_split_PEMS08_sl96_pl24_sd2026.log
phase2_global_split,PEMS08,96,24,2027,ok,0.15516534447669983,0.26141083240509033,0,28307212,logs/AsySpecX_phase2/phase2_global_split_PEMS08_sl96_pl24_sd2027.log
phase2_global_split,PEMS08,96,48,2026,ok,0.31291618943214417,0.3919368386268616,0,28307209,logs/AsySpecX_phase2/phase2_global_split_PEMS08_sl96_pl48_sd2026.log
phase2_global_split,PEMS08,96,48,2027,ok,0.32994943857192993,0.4021078646183014,0,28307213,logs/AsySpecX_phase2/phase2_global_split_PEMS08_sl96_pl48_sd2027.log
phase2_global_split,PEMS08,96,96,2026,ok,0.6737223267555237,0.6097298264503479,0,28307210,logs/AsySpecX_phase2/phase2_global_split_PEMS08_sl96_pl96_sd2026.log
phase2_global_split,PEMS08,96,96,2027,ok,0.6383204460144043,0.5868515968322754,0,28307214,logs/AsySpecX_phase2/phase2_global_split_PEMS08_sl96_pl96_sd2027.log
phase2_global_split,electricity,720,192,2026,ok,0.15627264976501465,0.25614532828330994,0,28307172,logs/AsySpecX_phase2/phase2_global_split_electricity_sl720_pl192_sd2026.log
phase2_global_split,electricity,720,192,2027,ok,0.1561538577079773,0.25581079721450806,0,28307180,logs/AsySpecX_phase2/phase2_global_split_electricity_sl720_pl192_sd2027.log
phase2_global_split,electricity,720,336,2026,ok,0.1716393530368805,0.2713429033756256,0,28307173,logs/AsySpecX_phase2/phase2_global_split_electricity_sl720_pl336_sd2026.log
phase2_global_split,electricity,720,336,2027,ok,0.17166857421398163,0.2711949646472931,0,28307181,logs/AsySpecX_phase2/phase2_global_split_electricity_sl720_pl336_sd2027.log
phase2_global_split,electricity,720,720,2026,ok,0.21008124947547913,0.3038225769996643,0,28307174,logs/AsySpecX_phase2/phase2_global_split_electricity_sl720_pl720_sd2026.log
phase2_global_split,electricity,720,720,2027,ok,0.2101593315601349,0.30363476276397705,0,28307182,logs/AsySpecX_phase2/phase2_global_split_electricity_sl720_pl720_sd2027.log
phase2_global_split,electricity,720,96,2026,ok,0.14149948954582214,0.24326293170452118,0,28307171,logs/AsySpecX_phase2/phase2_global_split_electricity_sl720_pl96_sd2026.log
phase2_global_split,electricity,720,96,2027,ok,0.1417655050754547,0.24356645345687866,0,28307179,logs/AsySpecX_phase2/phase2_global_split_electricity_sl720_pl96_sd2027.log
phase2_global_split,electricity,96,192,2026,ok,0.20575259625911713,0.29190710186958313,0,28307168,logs/AsySpecX_phase2/phase2_global_split_electricity_sl96_pl192_sd2026.log
phase2_global_split,electricity,96,192,2027,ok,0.20351456105709076,0.2898394465446472,0,28307176,logs/AsySpecX_phase2/phase2_global_split_electricity_sl96_pl192_sd2027.log
phase2_global_split,electricity,96,336,2026,ok,0.2177266627550125,0.3045245110988617,0,28307169,logs/AsySpecX_phase2/phase2_global_split_electricity_sl96_pl336_sd2026.log
phase2_global_split,electricity,96,336,2027,ok,0.21763178706169128,0.3046413064002991,0,28307177,logs/AsySpecX_phase2/phase2_global_split_electricity_sl96_pl336_sd2027.log
phase2_global_split,electricity,96,720,2026,ok,0.2578141391277313,0.3350375294685364,0,28307170,logs/AsySpecX_phase2/phase2_global_split_electricity_sl96_pl720_sd2026.log
phase2_global_split,electricity,96,720,2027,ok,0.25687161087989807,0.33405566215515137,0,28307178,logs/AsySpecX_phase2/phase2_global_split_electricity_sl96_pl720_sd2027.log
phase2_global_split,electricity,96,96,2026,ok,0.20397542417049408,0.28780195116996765,0,28307167,logs/AsySpecX_phase2/phase2_global_split_electricity_sl96_pl96_sd2026.log
phase2_global_split,electricity,96,96,2027,ok,0.2036721259355545,0.28706133365631104,0,28307175,logs/AsySpecX_phase2/phase2_global_split_electricity_sl96_pl96_sd2027.log
phase2_global_split,traffic,720,192,2026,ok,0.40260082483291626,0.2838324308395386,0,28307188,logs/AsySpecX_phase2/phase2_global_split_traffic_sl720_pl192_sd2026.log
phase2_global_split,traffic,720,192,2027,ok,0.40201184153556824,0.2826729416847229,0,28307196,logs/AsySpecX_phase2/phase2_global_split_traffic_sl720_pl192_sd2027.log
phase2_global_split,traffic,720,336,2026,ok,0.4152480363845825,0.2889365255832672,0,28307189,logs/AsySpecX_phase2/phase2_global_split_traffic_sl720_pl336_sd2026.log
phase2_global_split,traffic,720,336,2027,ok,0.41547563672065735,0.28989696502685547,0,28307197,logs/AsySpecX_phase2/phase2_global_split_traffic_sl720_pl336_sd2027.log
phase2_global_split,traffic,720,720,2026,ok,0.46104633808135986,0.31682926416397095,0,28307190,logs/AsySpecX_phase2/phase2_global_split_traffic_sl720_pl720_sd2026.log
phase2_global_split,traffic,720,720,2027,ok,0.4624197483062744,0.315870463848114,0,28307198,logs/AsySpecX_phase2/phase2_global_split_traffic_sl720_pl720_sd2027.log
phase2_global_split,traffic,720,96,2026,ok,0.39020177721977234,0.27934518456459045,0,28307187,logs/AsySpecX_phase2/phase2_global_split_traffic_sl720_pl96_sd2026.log
phase2_global_split,traffic,720,96,2027,ok,0.3896421492099762,0.27892765402793884,0,28307195,logs/AsySpecX_phase2/phase2_global_split_traffic_sl720_pl96_sd2027.log
phase2_global_split,traffic,96,192,2026,ok,0.6106324791908264,0.3775738477706909,0,28307184,logs/AsySpecX_phase2/phase2_global_split_traffic_sl96_pl192_sd2026.log
phase2_global_split,traffic,96,192,2027,ok,0.6060333251953125,0.3753666877746582,0,28307192,logs/AsySpecX_phase2/phase2_global_split_traffic_sl96_pl192_sd2027.log
phase2_global_split,traffic,96,336,2026,ok,0.622265636920929,0.38439249992370605,0,28307185,logs/AsySpecX_phase2/phase2_global_split_traffic_sl96_pl336_sd2026.log
phase2_global_split,traffic,96,336,2027,ok,0.6317090392112732,0.3879508972167969,0,28307193,logs/AsySpecX_phase2/phase2_global_split_traffic_sl96_pl336_sd2027.log
phase2_global_split,traffic,96,720,2026,ok,0.6684088706970215,0.4028727412223816,0,28307186,logs/AsySpecX_phase2/phase2_global_split_traffic_sl96_pl720_sd2026.log
phase2_global_split,traffic,96,720,2027,ok,0.651263952255249,0.39591461420059204,0,28307194,logs/AsySpecX_phase2/phase2_global_split_traffic_sl96_pl720_sd2027.log
phase2_global_split,traffic,96,96,2026,ok,0.6551877856254578,0.3991162180900574,0,28307183,logs/AsySpecX_phase2/phase2_global_split_traffic_sl96_pl96_sd2026.log
phase2_global_split,traffic,96,96,2027,ok,0.6544642448425293,0.39747753739356995,0,28307191,logs/AsySpecX_phase2/phase2_global_split_traffic_sl96_pl96_sd2027.log
phase2_global_split,weather,720,192,2026,ok,0.20418566465377808,0.25637856125831604,0,28307156,logs/AsySpecX_phase2/phase2_global_split_weather_sl720_pl192_sd2026.log
phase2_global_split,weather,720,192,2027,ok,0.20379675924777985,0.2556341886520386,0,28307164,logs/AsySpecX_phase2/phase2_global_split_weather_sl720_pl192_sd2027.log
phase2_global_split,weather,720,336,2026,ok,0.25187239050865173,0.2922162711620331,0,28307157,logs/AsySpecX_phase2/phase2_global_split_weather_sl720_pl336_sd2026.log
phase2_global_split,weather,720,336,2027,ok,0.2520368695259094,0.2910129725933075,0,28307165,logs/AsySpecX_phase2/phase2_global_split_weather_sl720_pl336_sd2027.log
phase2_global_split,weather,720,720,2026,ok,0.31697049736976624,0.33847081661224365,0,28307158,logs/AsySpecX_phase2/phase2_global_split_weather_sl720_pl720_sd2026.log
phase2_global_split,weather,720,720,2027,ok,0.31755733489990234,0.3395695090293884,0,28307166,logs/AsySpecX_phase2/phase2_global_split_weather_sl720_pl720_sd2027.log
phase2_global_split,weather,720,96,2026,ok,0.16243544220924377,0.2205001264810562,0,28307155,logs/AsySpecX_phase2/phase2_global_split_weather_sl720_pl96_sd2026.log
phase2_global_split,weather,720,96,2027,ok,0.16050226986408234,0.21784420311450958,0,28307163,logs/AsySpecX_phase2/phase2_global_split_weather_sl720_pl96_sd2027.log
phase2_global_split,weather,96,192,2026,ok,0.24590033292770386,0.2872765362262726,0,28307152,logs/AsySpecX_phase2/phase2_global_split_weather_sl96_pl192_sd2026.log
phase2_global_split,weather,96,192,2027,ok,0.2457190901041031,0.2873499393463135,0,28307160,logs/AsySpecX_phase2/phase2_global_split_weather_sl96_pl192_sd2027.log
phase2_global_split,weather,96,336,2026,ok,0.2958289086818695,0.3195819556713104,0,28307153,logs/AsySpecX_phase2/phase2_global_split_weather_sl96_pl336_sd2026.log
phase2_global_split,weather,96,336,2027,ok,0.2958354353904724,0.3196047842502594,0,28307161,logs/AsySpecX_phase2/phase2_global_split_weather_sl96_pl336_sd2027.log
phase2_global_split,weather,96,720,2026,ok,0.3657064139842987,0.36195412278175354,0,28307154,logs/AsySpecX_phase2/phase2_global_split_weather_sl96_pl720_sd2026.log
phase2_global_split,weather,96,720,2027,ok,0.3667440414428711,0.3625696003437042,0,28307162,logs/AsySpecX_phase2/phase2_global_split_weather_sl96_pl720_sd2027.log
phase2_global_split,weather,96,96,2026,ok,0.19758166372776031,0.25181466341018677,0,28307151,logs/AsySpecX_phase2/phase2_global_split_weather_sl96_pl96_sd2026.log
phase2_global_split,weather,96,96,2027,ok,0.19647203385829926,0.25058096647262573,0,28307159,logs/AsySpecX_phase2/phase2_global_split_weather_sl96_pl96_sd2027.log
phase2_hier_all,ETTh1,720,192,2026,ok,0.4170234501361847,0.4258500933647156,0,28307220,logs/AsySpecX_phase2/phase2_hier_all_ETTh1_sl720_pl192_sd2026.log
phase2_hier_all,ETTh1,720,192,2027,ok,0.4184924066066742,0.4268217086791992,0,28307228,logs/AsySpecX_phase2/phase2_hier_all_ETTh1_sl720_pl192_sd2027.log
phase2_hier_all,ETTh1,720,336,2026,ok,0.44506919384002686,0.44429120421409607,0,28307221,logs/AsySpecX_phase2/phase2_hier_all_ETTh1_sl720_pl336_sd2026.log
phase2_hier_all,ETTh1,720,336,2027,ok,0.4395030736923218,0.43961384892463684,0,28307229,logs/AsySpecX_phase2/phase2_hier_all_ETTh1_sl720_pl336_sd2027.log
phase2_hier_all,ETTh1,720,720,2026,ok,0.4567555785179138,0.4630587100982666,0,28307222,logs/AsySpecX_phase2/phase2_hier_all_ETTh1_sl720_pl720_sd2026.log
phase2_hier_all,ETTh1,720,720,2027,ok,0.4707905948162079,0.4742879271507263,0,28307230,logs/AsySpecX_phase2/phase2_hier_all_ETTh1_sl720_pl720_sd2027.log
phase2_hier_all,ETTh1,720,96,2026,ok,0.38094019889831543,0.40575850009918213,0,28307219,logs/AsySpecX_phase2/phase2_hier_all_ETTh1_sl720_pl96_sd2026.log
phase2_hier_all,ETTh1,720,96,2027,ok,0.3824663460254669,0.40637069940567017,0,28307227,logs/AsySpecX_phase2/phase2_hier_all_ETTh1_sl720_pl96_sd2027.log
phase2_hier_all,ETTh1,96,192,2026,ok,0.438875675201416,0.42674827575683594,0,28307216,logs/AsySpecX_phase2/phase2_hier_all_ETTh1_sl96_pl192_sd2026.log
phase2_hier_all,ETTh1,96,192,2027,ok,0.43913307785987854,0.42578962445259094,0,28307224,logs/AsySpecX_phase2/phase2_hier_all_ETTh1_sl96_pl192_sd2027.log
phase2_hier_all,ETTh1,96,336,2026,ok,0.4795288145542145,0.44579198956489563,0,28307217,logs/AsySpecX_phase2/phase2_hier_all_ETTh1_sl96_pl336_sd2026.log
phase2_hier_all,ETTh1,96,336,2027,ok,0.4790913164615631,0.4463265836238861,0,28307225,logs/AsySpecX_phase2/phase2_hier_all_ETTh1_sl96_pl336_sd2027.log
phase2_hier_all,ETTh1,96,720,2026,ok,0.4710531532764435,0.4606160521507263,0,28307218,logs/AsySpecX_phase2/phase2_hier_all_ETTh1_sl96_pl720_sd2026.log
phase2_hier_all,ETTh1,96,720,2027,ok,0.4674473702907562,0.45471495389938354,0,28307226,logs/AsySpecX_phase2/phase2_hier_all_ETTh1_sl96_pl720_sd2027.log
phase2_hier_all,ETTh1,96,96,2026,ok,0.3925204575061798,0.401002436876297,0,28307215,logs/AsySpecX_phase2/phase2_hier_all_ETTh1_sl96_pl96_sd2026.log
phase2_hier_all,ETTh1,96,96,2027,ok,0.39034685492515564,0.39870959520339966,0,28307223,logs/AsySpecX_phase2/phase2_hier_all_ETTh1_sl96_pl96_sd2027.log
phase2_hier_all,ETTm1,720,192,2026,ok,0.348393052816391,0.3796344995498657,0,28307236,logs/AsySpecX_phase2/phase2_hier_all_ETTm1_sl720_pl192_sd2026.log
phase2_hier_all,ETTm1,720,192,2027,ok,0.3544202446937561,0.3842490315437317,0,28307244,logs/AsySpecX_phase2/phase2_hier_all_ETTm1_sl720_pl192_sd2027.log
phase2_hier_all,ETTm1,720,336,2026,ok,0.3795122504234314,0.39881688356399536,0,28307237,logs/AsySpecX_phase2/phase2_hier_all_ETTm1_sl720_pl336_sd2026.log
phase2_hier_all,ETTm1,720,336,2027,ok,0.38171809911727905,0.4003541171550751,0,28307245,logs/AsySpecX_phase2/phase2_hier_all_ETTm1_sl720_pl336_sd2027.log
phase2_hier_all,ETTm1,720,720,2026,ok,0.4248979687690735,0.4211253225803375,0,28307238,logs/AsySpecX_phase2/phase2_hier_all_ETTm1_sl720_pl720_sd2026.log
phase2_hier_all,ETTm1,720,720,2027,ok,0.4286651015281677,0.42677685618400574,0,28307246,logs/AsySpecX_phase2/phase2_hier_all_ETTm1_sl720_pl720_sd2027.log
phase2_hier_all,ETTm1,720,96,2026,ok,0.31894978880882263,0.36206719279289246,0,28307235,logs/AsySpecX_phase2/phase2_hier_all_ETTm1_sl720_pl96_sd2026.log
phase2_hier_all,ETTm1,720,96,2027,ok,0.32139962911605835,0.3626977205276489,0,28307243,logs/AsySpecX_phase2/phase2_hier_all_ETTm1_sl720_pl96_sd2027.log
phase2_hier_all,ETTm1,96,192,2026,ok,0.3907161355018616,0.3978928029537201,0,28307232,logs/AsySpecX_phase2/phase2_hier_all_ETTm1_sl96_pl192_sd2026.log
phase2_hier_all,ETTm1,96,192,2027,ok,0.39129170775413513,0.398343563079834,0,28307240,logs/AsySpecX_phase2/phase2_hier_all_ETTm1_sl96_pl192_sd2027.log
phase2_hier_all,ETTm1,96,336,2026,ok,0.4181899130344391,0.4144887626171112,0,28307233,logs/AsySpecX_phase2/phase2_hier_all_ETTm1_sl96_pl336_sd2026.log
phase2_hier_all,ETTm1,96,336,2027,ok,0.42103710770606995,0.4160236418247223,0,28307241,logs/AsySpecX_phase2/phase2_hier_all_ETTm1_sl96_pl336_sd2027.log
phase2_hier_all,ETTm1,96,720,2026,ok,0.48194649815559387,0.4465430974960327,0,28307234,logs/AsySpecX_phase2/phase2_hier_all_ETTm1_sl96_pl720_sd2026.log
phase2_hier_all,ETTm1,96,720,2027,ok,0.48314017057418823,0.44712597131729126,0,28307242,logs/AsySpecX_phase2/phase2_hier_all_ETTm1_sl96_pl720_sd2027.log
phase2_hier_all,ETTm1,96,96,2026,ok,0.35817059874534607,0.38496506214141846,0,28307231,logs/AsySpecX_phase2/phase2_hier_all_ETTm1_sl96_pl96_sd2026.log
phase2_hier_all,ETTm1,96,96,2027,ok,0.3631910979747772,0.3869898021221161,0,28307239,logs/AsySpecX_phase2/phase2_hier_all_ETTm1_sl96_pl96_sd2027.log
phase2_hier_all,PEMS04,96,12,2026,ok,0.09383474290370941,0.20545589923858643,0,28307295,logs/AsySpecX_phase2/phase2_hier_all_PEMS04_sl96_pl12_sd2026.log
phase2_hier_all,PEMS04,96,12,2027,ok,0.09393231570720673,0.20547105371952057,0,28307299,logs/AsySpecX_phase2/phase2_hier_all_PEMS04_sl96_pl12_sd2027.log
phase2_hier_all,PEMS04,96,24,2026,ok,0.14079703390598297,0.2577194571495056,0,28307296,logs/AsySpecX_phase2/phase2_hier_all_PEMS04_sl96_pl24_sd2026.log
phase2_hier_all,PEMS04,96,24,2027,ok,0.1402757614850998,0.25737881660461426,0,28307300,logs/AsySpecX_phase2/phase2_hier_all_PEMS04_sl96_pl24_sd2027.log
phase2_hier_all,PEMS04,96,48,2026,ok,0.2552427351474762,0.3618905246257782,0,28307297,logs/AsySpecX_phase2/phase2_hier_all_PEMS04_sl96_pl48_sd2026.log
phase2_hier_all,PEMS04,96,48,2027,ok,0.250786155462265,0.35727250576019287,0,28307301,logs/AsySpecX_phase2/phase2_hier_all_PEMS04_sl96_pl48_sd2027.log
phase2_hier_all,PEMS04,96,96,2026,ok,0.39520972967147827,0.46445977687835693,0,28307298,logs/AsySpecX_phase2/phase2_hier_all_PEMS04_sl96_pl96_sd2026.log
phase2_hier_all,PEMS04,96,96,2027,ok,0.39131397008895874,0.459560364484787,0,28307302,logs/AsySpecX_phase2/phase2_hier_all_PEMS04_sl96_pl96_sd2027.log
phase2_hier_all,PEMS08,96,12,2026,ok,0.09203776717185974,0.20001636445522308,0,28307303,logs/AsySpecX_phase2/phase2_hier_all_PEMS08_sl96_pl12_sd2026.log
phase2_hier_all,PEMS08,96,12,2027,ok,0.09234282374382019,0.2002650797367096,0,28307307,logs/AsySpecX_phase2/phase2_hier_all_PEMS08_sl96_pl12_sd2027.log
phase2_hier_all,PEMS08,96,24,2026,ok,0.15317094326019287,0.2605111598968506,0,28307304,logs/AsySpecX_phase2/phase2_hier_all_PEMS08_sl96_pl24_sd2026.log
phase2_hier_all,PEMS08,96,24,2027,ok,0.15140800178050995,0.25830912590026855,0,28307308,logs/AsySpecX_phase2/phase2_hier_all_PEMS08_sl96_pl24_sd2027.log
phase2_hier_all,PEMS08,96,48,2026,ok,0.29220861196517944,0.38059094548225403,0,28307305,logs/AsySpecX_phase2/phase2_hier_all_PEMS08_sl96_pl48_sd2026.log
phase2_hier_all,PEMS08,96,48,2027,ok,0.2929461896419525,0.3807065188884735,0,28307309,logs/AsySpecX_phase2/phase2_hier_all_PEMS08_sl96_pl48_sd2027.log
phase2_hier_all,PEMS08,96,96,2026,ok,0.5688865184783936,0.5486544966697693,0,28307306,logs/AsySpecX_phase2/phase2_hier_all_PEMS08_sl96_pl96_sd2026.log
phase2_hier_all,PEMS08,96,96,2027,ok,0.5972886681556702,0.562798798084259,0,28307310,logs/AsySpecX_phase2/phase2_hier_all_PEMS08_sl96_pl96_sd2027.log
phase2_hier_all,electricity,720,192,2026,ok,0.15639135241508484,0.25653785467147827,0,28307268,logs/AsySpecX_phase2/phase2_hier_all_electricity_sl720_pl192_sd2026.log
phase2_hier_all,electricity,720,192,2027,ok,0.15608511865139008,0.25601926445961,0,28307276,logs/AsySpecX_phase2/phase2_hier_all_electricity_sl720_pl192_sd2027.log
phase2_hier_all,electricity,720,336,2026,ok,0.17173898220062256,0.2720179557800293,0,28307269,logs/AsySpecX_phase2/phase2_hier_all_electricity_sl720_pl336_sd2026.log
phase2_hier_all,electricity,720,336,2027,ok,0.17168642580509186,0.2713819146156311,0,28307277,logs/AsySpecX_phase2/phase2_hier_all_electricity_sl720_pl336_sd2027.log
phase2_hier_all,electricity,720,720,2026,ok,0.21062037348747253,0.3055254817008972,0,28307270,logs/AsySpecX_phase2/phase2_hier_all_electricity_sl720_pl720_sd2026.log
phase2_hier_all,electricity,720,720,2027,ok,0.21074682474136353,0.3056178390979767,0,28307278,logs/AsySpecX_phase2/phase2_hier_all_electricity_sl720_pl720_sd2027.log
phase2_hier_all,electricity,720,96,2026,ok,0.14120620489120483,0.24309736490249634,0,28307267,logs/AsySpecX_phase2/phase2_hier_all_electricity_sl720_pl96_sd2026.log
phase2_hier_all,electricity,720,96,2027,ok,0.14179076254367828,0.24373489618301392,0,28307275,logs/AsySpecX_phase2/phase2_hier_all_electricity_sl720_pl96_sd2027.log
phase2_hier_all,electricity,96,192,2026,ok,0.20392274856567383,0.2919480502605438,0,28307264,logs/AsySpecX_phase2/phase2_hier_all_electricity_sl96_pl192_sd2026.log
phase2_hier_all,electricity,96,192,2027,ok,0.20367589592933655,0.29124531149864197,0,28307272,logs/AsySpecX_phase2/phase2_hier_all_electricity_sl96_pl192_sd2027.log
phase2_hier_all,electricity,96,336,2026,ok,0.2193203717470169,0.30791619420051575,0,28307265,logs/AsySpecX_phase2/phase2_hier_all_electricity_sl96_pl336_sd2026.log
phase2_hier_all,electricity,96,336,2027,ok,0.2203882783651352,0.30993223190307617,0,28307273,logs/AsySpecX_phase2/phase2_hier_all_electricity_sl96_pl336_sd2027.log
phase2_hier_all,electricity,96,720,2026,ok,0.2575066387653351,0.3368567228317261,0,28307266,logs/AsySpecX_phase2/phase2_hier_all_electricity_sl96_pl720_sd2026.log
phase2_hier_all,electricity,96,720,2027,ok,0.25653138756752014,0.33524051308631897,0,28307274,logs/AsySpecX_phase2/phase2_hier_all_electricity_sl96_pl720_sd2027.log
phase2_hier_all,electricity,96,96,2026,ok,0.20385348796844482,0.28936588764190674,0,28307263,logs/AsySpecX_phase2/phase2_hier_all_electricity_sl96_pl96_sd2026.log
phase2_hier_all,electricity,96,96,2027,ok,0.2041643112897873,0.28922608494758606,0,28307271,logs/AsySpecX_phase2/phase2_hier_all_electricity_sl96_pl96_sd2027.log
phase2_hier_all,traffic,720,192,2026,ok,0.4052900969982147,0.2849891483783722,0,28307284,logs/AsySpecX_phase2/phase2_hier_all_traffic_sl720_pl192_sd2026.log
phase2_hier_all,traffic,720,192,2027,ok,0.4016917943954468,0.2828786373138428,0,28307292,logs/AsySpecX_phase2/phase2_hier_all_traffic_sl720_pl192_sd2027.log
phase2_hier_all,traffic,720,336,2026,ok,0.4207269847393036,0.291299045085907,0,28307285,logs/AsySpecX_phase2/phase2_hier_all_traffic_sl720_pl336_sd2026.log
phase2_hier_all,traffic,720,336,2027,ok,0.4192019999027252,0.2918504476547241,0,28307293,logs/AsySpecX_phase2/phase2_hier_all_traffic_sl720_pl336_sd2027.log
phase2_hier_all,traffic,720,720,2026,ok,0.4714825749397278,0.31695711612701416,0,28307286,logs/AsySpecX_phase2/phase2_hier_all_traffic_sl720_pl720_sd2026.log
phase2_hier_all,traffic,720,720,2027,ok,0.4797956347465515,0.3201887607574463,0,28307294,logs/AsySpecX_phase2/phase2_hier_all_traffic_sl720_pl720_sd2027.log
phase2_hier_all,traffic,720,96,2026,ok,0.3901483714580536,0.27993524074554443,0,28307283,logs/AsySpecX_phase2/phase2_hier_all_traffic_sl720_pl96_sd2026.log
phase2_hier_all,traffic,720,96,2027,ok,0.3914734125137329,0.28030139207839966,0,28307291,logs/AsySpecX_phase2/phase2_hier_all_traffic_sl720_pl96_sd2027.log
phase2_hier_all,traffic,96,192,2026,ok,0.6309206485748291,0.38436776399612427,0,28307280,logs/AsySpecX_phase2/phase2_hier_all_traffic_sl96_pl192_sd2026.log
phase2_hier_all,traffic,96,192,2027,ok,0.6174799203872681,0.3792212903499603,0,28307288,logs/AsySpecX_phase2/phase2_hier_all_traffic_sl96_pl192_sd2027.log
phase2_hier_all,traffic,96,336,2026,ok,0.6481834650039673,0.39077994227409363,0,28307281,logs/AsySpecX_phase2/phase2_hier_all_traffic_sl96_pl336_sd2026.log
phase2_hier_all,traffic,96,336,2027,ok,0.6817221641540527,0.4025285542011261,0,28307289,logs/AsySpecX_phase2/phase2_hier_all_traffic_sl96_pl336_sd2027.log
phase2_hier_all,traffic,96,720,2026,ok,0.6898012757301331,0.40599414706230164,0,28307282,logs/AsySpecX_phase2/phase2_hier_all_traffic_sl96_pl720_sd2026.log
phase2_hier_all,traffic,96,720,2027,ok,0.6619666814804077,0.400378942489624,0,28307290,logs/AsySpecX_phase2/phase2_hier_all_traffic_sl96_pl720_sd2027.log
phase2_hier_all,traffic,96,96,2026,ok,0.6682164669036865,0.4038753807544708,0,28307279,logs/AsySpecX_phase2/phase2_hier_all_traffic_sl96_pl96_sd2026.log
phase2_hier_all,traffic,96,96,2027,ok,0.6667802929878235,0.40425020456314087,0,28307287,logs/AsySpecX_phase2/phase2_hier_all_traffic_sl96_pl96_sd2027.log
phase2_hier_all,weather,720,192,2026,ok,0.20271877944469452,0.25510600209236145,0,28307252,logs/AsySpecX_phase2/phase2_hier_all_weather_sl720_pl192_sd2026.log
phase2_hier_all,weather,720,192,2027,ok,0.2037574052810669,0.2573288381099701,0,28307260,logs/AsySpecX_phase2/phase2_hier_all_weather_sl720_pl192_sd2027.log
phase2_hier_all,weather,720,336,2026,ok,0.2552729845046997,0.29401835799217224,0,28307253,logs/AsySpecX_phase2/phase2_hier_all_weather_sl720_pl336_sd2026.log
phase2_hier_all,weather,720,336,2027,ok,0.25451451539993286,0.29329317808151245,0,28307261,logs/AsySpecX_phase2/phase2_hier_all_weather_sl720_pl336_sd2027.log
phase2_hier_all,weather,720,720,2026,ok,0.31738871335983276,0.3386073112487793,0,28307254,logs/AsySpecX_phase2/phase2_hier_all_weather_sl720_pl720_sd2026.log
phase2_hier_all,weather,720,720,2027,ok,0.3162587285041809,0.33874043822288513,0,28307262,logs/AsySpecX_phase2/phase2_hier_all_weather_sl720_pl720_sd2027.log
phase2_hier_all,weather,720,96,2026,ok,0.1596449315547943,0.2212079018354416,0,28307251,logs/AsySpecX_phase2/phase2_hier_all_weather_sl720_pl96_sd2026.log
phase2_hier_all,weather,720,96,2027,ok,0.15944518148899078,0.21933422982692719,0,28307259,logs/AsySpecX_phase2/phase2_hier_all_weather_sl720_pl96_sd2027.log
phase2_hier_all,weather,96,192,2026,ok,0.2477988749742508,0.28754276037216187,0,28307248,logs/AsySpecX_phase2/phase2_hier_all_weather_sl96_pl192_sd2026.log
phase2_hier_all,weather,96,192,2027,ok,0.24687261879444122,0.2889947295188904,0,28307256,logs/AsySpecX_phase2/phase2_hier_all_weather_sl96_pl192_sd2027.log
phase2_hier_all,weather,96,336,2026,ok,0.2956499755382538,0.31983259320259094,0,28307249,logs/AsySpecX_phase2/phase2_hier_all_weather_sl96_pl336_sd2026.log
phase2_hier_all,weather,96,336,2027,ok,0.2960169315338135,0.32014164328575134,0,28307257,logs/AsySpecX_phase2/phase2_hier_all_weather_sl96_pl336_sd2027.log
phase2_hier_all,weather,96,720,2026,ok,0.36636123061180115,0.36343827843666077,0,28307250,logs/AsySpecX_phase2/phase2_hier_all_weather_sl96_pl720_sd2026.log
phase2_hier_all,weather,96,720,2027,ok,0.3640076816082001,0.3611922562122345,0,28307258,logs/AsySpecX_phase2/phase2_hier_all_weather_sl96_pl720_sd2027.log
phase2_hier_all,weather,96,96,2026,ok,0.19578363001346588,0.24943748116493225,0,28307247,logs/AsySpecX_phase2/phase2_hier_all_weather_sl96_pl96_sd2026.log
phase2_hier_all,weather,96,96,2027,ok,0.19574296474456787,0.250196635723114,0,28307255,logs/AsySpecX_phase2/phase2_hier_all_weather_sl96_pl96_sd2027.log
phase2_hier_all_clip05,ETTh1,720,192,2026,ok,0.4143866002559662,0.4236546754837036,0,28307604,logs/AsySpecX_phase2/phase2_hier_all_clip05_ETTh1_sl720_pl192_sd2026.log
phase2_hier_all_clip05,ETTh1,720,192,2027,ok,0.4141755998134613,0.42348513007164,0,28307613,logs/AsySpecX_phase2/phase2_hier_all_clip05_ETTh1_sl720_pl192_sd2027.log
phase2_hier_all_clip05,ETTh1,720,336,2026,ok,0.43289634585380554,0.43851375579833984,0,28307605,logs/AsySpecX_phase2/phase2_hier_all_clip05_ETTh1_sl720_pl336_sd2026.log
phase2_hier_all_clip05,ETTh1,720,336,2027,ok,0.43300890922546387,0.43660932779312134,0,28307614,logs/AsySpecX_phase2/phase2_hier_all_clip05_ETTh1_sl720_pl336_sd2027.log
phase2_hier_all_clip05,ETTh1,720,720,2026,ok,0.431934118270874,0.45615243911743164,0,28307606,logs/AsySpecX_phase2/phase2_hier_all_clip05_ETTh1_sl720_pl720_sd2026.log
phase2_hier_all_clip05,ETTh1,720,720,2027,ok,0.43442502617836,0.45839181542396545,0,28307615,logs/AsySpecX_phase2/phase2_hier_all_clip05_ETTh1_sl720_pl720_sd2027.log
phase2_hier_all_clip05,ETTh1,720,96,2026,ok,0.37968528270721436,0.40373191237449646,0,28307603,logs/AsySpecX_phase2/phase2_hier_all_clip05_ETTh1_sl720_pl96_sd2026.log
phase2_hier_all_clip05,ETTh1,720,96,2027,ok,0.38023093342781067,0.4042854607105255,0,28307612,logs/AsySpecX_phase2/phase2_hier_all_clip05_ETTh1_sl720_pl96_sd2027.log
phase2_hier_all_clip05,ETTh1,96,192,2026,ok,0.43336591124534607,0.42377859354019165,0,28307600,logs/AsySpecX_phase2/phase2_hier_all_clip05_ETTh1_sl96_pl192_sd2026.log
phase2_hier_all_clip05,ETTh1,96,192,2027,ok,0.435721218585968,0.42429792881011963,0,28307609,logs/AsySpecX_phase2/phase2_hier_all_clip05_ETTh1_sl96_pl192_sd2027.log
phase2_hier_all_clip05,ETTh1,96,336,2026,ok,0.4741649031639099,0.4460076093673706,0,28307601,logs/AsySpecX_phase2/phase2_hier_all_clip05_ETTh1_sl96_pl336_sd2026.log
phase2_hier_all_clip05,ETTh1,96,336,2027,ok,0.47851163148880005,0.45196011662483215,0,28307610,logs/AsySpecX_phase2/phase2_hier_all_clip05_ETTh1_sl96_pl336_sd2027.log
phase2_hier_all_clip05,ETTh1,96,720,2026,ok,0.46468445658683777,0.46675586700439453,0,28307602,logs/AsySpecX_phase2/phase2_hier_all_clip05_ETTh1_sl96_pl720_sd2026.log
phase2_hier_all_clip05,ETTh1,96,720,2027,ok,0.46096980571746826,0.46009090542793274,0,28307611,logs/AsySpecX_phase2/phase2_hier_all_clip05_ETTh1_sl96_pl720_sd2027.log
phase2_hier_all_clip05,ETTh1,96,96,2026,ok,0.38962680101394653,0.39826181530952454,0,28307599,logs/AsySpecX_phase2/phase2_hier_all_clip05_ETTh1_sl96_pl96_sd2026.log
phase2_hier_all_clip05,ETTh1,96,96,2027,ok,0.3880924880504608,0.3963477313518524,0,28307608,logs/AsySpecX_phase2/phase2_hier_all_clip05_ETTh1_sl96_pl96_sd2027.log
phase2_hier_all_clip05,ETTm1,720,192,2026,ok,0.3514963388442993,0.3823237121105194,0,28307621,logs/AsySpecX_phase2/phase2_hier_all_clip05_ETTm1_sl720_pl192_sd2026.log
phase2_hier_all_clip05,ETTm1,720,192,2027,ok,0.35598263144493103,0.3852972984313965,0,28307629,logs/AsySpecX_phase2/phase2_hier_all_clip05_ETTm1_sl720_pl192_sd2027.log
phase2_hier_all_clip05,ETTm1,720,336,2026,ok,0.3802095353603363,0.3995356261730194,0,28307622,logs/AsySpecX_phase2/phase2_hier_all_clip05_ETTm1_sl720_pl336_sd2026.log
phase2_hier_all_clip05,ETTm1,720,336,2027,ok,0.38174813985824585,0.40032461285591125,0,28307630,logs/AsySpecX_phase2/phase2_hier_all_clip05_ETTm1_sl720_pl336_sd2027.log
phase2_hier_all_clip05,ETTm1,720,720,2026,ok,0.427450954914093,0.4234599173069,0,28307623,logs/AsySpecX_phase2/phase2_hier_all_clip05_ETTm1_sl720_pl720_sd2026.log
phase2_hier_all_clip05,ETTm1,720,720,2027,ok,0.42310798168182373,0.4215395152568817,0,28307631,logs/AsySpecX_phase2/phase2_hier_all_clip05_ETTm1_sl720_pl720_sd2027.log
phase2_hier_all_clip05,ETTm1,720,96,2026,ok,0.3143431842327118,0.36092281341552734,0,28307620,logs/AsySpecX_phase2/phase2_hier_all_clip05_ETTm1_sl720_pl96_sd2026.log
phase2_hier_all_clip05,ETTm1,720,96,2027,ok,0.3223809003829956,0.3637840151786804,0,28307628,logs/AsySpecX_phase2/phase2_hier_all_clip05_ETTm1_sl720_pl96_sd2027.log
phase2_hier_all_clip05,ETTm1,96,192,2026,ok,0.3875229060649872,0.3945987820625305,0,28307617,logs/AsySpecX_phase2/phase2_hier_all_clip05_ETTm1_sl96_pl192_sd2026.log
phase2_hier_all_clip05,ETTm1,96,192,2027,ok,0.3875178396701813,0.3931233286857605,0,28307625,logs/AsySpecX_phase2/phase2_hier_all_clip05_ETTm1_sl96_pl192_sd2027.log
phase2_hier_all_clip05,ETTm1,96,336,2026,ok,0.41683629155158997,0.41251569986343384,0,28307618,logs/AsySpecX_phase2/phase2_hier_all_clip05_ETTm1_sl96_pl336_sd2026.log
phase2_hier_all_clip05,ETTm1,96,336,2027,ok,0.41794443130493164,0.41281676292419434,0,28307626,logs/AsySpecX_phase2/phase2_hier_all_clip05_ETTm1_sl96_pl336_sd2027.log
phase2_hier_all_clip05,ETTm1,96,720,2026,ok,0.479116290807724,0.44420236349105835,0,28307619,logs/AsySpecX_phase2/phase2_hier_all_clip05_ETTm1_sl96_pl720_sd2026.log
phase2_hier_all_clip05,ETTm1,96,720,2027,ok,0.4790664613246918,0.4442516565322876,0,28307627,logs/AsySpecX_phase2/phase2_hier_all_clip05_ETTm1_sl96_pl720_sd2027.log
phase2_hier_all_clip05,ETTm1,96,96,2026,ok,0.3503524661064148,0.37762323021888733,0,28307616,logs/AsySpecX_phase2/phase2_hier_all_clip05_ETTm1_sl96_pl96_sd2026.log
phase2_hier_all_clip05,ETTm1,96,96,2027,ok,0.35239744186401367,0.3799574077129364,0,28307624,logs/AsySpecX_phase2/phase2_hier_all_clip05_ETTm1_sl96_pl96_sd2027.log
phase2_hier_all_clip05,PEMS04,96,12,2026,ok,0.0963694229722023,0.20702828466892242,0,28307680,logs/AsySpecX_phase2/phase2_hier_all_clip05_PEMS04_sl96_pl12_sd2026.log
phase2_hier_all_clip05,PEMS04,96,12,2027,ok,0.0955304428935051,0.20625799894332886,0,28307684,logs/AsySpecX_phase2/phase2_hier_all_clip05_PEMS04_sl96_pl12_sd2027.log
phase2_hier_all_clip05,PEMS04,96,24,2026,ok,0.15070977807044983,0.2647113502025604,0,28307681,logs/AsySpecX_phase2/phase2_hier_all_clip05_PEMS04_sl96_pl24_sd2026.log
phase2_hier_all_clip05,PEMS04,96,24,2027,ok,0.15024824440479279,0.2645740211009979,0,28307685,logs/AsySpecX_phase2/phase2_hier_all_clip05_PEMS04_sl96_pl24_sd2027.log
phase2_hier_all_clip05,PEMS04,96,48,2026,ok,0.2970554232597351,0.38644832372665405,0,28307682,logs/AsySpecX_phase2/phase2_hier_all_clip05_PEMS04_sl96_pl48_sd2026.log
phase2_hier_all_clip05,PEMS04,96,48,2027,ok,0.2916906774044037,0.3837910294532776,0,28307686,logs/AsySpecX_phase2/phase2_hier_all_clip05_PEMS04_sl96_pl48_sd2027.log
phase2_hier_all_clip05,PEMS04,96,96,2026,ok,0.6208770275115967,0.5917055010795593,0,28307683,logs/AsySpecX_phase2/phase2_hier_all_clip05_PEMS04_sl96_pl96_sd2026.log
phase2_hier_all_clip05,PEMS04,96,96,2027,ok,0.6264495849609375,0.6000288128852844,0,28307687,logs/AsySpecX_phase2/phase2_hier_all_clip05_PEMS04_sl96_pl96_sd2027.log
phase2_hier_all_clip05,PEMS08,96,12,2026,ok,0.09434767812490463,0.20349623262882233,0,28307688,logs/AsySpecX_phase2/phase2_hier_all_clip05_PEMS08_sl96_pl12_sd2026.log
phase2_hier_all_clip05,PEMS08,96,12,2027,ok,0.0949520394206047,0.20402762293815613,0,28307692,logs/AsySpecX_phase2/phase2_hier_all_clip05_PEMS08_sl96_pl12_sd2027.log
phase2_hier_all_clip05,PEMS08,96,24,2026,ok,0.15750710666179657,0.26693031191825867,0,28307689,logs/AsySpecX_phase2/phase2_hier_all_clip05_PEMS08_sl96_pl24_sd2026.log
phase2_hier_all_clip05,PEMS08,96,24,2027,ok,0.15831908583641052,0.2673737704753876,0,28307693,logs/AsySpecX_phase2/phase2_hier_all_clip05_PEMS08_sl96_pl24_sd2027.log
phase2_hier_all_clip05,PEMS08,96,48,2026,ok,0.3235771656036377,0.4034319221973419,0,28307690,logs/AsySpecX_phase2/phase2_hier_all_clip05_PEMS08_sl96_pl48_sd2026.log
phase2_hier_all_clip05,PEMS08,96,48,2027,ok,0.31673699617385864,0.3952484130859375,0,28307694,logs/AsySpecX_phase2/phase2_hier_all_clip05_PEMS08_sl96_pl48_sd2027.log
phase2_hier_all_clip05,PEMS08,96,96,2026,ok,0.7240894436836243,0.6319556832313538,0,28307691,logs/AsySpecX_phase2/phase2_hier_all_clip05_PEMS08_sl96_pl96_sd2026.log
phase2_hier_all_clip05,PEMS08,96,96,2027,ok,0.7786556482315063,0.6678725481033325,0,28307695,logs/AsySpecX_phase2/phase2_hier_all_clip05_PEMS08_sl96_pl96_sd2027.log
phase2_hier_all_clip05,electricity,720,192,2026,ok,0.15552397072315216,0.2572377920150757,0,28307653,logs/AsySpecX_phase2/phase2_hier_all_clip05_electricity_sl720_pl192_sd2026.log
phase2_hier_all_clip05,electricity,720,192,2027,ok,0.15495923161506653,0.25653567910194397,0,28307661,logs/AsySpecX_phase2/phase2_hier_all_clip05_electricity_sl720_pl192_sd2027.log
phase2_hier_all_clip05,electricity,720,336,2026,ok,0.17084337770938873,0.27291515469551086,0,28307654,logs/AsySpecX_phase2/phase2_hier_all_clip05_electricity_sl720_pl336_sd2026.log
phase2_hier_all_clip05,electricity,720,336,2027,ok,0.16890904307365417,0.2705093324184418,0,28307662,logs/AsySpecX_phase2/phase2_hier_all_clip05_electricity_sl720_pl336_sd2027.log
phase2_hier_all_clip05,electricity,720,720,2026,ok,0.20860496163368225,0.3027620017528534,0,28307655,logs/AsySpecX_phase2/phase2_hier_all_clip05_electricity_sl720_pl720_sd2026.log
phase2_hier_all_clip05,electricity,720,720,2027,ok,0.20588946342468262,0.3019968867301941,0,28307663,logs/AsySpecX_phase2/phase2_hier_all_clip05_electricity_sl720_pl720_sd2027.log
phase2_hier_all_clip05,electricity,720,96,2026,ok,0.14190217852592468,0.24447424709796906,0,28307652,logs/AsySpecX_phase2/phase2_hier_all_clip05_electricity_sl720_pl96_sd2026.log
phase2_hier_all_clip05,electricity,720,96,2027,ok,0.14110146462917328,0.24384696781635284,0,28307660,logs/AsySpecX_phase2/phase2_hier_all_clip05_electricity_sl720_pl96_sd2027.log
phase2_hier_all_clip05,electricity,96,192,2026,ok,0.20080459117889404,0.2881249189376831,0,28307649,logs/AsySpecX_phase2/phase2_hier_all_clip05_electricity_sl96_pl192_sd2026.log
phase2_hier_all_clip05,electricity,96,192,2027,ok,0.20074814558029175,0.28853681683540344,0,28307657,logs/AsySpecX_phase2/phase2_hier_all_clip05_electricity_sl96_pl192_sd2027.log
phase2_hier_all_clip05,electricity,96,336,2026,ok,0.2154601514339447,0.3025377094745636,0,28307650,logs/AsySpecX_phase2/phase2_hier_all_clip05_electricity_sl96_pl336_sd2026.log
phase2_hier_all_clip05,electricity,96,336,2027,ok,0.21532386541366577,0.30281591415405273,0,28307658,logs/AsySpecX_phase2/phase2_hier_all_clip05_electricity_sl96_pl336_sd2027.log
phase2_hier_all_clip05,electricity,96,720,2026,ok,0.2551797330379486,0.3340742290019989,0,28307651,logs/AsySpecX_phase2/phase2_hier_all_clip05_electricity_sl96_pl720_sd2026.log
phase2_hier_all_clip05,electricity,96,720,2027,ok,0.2529701292514801,0.3319162130355835,0,28307659,logs/AsySpecX_phase2/phase2_hier_all_clip05_electricity_sl96_pl720_sd2027.log
phase2_hier_all_clip05,electricity,96,96,2026,ok,0.19994378089904785,0.28715312480926514,0,28307648,logs/AsySpecX_phase2/phase2_hier_all_clip05_electricity_sl96_pl96_sd2026.log
phase2_hier_all_clip05,electricity,96,96,2027,ok,0.2014210820198059,0.28577739000320435,0,28307656,logs/AsySpecX_phase2/phase2_hier_all_clip05_electricity_sl96_pl96_sd2027.log
phase2_hier_all_clip05,traffic,720,192,2026,ok,0.40249982476234436,0.2851466238498688,0,28307669,logs/AsySpecX_phase2/phase2_hier_all_clip05_traffic_sl720_pl192_sd2026.log
phase2_hier_all_clip05,traffic,720,192,2027,ok,0.40379658341407776,0.2864725589752197,0,28307677,logs/AsySpecX_phase2/phase2_hier_all_clip05_traffic_sl720_pl192_sd2027.log
phase2_hier_all_clip05,traffic,720,336,2026,ok,0.4159737229347229,0.292062908411026,0,28307670,logs/AsySpecX_phase2/phase2_hier_all_clip05_traffic_sl720_pl336_sd2026.log
phase2_hier_all_clip05,traffic,720,336,2027,ok,0.41347813606262207,0.2879658043384552,0,28307678,logs/AsySpecX_phase2/phase2_hier_all_clip05_traffic_sl720_pl336_sd2027.log
phase2_hier_all_clip05,traffic,720,720,2026,ok,0.45383256673812866,0.31510651111602783,0,28307671,logs/AsySpecX_phase2/phase2_hier_all_clip05_traffic_sl720_pl720_sd2026.log
phase2_hier_all_clip05,traffic,720,720,2027,ok,0.4614105820655823,0.3195449113845825,0,28307679,logs/AsySpecX_phase2/phase2_hier_all_clip05_traffic_sl720_pl720_sd2027.log
phase2_hier_all_clip05,traffic,720,96,2026,ok,0.3911716341972351,0.27999353408813477,0,28307668,logs/AsySpecX_phase2/phase2_hier_all_clip05_traffic_sl720_pl96_sd2026.log
phase2_hier_all_clip05,traffic,720,96,2027,ok,0.3880997598171234,0.2794492840766907,0,28307676,logs/AsySpecX_phase2/phase2_hier_all_clip05_traffic_sl720_pl96_sd2027.log
phase2_hier_all_clip05,traffic,96,192,2026,ok,0.5845922827720642,0.36985960602760315,0,28307665,logs/AsySpecX_phase2/phase2_hier_all_clip05_traffic_sl96_pl192_sd2026.log
phase2_hier_all_clip05,traffic,96,192,2027,ok,0.5824339985847473,0.37963637709617615,0,28307673,logs/AsySpecX_phase2/phase2_hier_all_clip05_traffic_sl96_pl192_sd2027.log
phase2_hier_all_clip05,traffic,96,336,2026,ok,0.5930649042129517,0.3736015856266022,0,28307666,logs/AsySpecX_phase2/phase2_hier_all_clip05_traffic_sl96_pl336_sd2026.log
phase2_hier_all_clip05,traffic,96,336,2027,ok,0.5917768478393555,0.37093088030815125,0,28307674,logs/AsySpecX_phase2/phase2_hier_all_clip05_traffic_sl96_pl336_sd2027.log
phase2_hier_all_clip05,traffic,96,720,2026,ok,0.6302362680435181,0.3957020342350006,0,28307667,logs/AsySpecX_phase2/phase2_hier_all_clip05_traffic_sl96_pl720_sd2026.log
phase2_hier_all_clip05,traffic,96,720,2027,ok,0.6249003410339355,0.3881045877933502,0,28307675,logs/AsySpecX_phase2/phase2_hier_all_clip05_traffic_sl96_pl720_sd2027.log
phase2_hier_all_clip05,traffic,96,96,2026,ok,0.6184327602386475,0.3895789086818695,0,28307664,logs/AsySpecX_phase2/phase2_hier_all_clip05_traffic_sl96_pl96_sd2026.log
phase2_hier_all_clip05,traffic,96,96,2027,ok,0.6250299215316772,0.39165249466896057,0,28307672,logs/AsySpecX_phase2/phase2_hier_all_clip05_traffic_sl96_pl96_sd2027.log
phase2_hier_all_clip05,weather,720,192,2026,ok,0.20232592523097992,0.2549857199192047,0,28307637,logs/AsySpecX_phase2/phase2_hier_all_clip05_weather_sl720_pl192_sd2026.log
phase2_hier_all_clip05,weather,720,192,2027,ok,0.20273739099502563,0.25558117032051086,0,28307645,logs/AsySpecX_phase2/phase2_hier_all_clip05_weather_sl720_pl192_sd2027.log
phase2_hier_all_clip05,weather,720,336,2026,ok,0.252687007188797,0.2918236553668976,0,28307638,logs/AsySpecX_phase2/phase2_hier_all_clip05_weather_sl720_pl336_sd2026.log
phase2_hier_all_clip05,weather,720,336,2027,ok,0.2512241303920746,0.29076921939849854,0,28307646,logs/AsySpecX_phase2/phase2_hier_all_clip05_weather_sl720_pl336_sd2027.log
phase2_hier_all_clip05,weather,720,720,2026,ok,0.3180333971977234,0.3384927213191986,0,28307639,logs/AsySpecX_phase2/phase2_hier_all_clip05_weather_sl720_pl720_sd2026.log
phase2_hier_all_clip05,weather,720,720,2027,ok,0.31996390223503113,0.3399025499820709,0,28307647,logs/AsySpecX_phase2/phase2_hier_all_clip05_weather_sl720_pl720_sd2027.log
phase2_hier_all_clip05,weather,720,96,2026,ok,0.15775305032730103,0.2176450937986374,0,28307636,logs/AsySpecX_phase2/phase2_hier_all_clip05_weather_sl720_pl96_sd2026.log
phase2_hier_all_clip05,weather,720,96,2027,ok,0.157672718167305,0.2172919660806656,0,28307644,logs/AsySpecX_phase2/phase2_hier_all_clip05_weather_sl720_pl96_sd2027.log
phase2_hier_all_clip05,weather,96,192,2026,ok,0.24601224064826965,0.2856875956058502,0,28307633,logs/AsySpecX_phase2/phase2_hier_all_clip05_weather_sl96_pl192_sd2026.log
phase2_hier_all_clip05,weather,96,192,2027,ok,0.2453492432832718,0.28594204783439636,0,28307641,logs/AsySpecX_phase2/phase2_hier_all_clip05_weather_sl96_pl192_sd2027.log
phase2_hier_all_clip05,weather,96,336,2026,ok,0.2968483865261078,0.3184325397014618,0,28307634,logs/AsySpecX_phase2/phase2_hier_all_clip05_weather_sl96_pl336_sd2026.log
phase2_hier_all_clip05,weather,96,336,2027,ok,0.29663777351379395,0.318959504365921,0,28307642,logs/AsySpecX_phase2/phase2_hier_all_clip05_weather_sl96_pl336_sd2027.log
phase2_hier_all_clip05,weather,96,720,2026,ok,0.3668181896209717,0.3617135286331177,0,28307635,logs/AsySpecX_phase2/phase2_hier_all_clip05_weather_sl96_pl720_sd2026.log
phase2_hier_all_clip05,weather,96,720,2027,ok,0.36687541007995605,0.3620869815349579,0,28307643,logs/AsySpecX_phase2/phase2_hier_all_clip05_weather_sl96_pl720_sd2027.log
phase2_hier_all_clip05,weather,96,96,2026,ok,0.200516939163208,0.2510475516319275,0,28307632,logs/AsySpecX_phase2/phase2_hier_all_clip05_weather_sl96_pl96_sd2026.log
phase2_hier_all_clip05,weather,96,96,2027,ok,0.19781795144081116,0.24942032992839813,0,28307640,logs/AsySpecX_phase2/phase2_hier_all_clip05_weather_sl96_pl96_sd2027.log
phase2_hier_split,ETTh1,720,192,2026,ok,0.4192512333393097,0.4273549020290375,0,28307316,logs/AsySpecX_phase2/phase2_hier_split_ETTh1_sl720_pl192_sd2026.log
phase2_hier_split,ETTh1,720,192,2027,ok,0.42019137740135193,0.42790305614471436,0,28307324,logs/AsySpecX_phase2/phase2_hier_split_ETTh1_sl720_pl192_sd2027.log
phase2_hier_split,ETTh1,720,336,2026,ok,0.4452802836894989,0.4449023902416229,0,28307317,logs/AsySpecX_phase2/phase2_hier_split_ETTh1_sl720_pl336_sd2026.log
phase2_hier_split,ETTh1,720,336,2027,ok,0.4417114853858948,0.4412388801574707,0,28307325,logs/AsySpecX_phase2/phase2_hier_split_ETTh1_sl720_pl336_sd2027.log
phase2_hier_split,ETTh1,720,720,2026,ok,0.4578005373477936,0.4640950560569763,0,28307318,logs/AsySpecX_phase2/phase2_hier_split_ETTh1_sl720_pl720_sd2026.log
phase2_hier_split,ETTh1,720,720,2027,ok,0.46810394525527954,0.47262653708457947,0,28307326,logs/AsySpecX_phase2/phase2_hier_split_ETTh1_sl720_pl720_sd2027.log
phase2_hier_split,ETTh1,720,96,2026,ok,0.38225507736206055,0.407240092754364,0,28307315,logs/AsySpecX_phase2/phase2_hier_split_ETTh1_sl720_pl96_sd2026.log
phase2_hier_split,ETTh1,720,96,2027,ok,0.38245639204978943,0.4063541293144226,0,28307323,logs/AsySpecX_phase2/phase2_hier_split_ETTh1_sl720_pl96_sd2027.log
phase2_hier_split,ETTh1,96,192,2026,ok,0.4380103051662445,0.4258992671966553,0,28307312,logs/AsySpecX_phase2/phase2_hier_split_ETTh1_sl96_pl192_sd2026.log
phase2_hier_split,ETTh1,96,192,2027,ok,0.43936431407928467,0.42584356665611267,0,28307320,logs/AsySpecX_phase2/phase2_hier_split_ETTh1_sl96_pl192_sd2027.log
phase2_hier_split,ETTh1,96,336,2026,ok,0.4791312515735626,0.44546031951904297,0,28307313,logs/AsySpecX_phase2/phase2_hier_split_ETTh1_sl96_pl336_sd2026.log
phase2_hier_split,ETTh1,96,336,2027,ok,0.4785355031490326,0.4471014142036438,0,28307321,logs/AsySpecX_phase2/phase2_hier_split_ETTh1_sl96_pl336_sd2027.log
phase2_hier_split,ETTh1,96,720,2026,ok,0.4700217843055725,0.4601975083351135,0,28307314,logs/AsySpecX_phase2/phase2_hier_split_ETTh1_sl96_pl720_sd2026.log
phase2_hier_split,ETTh1,96,720,2027,ok,0.4678627550601959,0.45487916469573975,0,28307322,logs/AsySpecX_phase2/phase2_hier_split_ETTh1_sl96_pl720_sd2027.log
phase2_hier_split,ETTh1,96,96,2026,ok,0.39249542355537415,0.4015246331691742,0,28307311,logs/AsySpecX_phase2/phase2_hier_split_ETTh1_sl96_pl96_sd2026.log
phase2_hier_split,ETTh1,96,96,2027,ok,0.39021649956703186,0.39858829975128174,0,28307319,logs/AsySpecX_phase2/phase2_hier_split_ETTh1_sl96_pl96_sd2027.log
phase2_hier_split,ETTm1,720,192,2026,ok,0.34861844778060913,0.3794235587120056,0,28307332,logs/AsySpecX_phase2/phase2_hier_split_ETTm1_sl720_pl192_sd2026.log
phase2_hier_split,ETTm1,720,192,2027,ok,0.3527018129825592,0.38278475403785706,0,28307340,logs/AsySpecX_phase2/phase2_hier_split_ETTm1_sl720_pl192_sd2027.log
phase2_hier_split,ETTm1,720,336,2026,ok,0.3814108371734619,0.3999735414981842,0,28307333,logs/AsySpecX_phase2/phase2_hier_split_ETTm1_sl720_pl336_sd2026.log
phase2_hier_split,ETTm1,720,336,2027,ok,0.3821466863155365,0.39971619844436646,0,28307341,logs/AsySpecX_phase2/phase2_hier_split_ETTm1_sl720_pl336_sd2027.log
phase2_hier_split,ETTm1,720,720,2026,ok,0.4236471951007843,0.42036014795303345,0,28307334,logs/AsySpecX_phase2/phase2_hier_split_ETTm1_sl720_pl720_sd2026.log
phase2_hier_split,ETTm1,720,720,2027,ok,0.42472323775291443,0.42362120747566223,0,28307342,logs/AsySpecX_phase2/phase2_hier_split_ETTm1_sl720_pl720_sd2027.log
phase2_hier_split,ETTm1,720,96,2026,ok,0.3182034492492676,0.3616849482059479,0,28307331,logs/AsySpecX_phase2/phase2_hier_split_ETTm1_sl720_pl96_sd2026.log
phase2_hier_split,ETTm1,720,96,2027,ok,0.3191404938697815,0.3609372079372406,0,28307339,logs/AsySpecX_phase2/phase2_hier_split_ETTm1_sl720_pl96_sd2027.log
phase2_hier_split,ETTm1,96,192,2026,ok,0.39136430621147156,0.3978675305843353,0,28307328,logs/AsySpecX_phase2/phase2_hier_split_ETTm1_sl96_pl192_sd2026.log
phase2_hier_split,ETTm1,96,192,2027,ok,0.3908529579639435,0.39745646715164185,0,28307336,logs/AsySpecX_phase2/phase2_hier_split_ETTm1_sl96_pl192_sd2027.log
phase2_hier_split,ETTm1,96,336,2026,ok,0.4179029166698456,0.4141126573085785,0,28307329,logs/AsySpecX_phase2/phase2_hier_split_ETTm1_sl96_pl336_sd2026.log
phase2_hier_split,ETTm1,96,336,2027,ok,0.42027872800827026,0.4153125584125519,0,28307337,logs/AsySpecX_phase2/phase2_hier_split_ETTm1_sl96_pl336_sd2027.log
phase2_hier_split,ETTm1,96,720,2026,ok,0.4818263351917267,0.4467380940914154,0,28307330,logs/AsySpecX_phase2/phase2_hier_split_ETTm1_sl96_pl720_sd2026.log
phase2_hier_split,ETTm1,96,720,2027,ok,0.48231351375579834,0.4469183385372162,0,28307338,logs/AsySpecX_phase2/phase2_hier_split_ETTm1_sl96_pl720_sd2027.log
phase2_hier_split,ETTm1,96,96,2026,ok,0.35597217082977295,0.38337624073028564,0,28307327,logs/AsySpecX_phase2/phase2_hier_split_ETTm1_sl96_pl96_sd2026.log
phase2_hier_split,ETTm1,96,96,2027,ok,0.3640444576740265,0.3877481520175934,0,28307335,logs/AsySpecX_phase2/phase2_hier_split_ETTm1_sl96_pl96_sd2027.log
phase2_hier_split,PEMS04,96,12,2026,ok,0.0933331772685051,0.20491506159305573,0,28307391,logs/AsySpecX_phase2/phase2_hier_split_PEMS04_sl96_pl12_sd2026.log
phase2_hier_split,PEMS04,96,12,2027,ok,0.09343091398477554,0.20491980016231537,0,28307395,logs/AsySpecX_phase2/phase2_hier_split_PEMS04_sl96_pl12_sd2027.log
phase2_hier_split,PEMS04,96,24,2026,ok,0.13988851010799408,0.2567095458507538,0,28307392,logs/AsySpecX_phase2/phase2_hier_split_PEMS04_sl96_pl24_sd2026.log
phase2_hier_split,PEMS04,96,24,2027,ok,0.13951435685157776,0.25676870346069336,0,28307396,logs/AsySpecX_phase2/phase2_hier_split_PEMS04_sl96_pl24_sd2027.log
phase2_hier_split,PEMS04,96,48,2026,ok,0.2531357407569885,0.3605908155441284,0,28307393,logs/AsySpecX_phase2/phase2_hier_split_PEMS04_sl96_pl48_sd2026.log
phase2_hier_split,PEMS04,96,48,2027,ok,0.24887581169605255,0.356155127286911,0,28307397,logs/AsySpecX_phase2/phase2_hier_split_PEMS04_sl96_pl48_sd2027.log
phase2_hier_split,PEMS04,96,96,2026,ok,0.3933713734149933,0.4633527100086212,0,28307394,logs/AsySpecX_phase2/phase2_hier_split_PEMS04_sl96_pl96_sd2026.log
phase2_hier_split,PEMS04,96,96,2027,ok,0.3901776671409607,0.4587136209011078,0,28307398,logs/AsySpecX_phase2/phase2_hier_split_PEMS04_sl96_pl96_sd2027.log
phase2_hier_split,PEMS08,96,12,2026,ok,0.09173203259706497,0.19971632957458496,0,28307399,logs/AsySpecX_phase2/phase2_hier_split_PEMS08_sl96_pl12_sd2026.log
phase2_hier_split,PEMS08,96,12,2027,ok,0.09216305613517761,0.2000759094953537,0,28307403,logs/AsySpecX_phase2/phase2_hier_split_PEMS08_sl96_pl12_sd2027.log
phase2_hier_split,PEMS08,96,24,2026,ok,0.15151558816432953,0.25943824648857117,0,28307400,logs/AsySpecX_phase2/phase2_hier_split_PEMS08_sl96_pl24_sd2026.log
phase2_hier_split,PEMS08,96,24,2027,ok,0.15012870728969574,0.25769272446632385,0,28307404,logs/AsySpecX_phase2/phase2_hier_split_PEMS08_sl96_pl24_sd2027.log
phase2_hier_split,PEMS08,96,48,2026,ok,0.29074713587760925,0.3797960579395294,0,28307401,logs/AsySpecX_phase2/phase2_hier_split_PEMS08_sl96_pl48_sd2026.log
phase2_hier_split,PEMS08,96,48,2027,ok,0.2912681996822357,0.37992462515830994,0,28307405,logs/AsySpecX_phase2/phase2_hier_split_PEMS08_sl96_pl48_sd2027.log
phase2_hier_split,PEMS08,96,96,2026,ok,0.5620196461677551,0.5441288352012634,0,28307402,logs/AsySpecX_phase2/phase2_hier_split_PEMS08_sl96_pl96_sd2026.log
phase2_hier_split,PEMS08,96,96,2027,ok,0.5949835777282715,0.561884880065918,0,28307406,logs/AsySpecX_phase2/phase2_hier_split_PEMS08_sl96_pl96_sd2027.log
phase2_hier_split,electricity,720,192,2026,ok,0.15638452768325806,0.2565271556377411,0,28307364,logs/AsySpecX_phase2/phase2_hier_split_electricity_sl720_pl192_sd2026.log
phase2_hier_split,electricity,720,192,2027,ok,0.15605421364307404,0.25598716735839844,0,28307372,logs/AsySpecX_phase2/phase2_hier_split_electricity_sl720_pl192_sd2027.log
phase2_hier_split,electricity,720,336,2026,ok,0.17153295874595642,0.27175217866897583,0,28307365,logs/AsySpecX_phase2/phase2_hier_split_electricity_sl720_pl336_sd2026.log
phase2_hier_split,electricity,720,336,2027,ok,0.17160210013389587,0.2713237404823303,0,28307373,logs/AsySpecX_phase2/phase2_hier_split_electricity_sl720_pl336_sd2027.log
phase2_hier_split,electricity,720,720,2026,ok,0.21035346388816833,0.3051636517047882,0,28307366,logs/AsySpecX_phase2/phase2_hier_split_electricity_sl720_pl720_sd2026.log
phase2_hier_split,electricity,720,720,2027,ok,0.21011999249458313,0.3048352897167206,0,28307374,logs/AsySpecX_phase2/phase2_hier_split_electricity_sl720_pl720_sd2027.log
phase2_hier_split,electricity,720,96,2026,ok,0.14110340178012848,0.24295690655708313,0,28307363,logs/AsySpecX_phase2/phase2_hier_split_electricity_sl720_pl96_sd2026.log
phase2_hier_split,electricity,720,96,2027,ok,0.1417866349220276,0.2437301129102707,0,28307371,logs/AsySpecX_phase2/phase2_hier_split_electricity_sl720_pl96_sd2027.log
phase2_hier_split,electricity,96,192,2026,ok,0.20357757806777954,0.2913477420806885,0,28307360,logs/AsySpecX_phase2/phase2_hier_split_electricity_sl96_pl192_sd2026.log
phase2_hier_split,electricity,96,192,2027,ok,0.20308001339435577,0.2903822958469391,0,28307368,logs/AsySpecX_phase2/phase2_hier_split_electricity_sl96_pl192_sd2027.log
phase2_hier_split,electricity,96,336,2026,ok,0.2182890921831131,0.30668866634368896,0,28307361,logs/AsySpecX_phase2/phase2_hier_split_electricity_sl96_pl336_sd2026.log
phase2_hier_split,electricity,96,336,2027,ok,0.2195158153772354,0.3087867796421051,0,28307369,logs/AsySpecX_phase2/phase2_hier_split_electricity_sl96_pl336_sd2027.log
phase2_hier_split,electricity,96,720,2026,ok,0.2568516433238983,0.3359416723251343,0,28307362,logs/AsySpecX_phase2/phase2_hier_split_electricity_sl96_pl720_sd2026.log
phase2_hier_split,electricity,96,720,2027,ok,0.25595715641975403,0.3344694972038269,0,28307370,logs/AsySpecX_phase2/phase2_hier_split_electricity_sl96_pl720_sd2027.log
phase2_hier_split,electricity,96,96,2026,ok,0.20326514542102814,0.28851771354675293,0,28307359,logs/AsySpecX_phase2/phase2_hier_split_electricity_sl96_pl96_sd2026.log
phase2_hier_split,electricity,96,96,2027,ok,0.2038649469614029,0.2888123393058777,0,28307367,logs/AsySpecX_phase2/phase2_hier_split_electricity_sl96_pl96_sd2027.log
phase2_hier_split,traffic,720,192,2026,ok,0.4052693545818329,0.2849768400192261,0,28307380,logs/AsySpecX_phase2/phase2_hier_split_traffic_sl720_pl192_sd2026.log
phase2_hier_split,traffic,720,192,2027,ok,0.401670902967453,0.2828487753868103,0,28307388,logs/AsySpecX_phase2/phase2_hier_split_traffic_sl720_pl192_sd2027.log
phase2_hier_split,traffic,720,336,2026,ok,0.42053624987602234,0.29121023416519165,0,28307381,logs/AsySpecX_phase2/phase2_hier_split_traffic_sl720_pl336_sd2026.log
phase2_hier_split,traffic,720,336,2027,ok,0.41917183995246887,0.29183465242385864,0,28307389,logs/AsySpecX_phase2/phase2_hier_split_traffic_sl720_pl336_sd2027.log
phase2_hier_split,traffic,720,720,2026,ok,0.4698106348514557,0.31620433926582336,0,28307382,logs/AsySpecX_phase2/phase2_hier_split_traffic_sl720_pl720_sd2026.log
phase2_hier_split,traffic,720,720,2027,ok,0.477774441242218,0.31934553384780884,0,28307390,logs/AsySpecX_phase2/phase2_hier_split_traffic_sl720_pl720_sd2027.log
phase2_hier_split,traffic,720,96,2026,ok,0.39014914631843567,0.279935747385025,0,28307379,logs/AsySpecX_phase2/phase2_hier_split_traffic_sl720_pl96_sd2026.log
phase2_hier_split,traffic,720,96,2027,ok,0.3914738893508911,0.28030115365982056,0,28307387,logs/AsySpecX_phase2/phase2_hier_split_traffic_sl720_pl96_sd2027.log
phase2_hier_split,traffic,96,192,2026,ok,0.6281668543815613,0.3835303485393524,0,28307376,logs/AsySpecX_phase2/phase2_hier_split_traffic_sl96_pl192_sd2026.log
phase2_hier_split,traffic,96,192,2027,ok,0.6167474389076233,0.37890371680259705,0,28307384,logs/AsySpecX_phase2/phase2_hier_split_traffic_sl96_pl192_sd2027.log
phase2_hier_split,traffic,96,336,2026,ok,0.6449843645095825,0.3899557590484619,0,28307377,logs/AsySpecX_phase2/phase2_hier_split_traffic_sl96_pl336_sd2026.log
phase2_hier_split,traffic,96,336,2027,ok,0.6736728549003601,0.4003603756427765,0,28307385,logs/AsySpecX_phase2/phase2_hier_split_traffic_sl96_pl336_sd2027.log
phase2_hier_split,traffic,96,720,2026,ok,0.6868152618408203,0.40481847524642944,0,28307378,logs/AsySpecX_phase2/phase2_hier_split_traffic_sl96_pl720_sd2026.log
phase2_hier_split,traffic,96,720,2027,ok,0.660521388053894,0.39951789379119873,0,28307386,logs/AsySpecX_phase2/phase2_hier_split_traffic_sl96_pl720_sd2027.log
phase2_hier_split,traffic,96,96,2026,ok,0.66705322265625,0.40352100133895874,0,28307375,logs/AsySpecX_phase2/phase2_hier_split_traffic_sl96_pl96_sd2026.log
phase2_hier_split,traffic,96,96,2027,ok,0.6661827564239502,0.40402117371559143,0,28307383,logs/AsySpecX_phase2/phase2_hier_split_traffic_sl96_pl96_sd2027.log
phase2_hier_split,weather,720,192,2026,ok,0.19853681325912476,0.25117331743240356,0,28307348,logs/AsySpecX_phase2/phase2_hier_split_weather_sl720_pl192_sd2026.log
phase2_hier_split,weather,720,192,2027,ok,0.1976795494556427,0.2514200806617737,0,28307356,logs/AsySpecX_phase2/phase2_hier_split_weather_sl720_pl192_sd2027.log
phase2_hier_split,weather,720,336,2026,ok,0.2509799599647522,0.2910982668399811,0,28307349,logs/AsySpecX_phase2/phase2_hier_split_weather_sl720_pl336_sd2026.log
phase2_hier_split,weather,720,336,2027,ok,0.2515086233615875,0.29107412695884705,0,28307357,logs/AsySpecX_phase2/phase2_hier_split_weather_sl720_pl336_sd2027.log
phase2_hier_split,weather,720,720,2026,ok,0.31533676385879517,0.3376379907131195,0,28307350,logs/AsySpecX_phase2/phase2_hier_split_weather_sl720_pl720_sd2026.log
phase2_hier_split,weather,720,720,2027,ok,0.3131505250930786,0.3361877202987671,0,28307358,logs/AsySpecX_phase2/phase2_hier_split_weather_sl720_pl720_sd2027.log
phase2_hier_split,weather,720,96,2026,ok,0.15269769728183746,0.2114441990852356,0,28307347,logs/AsySpecX_phase2/phase2_hier_split_weather_sl720_pl96_sd2026.log
phase2_hier_split,weather,720,96,2027,ok,0.15248388051986694,0.21106083691120148,0,28307355,logs/AsySpecX_phase2/phase2_hier_split_weather_sl720_pl96_sd2027.log
phase2_hier_split,weather,96,192,2026,ok,0.24223630130290985,0.2842330038547516,0,28307344,logs/AsySpecX_phase2/phase2_hier_split_weather_sl96_pl192_sd2026.log
phase2_hier_split,weather,96,192,2027,ok,0.24147382378578186,0.28500398993492126,0,28307352,logs/AsySpecX_phase2/phase2_hier_split_weather_sl96_pl192_sd2027.log
phase2_hier_split,weather,96,336,2026,ok,0.2941579222679138,0.3186328411102295,0,28307345,logs/AsySpecX_phase2/phase2_hier_split_weather_sl96_pl336_sd2026.log
phase2_hier_split,weather,96,336,2027,ok,0.29219213128089905,0.3176916837692261,0,28307353,logs/AsySpecX_phase2/phase2_hier_split_weather_sl96_pl336_sd2027.log
phase2_hier_split,weather,96,720,2026,ok,0.36592355370521545,0.3628935217857361,0,28307346,logs/AsySpecX_phase2/phase2_hier_split_weather_sl96_pl720_sd2026.log
phase2_hier_split,weather,96,720,2027,ok,0.3644613027572632,0.3612666130065918,0,28307354,logs/AsySpecX_phase2/phase2_hier_split_weather_sl96_pl720_sd2027.log
phase2_hier_split,weather,96,96,2026,ok,0.19129487872123718,0.24620504677295685,0,28307343,logs/AsySpecX_phase2/phase2_hier_split_weather_sl96_pl96_sd2026.log
phase2_hier_split,weather,96,96,2027,ok,0.1938258707523346,0.24920518696308136,0,28307351,logs/AsySpecX_phase2/phase2_hier_split_weather_sl96_pl96_sd2027.log
phase2_self_band_gain_global,ETTh1,720,192,2026,ok,0.413829505443573,0.42274025082588196,0,28307412,logs/AsySpecX_phase2/phase2_self_band_gain_global_ETTh1_sl720_pl192_sd2026.log
phase2_self_band_gain_global,ETTh1,720,192,2027,ok,0.41352176666259766,0.4228467643260956,0,28307420,logs/AsySpecX_phase2/phase2_self_band_gain_global_ETTh1_sl720_pl192_sd2027.log
phase2_self_band_gain_global,ETTh1,720,336,2026,ok,0.43424877524375916,0.4377758502960205,0,28307413,logs/AsySpecX_phase2/phase2_self_band_gain_global_ETTh1_sl720_pl336_sd2026.log
phase2_self_band_gain_global,ETTh1,720,336,2027,ok,0.43316444754600525,0.4390779733657837,0,28307421,logs/AsySpecX_phase2/phase2_self_band_gain_global_ETTh1_sl720_pl336_sd2027.log
phase2_self_band_gain_global,ETTh1,720,720,2026,ok,0.43121716380119324,0.4578000605106354,0,28307414,logs/AsySpecX_phase2/phase2_self_band_gain_global_ETTh1_sl720_pl720_sd2026.log
phase2_self_band_gain_global,ETTh1,720,720,2027,ok,0.4341241717338562,0.4602087438106537,0,28307422,logs/AsySpecX_phase2/phase2_self_band_gain_global_ETTh1_sl720_pl720_sd2027.log
phase2_self_band_gain_global,ETTh1,720,96,2026,ok,0.37924060225486755,0.40229594707489014,0,28307411,logs/AsySpecX_phase2/phase2_self_band_gain_global_ETTh1_sl720_pl96_sd2026.log
phase2_self_band_gain_global,ETTh1,720,96,2027,ok,0.3793032467365265,0.4024452865123749,0,28307419,logs/AsySpecX_phase2/phase2_self_band_gain_global_ETTh1_sl720_pl96_sd2027.log
phase2_self_band_gain_global,ETTh1,96,192,2026,ok,0.43675172328948975,0.42744767665863037,0,28307408,logs/AsySpecX_phase2/phase2_self_band_gain_global_ETTh1_sl96_pl192_sd2026.log
phase2_self_band_gain_global,ETTh1,96,192,2027,ok,0.43676504492759705,0.4260783791542053,0,28307416,logs/AsySpecX_phase2/phase2_self_band_gain_global_ETTh1_sl96_pl192_sd2027.log
phase2_self_band_gain_global,ETTh1,96,336,2026,ok,0.4776823818683624,0.4504173994064331,0,28307409,logs/AsySpecX_phase2/phase2_self_band_gain_global_ETTh1_sl96_pl336_sd2026.log
phase2_self_band_gain_global,ETTh1,96,336,2027,ok,0.4848799705505371,0.4580433964729309,0,28307417,logs/AsySpecX_phase2/phase2_self_band_gain_global_ETTh1_sl96_pl336_sd2027.log
phase2_self_band_gain_global,ETTh1,96,720,2026,ok,0.4703046679496765,0.4724576473236084,0,28307410,logs/AsySpecX_phase2/phase2_self_band_gain_global_ETTh1_sl96_pl720_sd2026.log
phase2_self_band_gain_global,ETTh1,96,720,2027,ok,0.4654129445552826,0.4660554528236389,0,28307418,logs/AsySpecX_phase2/phase2_self_band_gain_global_ETTh1_sl96_pl720_sd2027.log
phase2_self_band_gain_global,ETTh1,96,96,2026,ok,0.3897044360637665,0.3991335332393646,0,28307407,logs/AsySpecX_phase2/phase2_self_band_gain_global_ETTh1_sl96_pl96_sd2026.log
phase2_self_band_gain_global,ETTh1,96,96,2027,ok,0.3884985148906708,0.39689043164253235,0,28307415,logs/AsySpecX_phase2/phase2_self_band_gain_global_ETTh1_sl96_pl96_sd2027.log
phase2_self_band_gain_global,ETTm1,720,192,2026,ok,0.34486544132232666,0.37379541993141174,0,28307428,logs/AsySpecX_phase2/phase2_self_band_gain_global_ETTm1_sl720_pl192_sd2026.log
phase2_self_band_gain_global,ETTm1,720,192,2027,ok,0.3450930118560791,0.3740019202232361,0,28307436,logs/AsySpecX_phase2/phase2_self_band_gain_global_ETTm1_sl720_pl192_sd2027.log
phase2_self_band_gain_global,ETTm1,720,336,2026,ok,0.3723146319389343,0.38983768224716187,0,28307429,logs/AsySpecX_phase2/phase2_self_band_gain_global_ETTm1_sl720_pl336_sd2026.log
phase2_self_band_gain_global,ETTm1,720,336,2027,ok,0.37259840965270996,0.39008474349975586,0,28307437,logs/AsySpecX_phase2/phase2_self_band_gain_global_ETTm1_sl720_pl336_sd2027.log
phase2_self_band_gain_global,ETTm1,720,720,2026,ok,0.42050522565841675,0.4157264232635498,0,28307430,logs/AsySpecX_phase2/phase2_self_band_gain_global_ETTm1_sl720_pl720_sd2026.log
phase2_self_band_gain_global,ETTm1,720,720,2027,ok,0.42067959904670715,0.4158827066421509,0,28307438,logs/AsySpecX_phase2/phase2_self_band_gain_global_ETTm1_sl720_pl720_sd2027.log
phase2_self_band_gain_global,ETTm1,720,96,2026,ok,0.3161349594593048,0.35777682065963745,0,28307427,logs/AsySpecX_phase2/phase2_self_band_gain_global_ETTm1_sl720_pl96_sd2026.log
phase2_self_band_gain_global,ETTm1,720,96,2027,ok,0.3176841139793396,0.35870587825775146,0,28307435,logs/AsySpecX_phase2/phase2_self_band_gain_global_ETTm1_sl720_pl96_sd2027.log
phase2_self_band_gain_global,ETTm1,96,192,2026,ok,0.39848557114601135,0.39812037348747253,0,28307424,logs/AsySpecX_phase2/phase2_self_band_gain_global_ETTm1_sl96_pl192_sd2026.log
phase2_self_band_gain_global,ETTm1,96,192,2027,ok,0.4000769257545471,0.3991566300392151,0,28307432,logs/AsySpecX_phase2/phase2_self_band_gain_global_ETTm1_sl96_pl192_sd2027.log
phase2_self_band_gain_global,ETTm1,96,336,2026,ok,0.4299471378326416,0.4184879958629608,0,28307425,logs/AsySpecX_phase2/phase2_self_band_gain_global_ETTm1_sl96_pl336_sd2026.log
phase2_self_band_gain_global,ETTm1,96,336,2027,ok,0.4311383366584778,0.4192025065422058,0,28307433,logs/AsySpecX_phase2/phase2_self_band_gain_global_ETTm1_sl96_pl336_sd2027.log
phase2_self_band_gain_global,ETTm1,96,720,2026,ok,0.48899659514427185,0.4504506587982178,0,28307426,logs/AsySpecX_phase2/phase2_self_band_gain_global_ETTm1_sl96_pl720_sd2026.log
phase2_self_band_gain_global,ETTm1,96,720,2027,ok,0.4902597963809967,0.451383113861084,0,28307434,logs/AsySpecX_phase2/phase2_self_band_gain_global_ETTm1_sl96_pl720_sd2027.log
phase2_self_band_gain_global,ETTm1,96,96,2026,ok,0.3639519512653351,0.38360658288002014,0,28307423,logs/AsySpecX_phase2/phase2_self_band_gain_global_ETTm1_sl96_pl96_sd2026.log
phase2_self_band_gain_global,ETTm1,96,96,2027,ok,0.3608362376689911,0.3829355239868164,0,28307431,logs/AsySpecX_phase2/phase2_self_band_gain_global_ETTm1_sl96_pl96_sd2027.log
phase2_self_band_gain_global,PEMS04,96,12,2026,ok,0.12446118146181107,0.2361266165971756,0,28307487,logs/AsySpecX_phase2/phase2_self_band_gain_global_PEMS04_sl96_pl12_sd2026.log
phase2_self_band_gain_global,PEMS04,96,12,2027,ok,0.12441659718751907,0.2353055477142334,0,28307491,logs/AsySpecX_phase2/phase2_self_band_gain_global_PEMS04_sl96_pl12_sd2027.log
phase2_self_band_gain_global,PEMS04,96,24,2026,ok,0.2371673285961151,0.33224135637283325,0,28307488,logs/AsySpecX_phase2/phase2_self_band_gain_global_PEMS04_sl96_pl24_sd2026.log
phase2_self_band_gain_global,PEMS04,96,24,2027,ok,0.2368142306804657,0.3311789035797119,0,28307492,logs/AsySpecX_phase2/phase2_self_band_gain_global_PEMS04_sl96_pl24_sd2027.log
phase2_self_band_gain_global,PEMS04,96,48,2026,ok,0.5312418937683105,0.5234645009040833,0,28307489,logs/AsySpecX_phase2/phase2_self_band_gain_global_PEMS04_sl96_pl48_sd2026.log
phase2_self_band_gain_global,PEMS04,96,48,2027,ok,0.5306246876716614,0.5229303240776062,0,28307493,logs/AsySpecX_phase2/phase2_self_band_gain_global_PEMS04_sl96_pl48_sd2027.log
phase2_self_band_gain_global,PEMS04,96,96,2026,ok,1.0587151050567627,0.7910268306732178,0,28307490,logs/AsySpecX_phase2/phase2_self_band_gain_global_PEMS04_sl96_pl96_sd2026.log
phase2_self_band_gain_global,PEMS04,96,96,2027,ok,1.0591977834701538,0.7916366457939148,0,28307494,logs/AsySpecX_phase2/phase2_self_band_gain_global_PEMS04_sl96_pl96_sd2027.log
phase2_self_band_gain_global,PEMS08,96,12,2026,ok,0.11908768862485886,0.23035377264022827,0,28307495,logs/AsySpecX_phase2/phase2_self_band_gain_global_PEMS08_sl96_pl12_sd2026.log
phase2_self_band_gain_global,PEMS08,96,12,2027,ok,0.11891809850931168,0.22970272600650787,0,28307499,logs/AsySpecX_phase2/phase2_self_band_gain_global_PEMS08_sl96_pl12_sd2027.log
phase2_self_band_gain_global,PEMS08,96,24,2026,ok,0.2281614989042282,0.32635632157325745,0,28307496,logs/AsySpecX_phase2/phase2_self_band_gain_global_PEMS08_sl96_pl24_sd2026.log
phase2_self_band_gain_global,PEMS08,96,24,2027,ok,0.22791312634944916,0.32544293999671936,0,28307500,logs/AsySpecX_phase2/phase2_self_band_gain_global_PEMS08_sl96_pl24_sd2027.log
phase2_self_band_gain_global,PEMS08,96,48,2026,ok,0.5370308756828308,0.5282727479934692,0,28307497,logs/AsySpecX_phase2/phase2_self_band_gain_global_PEMS08_sl96_pl48_sd2026.log
phase2_self_band_gain_global,PEMS08,96,48,2027,ok,0.5373421311378479,0.5297893285751343,0,28307501,logs/AsySpecX_phase2/phase2_self_band_gain_global_PEMS08_sl96_pl48_sd2027.log
phase2_self_band_gain_global,PEMS08,96,96,2026,ok,1.1521894931793213,0.808501124382019,0,28307498,logs/AsySpecX_phase2/phase2_self_band_gain_global_PEMS08_sl96_pl96_sd2026.log
phase2_self_band_gain_global,PEMS08,96,96,2027,ok,1.1525319814682007,0.8087858557701111,0,28307502,logs/AsySpecX_phase2/phase2_self_band_gain_global_PEMS08_sl96_pl96_sd2027.log
phase2_self_band_gain_global,electricity,720,192,2026,ok,0.15629170835018158,0.25592416524887085,0,28307460,logs/AsySpecX_phase2/phase2_self_band_gain_global_electricity_sl720_pl192_sd2026.log
phase2_self_band_gain_global,electricity,720,192,2027,ok,0.15618102252483368,0.2557412385940552,0,28307468,logs/AsySpecX_phase2/phase2_self_band_gain_global_electricity_sl720_pl192_sd2027.log
phase2_self_band_gain_global,electricity,720,336,2026,ok,0.17187155783176422,0.27121663093566895,0,28307461,logs/AsySpecX_phase2/phase2_self_band_gain_global_electricity_sl720_pl336_sd2026.log
phase2_self_band_gain_global,electricity,720,336,2027,ok,0.17179104685783386,0.2711288034915924,0,28307469,logs/AsySpecX_phase2/phase2_self_band_gain_global_electricity_sl720_pl336_sd2027.log
phase2_self_band_gain_global,electricity,720,720,2026,ok,0.2102050483226776,0.30255407094955444,0,28307462,logs/AsySpecX_phase2/phase2_self_band_gain_global_electricity_sl720_pl720_sd2026.log
phase2_self_band_gain_global,electricity,720,720,2027,ok,0.21021601557731628,0.3026371896266937,0,28307470,logs/AsySpecX_phase2/phase2_self_band_gain_global_electricity_sl720_pl720_sd2027.log
phase2_self_band_gain_global,electricity,720,96,2026,ok,0.14172805845737457,0.2434241622686386,0,28307459,logs/AsySpecX_phase2/phase2_self_band_gain_global_electricity_sl720_pl96_sd2026.log
phase2_self_band_gain_global,electricity,720,96,2027,ok,0.1417270004749298,0.24343623220920563,0,28307467,logs/AsySpecX_phase2/phase2_self_band_gain_global_electricity_sl720_pl96_sd2027.log
phase2_self_band_gain_global,electricity,96,192,2026,ok,0.20497146248817444,0.28878989815711975,0,28307456,logs/AsySpecX_phase2/phase2_self_band_gain_global_electricity_sl96_pl192_sd2026.log
phase2_self_band_gain_global,electricity,96,192,2027,ok,0.20528198778629303,0.2893643379211426,0,28307464,logs/AsySpecX_phase2/phase2_self_band_gain_global_electricity_sl96_pl192_sd2027.log
phase2_self_band_gain_global,electricity,96,336,2026,ok,0.21925723552703857,0.30312517285346985,0,28307457,logs/AsySpecX_phase2/phase2_self_band_gain_global_electricity_sl96_pl336_sd2026.log
phase2_self_band_gain_global,electricity,96,336,2027,ok,0.21946930885314941,0.3036104440689087,0,28307465,logs/AsySpecX_phase2/phase2_self_band_gain_global_electricity_sl96_pl336_sd2027.log
phase2_self_band_gain_global,electricity,96,720,2026,ok,0.26020798087120056,0.33440810441970825,0,28307458,logs/AsySpecX_phase2/phase2_self_band_gain_global_electricity_sl96_pl720_sd2026.log
phase2_self_band_gain_global,electricity,96,720,2027,ok,0.25999191403388977,0.33404359221458435,0,28307466,logs/AsySpecX_phase2/phase2_self_band_gain_global_electricity_sl96_pl720_sd2027.log
phase2_self_band_gain_global,electricity,96,96,2026,ok,0.2066275030374527,0.28850463032722473,0,28307455,logs/AsySpecX_phase2/phase2_self_band_gain_global_electricity_sl96_pl96_sd2026.log
phase2_self_band_gain_global,electricity,96,96,2027,ok,0.2059859037399292,0.2874307334423065,0,28307463,logs/AsySpecX_phase2/phase2_self_band_gain_global_electricity_sl96_pl96_sd2027.log
phase2_self_band_gain_global,traffic,720,192,2026,ok,0.40466463565826416,0.283445805311203,0,28307476,logs/AsySpecX_phase2/phase2_self_band_gain_global_traffic_sl720_pl192_sd2026.log
phase2_self_band_gain_global,traffic,720,192,2027,ok,0.4042041003704071,0.2825261950492859,0,28307484,logs/AsySpecX_phase2/phase2_self_band_gain_global_traffic_sl720_pl192_sd2027.log
phase2_self_band_gain_global,traffic,720,336,2026,ok,0.41708052158355713,0.28798192739486694,0,28307477,logs/AsySpecX_phase2/phase2_self_band_gain_global_traffic_sl720_pl336_sd2026.log
phase2_self_band_gain_global,traffic,720,336,2027,ok,0.41702213883399963,0.2879360318183899,0,28307485,logs/AsySpecX_phase2/phase2_self_band_gain_global_traffic_sl720_pl336_sd2027.log
phase2_self_band_gain_global,traffic,720,720,2026,ok,0.4548223912715912,0.3082810044288635,0,28307478,logs/AsySpecX_phase2/phase2_self_band_gain_global_traffic_sl720_pl720_sd2026.log
phase2_self_band_gain_global,traffic,720,720,2027,ok,0.4545477330684662,0.3081987500190735,0,28307486,logs/AsySpecX_phase2/phase2_self_band_gain_global_traffic_sl720_pl720_sd2027.log
phase2_self_band_gain_global,traffic,720,96,2026,ok,0.3933676779270172,0.279046893119812,0,28307475,logs/AsySpecX_phase2/phase2_self_band_gain_global_traffic_sl720_pl96_sd2026.log
phase2_self_band_gain_global,traffic,720,96,2027,ok,0.39337101578712463,0.2789698541164398,0,28307483,logs/AsySpecX_phase2/phase2_self_band_gain_global_traffic_sl720_pl96_sd2027.log
phase2_self_band_gain_global,traffic,96,192,2026,ok,0.6075066328048706,0.3746086359024048,0,28307472,logs/AsySpecX_phase2/phase2_self_band_gain_global_traffic_sl96_pl192_sd2026.log
phase2_self_band_gain_global,traffic,96,192,2027,ok,0.6083967089653015,0.373469740152359,0,28307480,logs/AsySpecX_phase2/phase2_self_band_gain_global_traffic_sl96_pl192_sd2027.log
phase2_self_band_gain_global,traffic,96,336,2026,ok,0.6153926253318787,0.3793836534023285,0,28307473,logs/AsySpecX_phase2/phase2_self_band_gain_global_traffic_sl96_pl336_sd2026.log
phase2_self_band_gain_global,traffic,96,336,2027,ok,0.6181122660636902,0.3871028423309326,0,28307481,logs/AsySpecX_phase2/phase2_self_band_gain_global_traffic_sl96_pl336_sd2027.log
phase2_self_band_gain_global,traffic,96,720,2026,ok,0.6558043956756592,0.404837042093277,0,28307474,logs/AsySpecX_phase2/phase2_self_band_gain_global_traffic_sl96_pl720_sd2026.log
phase2_self_band_gain_global,traffic,96,720,2027,ok,0.65215003490448,0.39646920561790466,0,28307482,logs/AsySpecX_phase2/phase2_self_band_gain_global_traffic_sl96_pl720_sd2027.log
phase2_self_band_gain_global,traffic,96,96,2026,ok,0.6592466831207275,0.40024107694625854,0,28307471,logs/AsySpecX_phase2/phase2_self_band_gain_global_traffic_sl96_pl96_sd2026.log
phase2_self_band_gain_global,traffic,96,96,2027,ok,0.6581799387931824,0.3978211581707001,0,28307479,logs/AsySpecX_phase2/phase2_self_band_gain_global_traffic_sl96_pl96_sd2027.log
phase2_self_band_gain_global,weather,720,192,2026,ok,0.2097533643245697,0.259054958820343,0,28307444,logs/AsySpecX_phase2/phase2_self_band_gain_global_weather_sl720_pl192_sd2026.log
phase2_self_band_gain_global,weather,720,192,2027,ok,0.20935232937335968,0.2588287591934204,0,28307452,logs/AsySpecX_phase2/phase2_self_band_gain_global_weather_sl720_pl192_sd2027.log
phase2_self_band_gain_global,weather,720,336,2026,ok,0.25570589303970337,0.2935405671596527,0,28307445,logs/AsySpecX_phase2/phase2_self_band_gain_global_weather_sl720_pl336_sd2026.log
phase2_self_band_gain_global,weather,720,336,2027,ok,0.25599992275238037,0.29384350776672363,0,28307453,logs/AsySpecX_phase2/phase2_self_band_gain_global_weather_sl720_pl336_sd2027.log
phase2_self_band_gain_global,weather,720,720,2026,ok,0.3195315897464752,0.33875328302383423,0,28307446,logs/AsySpecX_phase2/phase2_self_band_gain_global_weather_sl720_pl720_sd2026.log
phase2_self_band_gain_global,weather,720,720,2027,ok,0.31964847445487976,0.3388630449771881,0,28307454,logs/AsySpecX_phase2/phase2_self_band_gain_global_weather_sl720_pl720_sd2027.log
phase2_self_band_gain_global,weather,720,96,2026,ok,0.16620585322380066,0.22308658063411713,0,28307443,logs/AsySpecX_phase2/phase2_self_band_gain_global_weather_sl720_pl96_sd2026.log
phase2_self_band_gain_global,weather,720,96,2027,ok,0.1657617837190628,0.22248101234436035,0,28307451,logs/AsySpecX_phase2/phase2_self_band_gain_global_weather_sl720_pl96_sd2027.log
phase2_self_band_gain_global,weather,96,192,2026,ok,0.24929149448871613,0.28555935621261597,0,28307440,logs/AsySpecX_phase2/phase2_self_band_gain_global_weather_sl96_pl192_sd2026.log
phase2_self_band_gain_global,weather,96,192,2027,ok,0.2493550032377243,0.28598228096961975,0,28307448,logs/AsySpecX_phase2/phase2_self_band_gain_global_weather_sl96_pl192_sd2027.log
phase2_self_band_gain_global,weather,96,336,2026,ok,0.30091679096221924,0.3185926079750061,0,28307441,logs/AsySpecX_phase2/phase2_self_band_gain_global_weather_sl96_pl336_sd2026.log
phase2_self_band_gain_global,weather,96,336,2027,ok,0.3001716732978821,0.31858426332473755,0,28307449,logs/AsySpecX_phase2/phase2_self_band_gain_global_weather_sl96_pl336_sd2027.log
phase2_self_band_gain_global,weather,96,720,2026,ok,0.369706928730011,0.3617721199989319,0,28307442,logs/AsySpecX_phase2/phase2_self_band_gain_global_weather_sl96_pl720_sd2026.log
phase2_self_band_gain_global,weather,96,720,2027,ok,0.37019670009613037,0.36205294728279114,0,28307450,logs/AsySpecX_phase2/phase2_self_band_gain_global_weather_sl96_pl720_sd2027.log
phase2_self_band_gain_global,weather,96,96,2026,ok,0.2053564041852951,0.2522704601287842,0,28307439,logs/AsySpecX_phase2/phase2_self_band_gain_global_weather_sl96_pl96_sd2026.log
phase2_self_band_gain_global,weather,96,96,2027,ok,0.20814093947410583,0.2546025812625885,0,28307447,logs/AsySpecX_phase2/phase2_self_band_gain_global_weather_sl96_pl96_sd2027.log
